-- phpMyAdmin SQL Dump
-- version 5.1.0
-- https://www.phpmyadmin.net/
--
-- Host: localhost
-- Waktu pembuatan: 08 Sep 2021 pada 11.55
-- Versi server: 5.6.38
-- Versi PHP: 8.0.0

SET SQL_MODE = "NO_AUTO_VALUE_ON_ZERO";
START TRANSACTION;
SET time_zone = "+00:00";


/*!40101 SET @OLD_CHARACTER_SET_CLIENT=@@CHARACTER_SET_CLIENT */;
/*!40101 SET @OLD_CHARACTER_SET_RESULTS=@@CHARACTER_SET_RESULTS */;
/*!40101 SET @OLD_COLLATION_CONNECTION=@@COLLATION_CONNECTION */;
/*!40101 SET NAMES utf8mb4 */;

--
-- Database: `coffe_store`
--

-- --------------------------------------------------------

--
-- Struktur dari tabel `bank`
--

CREATE TABLE `bank` (
  `code` int(3) UNSIGNED ZEROFILL NOT NULL,
  `name` varchar(128) NOT NULL
) ENGINE=InnoDB DEFAULT CHARSET=latin1;

--
-- Dumping data untuk tabel `bank`
--

INSERT INTO `bank` (`code`, `name`) VALUES
(002, 'BANK BRI'),
(003, 'BANK EKSPOR INDONESIA'),
(008, 'BANK MANDIRI'),
(009, 'BANK BNI'),
(011, 'BANK DANAMON'),
(013, 'PERMATA BANK'),
(014, 'BANK BCA'),
(016, 'BANK BII'),
(019, 'BANK PANIN'),
(020, 'BANK ARTA NIAGA KENCANA'),
(022, 'BANK NIAGA'),
(023, 'BANK BUANA IND'),
(026, 'BANK LIPPO'),
(028, 'BANK NISP'),
(030, 'AMERICAN EXPRESS BANK LTD'),
(031, 'CITIBANK N.A.'),
(032, 'JP. MORGAN CHASE BANK, N.A.'),
(033, 'BANK OF AMERICA, N.A'),
(034, 'ING INDONESIA BANK'),
(036, 'BANK MULTICOR TBK.'),
(037, 'BANK ARTHA GRAHA'),
(039, 'BANK CREDIT AGRICOLE INDOSUEZ'),
(040, 'THE BANGKOK BANK COMP. LTD'),
(041, 'THE HONGKONG & SHANGHAI B.C.'),
(042, 'THE BANK OF TOKYO MITSUBISHI UFJ LTD'),
(045, 'BANK SUMITOMO MITSUI INDONESIA'),
(046, 'BANK DBS INDONESIA'),
(047, 'BANK RESONA PERDANIA'),
(048, 'BANK MIZUHO INDONESIA'),
(050, 'STANDARD CHARTERED BANK'),
(052, 'BANK ABN AMRO'),
(053, 'BANK KEPPEL TATLEE BUANA'),
(054, 'BANK CAPITAL INDONESIA, TBK.'),
(057, 'BANK BNP PARIBAS INDONESIA'),
(058, 'BANK UOB INDONESIA'),
(059, 'KOREA EXCHANGE BANK DANAMON'),
(060, 'RABOBANK INTERNASIONAL INDONESIA'),
(061, 'ANZ PANIN BANK'),
(067, 'DEUTSCHE BANK AG.'),
(068, 'BANK WOORI INDONESIA'),
(069, 'BANK OF CHINA LIMITED'),
(076, 'BANK BUMI ARTA'),
(087, 'BANK EKONOMI'),
(088, 'BANK ANTARDAERAH'),
(089, 'BANK HAGA'),
(093, 'BANK IFI'),
(095, 'BANK CENTURY, TBK.'),
(097, 'BANK MAYAPADA'),
(110, 'BANK JABAR'),
(111, 'BANK DKI'),
(112, 'BPD DIY'),
(113, 'BANK JATENG'),
(114, 'BANK JATIM'),
(115, 'BPD JAMBI'),
(116, 'BPD ACEH'),
(117, 'BANK SUMUT'),
(118, 'BANK NAGARI'),
(119, 'BANK RIAU'),
(120, 'BANK SUMSEL'),
(121, 'BANK LAMPUNG'),
(122, 'BPD KALSEL'),
(123, 'BPD KALIMANTAN BARAT'),
(124, 'BPD KALTIM'),
(125, 'BPD KALTENG'),
(126, 'BPD SULSEL'),
(127, 'BANK SULUT'),
(128, 'BPD NTB'),
(129, 'BPD BALI'),
(130, 'BANK NTT'),
(131, 'BANK MALUKU'),
(132, 'BPD PAPUA'),
(133, 'BANK BENGKULU'),
(134, 'BPD SULAWESI TENGAH'),
(135, 'BANK SULTRA'),
(145, 'BANK NUSANTARA PARAHYANGAN'),
(146, 'BANK SWADESI'),
(147, 'BANK MUAMALAT'),
(151, 'BANK MESTIKA'),
(152, 'BANK METRO EXPRESS'),
(153, 'BANK SHINTA INDONESIA'),
(157, 'BANK MASPION'),
(159, 'BANK HAGAKITA'),
(161, 'BANK GANESHA'),
(162, 'BANK WINDU KENTJANA'),
(164, 'HALIM INDONESIA BANK'),
(166, 'BANK HARMONI INTERNATIONAL'),
(167, 'BANK KESAWAN'),
(200, 'BANK TABUNGAN NEGARA (PERSERO)'),
(212, 'BANK HIMPUNAN SAUDARA 1906, TBK .'),
(213, 'BANK TABUNGAN PENSIUNAN NASIONAL'),
(405, 'BANK SWAGUNA'),
(422, 'BANK JASA ARTA'),
(426, 'BANK MEGA'),
(427, 'BANK JASA JAKARTA'),
(441, 'BANK BUKOPIN'),
(451, 'BANK SYARIAH MANDIRI'),
(459, 'BANK BISNIS INTERNASIONAL'),
(466, 'BANK SRI PARTHA'),
(472, 'BANK JASA JAKARTA'),
(484, 'BANK BINTANG MANUNGGAL'),
(485, 'BANK BUMIPUTERA'),
(490, 'BANK YUDHA BHAKTI'),
(491, 'BANK MITRANIAGA'),
(494, 'BANK AGRO NIAGA'),
(498, 'BANK INDOMONEX'),
(501, 'BANK ROYAL INDONESIA'),
(503, 'BANK ALFINDO'),
(506, 'BANK SYARIAH MEGA'),
(513, 'BANK INA PERDANA'),
(517, 'BANK HARFA'),
(520, 'PRIMA MASTER BANK'),
(521, 'BANK PERSYARIKATAN INDONESIA'),
(523, 'BANK DIPO INTERNATIONAL'),
(525, 'BANK AKITA'),
(526, 'LIMAN INTERNATIONAL BANK'),
(531, 'ANGLOMAS INTERNASIONAL BANK'),
(535, 'BANK KESEJAHTERAAN EKONOMI'),
(536, 'BANK UIB'),
(542, 'BANK ARTOS IND'),
(547, 'BANK PURBA DANARTA'),
(548, 'BANK MULTI ARTA SENTOSA'),
(553, 'BANK MAYORA'),
(555, 'BANK INDEX SELINDO'),
(558, 'BANK EKSEKUTIF'),
(559, 'CENTRATAMA NASIONAL BANK'),
(562, 'BANK FAMA INTERNASIONAL'),
(564, 'BANK SINAR HARAPAN BALI'),
(566, 'BANK VICTORIA INTERNATIONAL'),
(567, 'BANK HARDA'),
(945, 'BANK FINCONESIA'),
(946, 'BANK MERINCORP'),
(947, 'BANK MAYBANK INDOCORP'),
(948, 'BANK OCBC – INDONESIA'),
(949, 'BANK CHINA TRUST INDONESIA'),
(950, 'BANK COMMONWEALTH');

-- --------------------------------------------------------

--
-- Struktur dari tabel `booking_tempat`
--

CREATE TABLE `booking_tempat` (
  `id_booking` int(11) NOT NULL,
  `no_meja` int(11) NOT NULL,
  `prk_datang` datetime DEFAULT NULL,
  `id_pesanan` varchar(100) DEFAULT NULL
) ENGINE=MyISAM DEFAULT CHARSET=utf8;

--
-- Dumping data untuk tabel `booking_tempat`
--

INSERT INTO `booking_tempat` (`id_booking`, `no_meja`, `prk_datang`, `id_pesanan`) VALUES
(6, 3, '2021-07-15 00:34:56', '971626280496'),
(2, 2, '2021-07-14 12:29:02', '951626276602'),
(4, 1, '2021-07-14 06:40:19', '951626277219'),
(10, 2, '2021-07-16 09:00:48', '951626312108'),
(8, 1, '2021-07-15 01:50:22', '521626310222'),
(9, 2, '2021-07-15 12:00:13', '521626310873'),
(12, 2, '2021-07-20 12:00:16', '521626749356'),
(13, 1, '2021-07-20 09:51:26', '971626749486'),
(23, 2, '2021-07-23 00:00:26', '521627046846'),
(16, 1, '2021-07-21 12:01:54', '521626793314'),
(17, 2, '2021-07-21 15:00:24', '521626840624'),
(18, 2, '2021-07-21 04:15:28', '521626840928'),
(19, 1, '2021-07-21 12:00:10', '521626841390'),
(24, 3, '2021-07-24 19:40:12', '521627047612'),
(26, 1, '2021-07-23 12:50:32', '521627048232'),
(27, 2, '2021-07-23 12:09:00', '521627049400'),
(28, 2, '2021-07-23 21:11:45', '521627049505'),
(29, 1, '2021-07-28 12:00:00', '521627436700'),
(30, 2, '2021-07-28 00:00:20', '521627484180'),
(31, 2, '2021-07-28 22:51:31', '521627487491'),
(32, 2, '2021-07-30 01:37:02', '521627580282'),
(33, 2, '2021-07-30 09:52:58', '521627613578'),
(34, 1, '2021-07-30 09:53:53', '521627613633');

-- --------------------------------------------------------

--
-- Struktur dari tabel `bukti_pembayaran`
--

CREATE TABLE `bukti_pembayaran` (
  `id_bukti_pembayaran` int(11) NOT NULL,
  `id_pesanan` varchar(100) NOT NULL,
  `id_user` int(11) NOT NULL,
  `nama_bank` varchar(100) NOT NULL,
  `norek` varchar(128) NOT NULL,
  `atas_nama` varchar(128) NOT NULL,
  `rekening_toko` text NOT NULL,
  `gambar` varchar(128) NOT NULL,
  `tgl_buat_bukti_pembayaran` datetime DEFAULT NULL
) ENGINE=InnoDB DEFAULT CHARSET=latin1;

--
-- Dumping data untuk tabel `bukti_pembayaran`
--

INSERT INTO `bukti_pembayaran` (`id_bukti_pembayaran`, `id_pesanan`, `id_user`, `nama_bank`, `norek`, `atas_nama`, `rekening_toko`, `gambar`, `tgl_buat_bukti_pembayaran`) VALUES
(2, '521626187326', 52, 'BANK NISP', '11223344556677', 'abror', '{\"atas_nama\":\"Idris\",\"norek\":\"12345678\",\"bank\":\"Mandiri\"}', 'bukti_pembayaran_1626187358.png', '2021-07-13 21:42:38'),
(3, '521626190713', 52, 'ANZ PANIN BANK', '11223344556677', 'abror', '{\"atas_nama\":\"Idris\",\"norek\":\"12345678\",\"bank\":\"Mandiri\"}', 'bukti_pembayaran_1626190752.png', '2021-07-13 22:39:12'),
(4, '951626271375', 95, 'BANK BCA', '543634', 'abror', '{\"atas_nama\":\"Idris\",\"norek\":\"12345678\",\"bank\":\"Mandiri\"}', 'bukti_pembayaran_1626271403.jpeg', '2021-07-14 21:03:23'),
(5, '951626276602', 95, 'BANK BNI', '11223344556677', 'abror', '{\"atas_nama\":\"Idris\",\"norek\":\"12345678\",\"bank\":\"Mandiri\"}', 'bukti_pembayaran_1626276642.jpg', '2021-07-14 22:30:42'),
(6, '951626277159', 95, 'PERMATA BANK', '543634', 'abror', '{\"atas_nama\":\"Idris\",\"norek\":\"12345678\",\"bank\":\"Mandiri\"}', 'bukti_pembayaran_1626277184.jpg', '2021-07-14 22:39:44'),
(7, '951626277219', 95, 'BANK MANDIRI', '11223344556677', 'abror', '{\"atas_nama\":\"Idris\",\"norek\":\"12345678\",\"bank\":\"Mandiri\"}', 'bukti_pembayaran_1626277344.jpg', '2021-07-14 22:42:24'),
(8, '971626279465', 97, 'BANK BCA', '11223344556677', 'abror', '{\"atas_nama\":\"Idris\",\"norek\":\"12345678\",\"bank\":\"Mandiri\"}', 'bukti_pembayaran_1626279564.jpg', '2021-07-14 23:19:24'),
(9, '971626280496', 97, 'BANK DANAMON', '543634', 'abror', '{\"atas_nama\":\"Idris\",\"norek\":\"12345678\",\"bank\":\"Mandiri\"}', 'bukti_pembayaran_1626280695.jpg', '2021-07-14 23:38:15'),
(10, '521626284889', 52, 'BANK BNI', '12345678', 'Adama', '{\"atas_nama\":\"Idris\",\"norek\":\"12345678\",\"bank\":\"Mandiri\"}', 'bukti_pembayaran_1626284923.jpeg', '2021-07-15 00:48:43'),
(11, '521626310222', 52, 'BANK BNI', '12345678', 'Adam', '{\"atas_nama\":\"Idris\",\"norek\":\"12345678\",\"bank\":\"Mandiri\"}', 'bukti_pembayaran_1626311021.jpg', '2021-07-15 08:03:41'),
(12, '521626310873', 52, 'BANK MANDIRI', '41542345275', 'Adama', '{\"atas_nama\":\"Aldo Bareto\",\"norek\":\"07832452436\",\"bank\":\"BRI\"}', 'bukti_pembayaran_1626311041.jpg', '2021-07-15 08:04:01'),
(13, '951626312108', 95, 'BANK BNI', '11223344556677', 'abror', '{\"atas_nama\":\"Idris\",\"norek\":\"12345678\",\"bank\":\"Mandiri\"}', 'bukti_pembayaran_1626312201.jpg', '2021-07-15 08:23:21'),
(14, '521626795966', 52, 'BANK BCA', '406534984546', 'abror', '{\"atas_nama\":\"Aldo Bareto\",\"norek\":\"07832452436\",\"bank\":\"BRI\"}', 'bukti_pembayaran_1626834699.jpeg', '2021-07-21 09:31:39'),
(15, '521626835437', 52, 'BANK BNI', '78566757', 'bgvf', '{\"atas_nama\":\"Idris\",\"norek\":\"12345678\",\"bank\":\"Mandiri\"}', 'bukti_pembayaran_1626835470.jpg', '2021-07-21 09:44:30'),
(16, '521626840624', 52, 'BANK DANAMON', '12345678', 'Adama', '{\"atas_nama\":\"Idris\",\"norek\":\"12345678\",\"bank\":\"Mandiri\"}', '', '2021-07-21 11:11:36'),
(17, '521627046846', 52, 'BANK NIAGA', '0834323', 'abror', '{\"atas_nama\":\"Idris\",\"norek\":\"12345678\",\"bank\":\"Mandiri\"}', 'bukti_pembayaran_1627046870.jpeg', '2021-07-23 20:27:50'),
(18, '521627047612', 52, 'BANK DANAMON', '0834323', 'abror', '{\"atas_nama\":\"Idris\",\"norek\":\"12345678\",\"bank\":\"Mandiri\"}', '', '2021-07-23 20:40:38'),
(19, '521627048232', 52, 'BANK DANAMON', '11223344556677', 'abror', '{\"atas_nama\":\"Idris\",\"norek\":\"12345678\",\"bank\":\"Mandiri\"}', 'bukti_pembayaran_1627048256.jpeg', '2021-07-23 20:50:56'),
(20, '521627049400', 52, 'BANK BCA', '11223344556677', 'abror', '{\"atas_nama\":\"Idris\",\"norek\":\"12345678\",\"bank\":\"Mandiri\"}', 'bukti_pembayaran_1627049434.jpeg', '2021-07-23 21:10:34'),
(21, '521627049505', 52, 'BANK MANDIRI', '11223344556677', 'abror', '{\"atas_nama\":\"Adam\",\"norek\":\"63667746666454\",\"bank\":\"BCA\"}', 'bukti_pembayaran_1627049523.jpeg', '2021-07-23 21:12:03'),
(22, '521627049929', 52, 'BANK DANAMON', '11223344556677', 'abror', '{\"atas_nama\":\"Idris\",\"norek\":\"12345678\",\"bank\":\"Mandiri\"}', 'bukti_pembayaran_1627049947.jpeg', '2021-07-23 21:19:07'),
(23, '521627436522', 52, 'BANK NIAGA', '0834323', 'abror', '{\"atas_nama\":\"Idris\",\"norek\":\"12345678\",\"bank\":\"Mandiri\"}', 'bukti_pembayaran_1627436655.jpg', '2021-07-28 08:44:15'),
(24, '521627436700', 52, 'PERMATA BANK', '11223344556677', 'abror', '{\"atas_nama\":\"Idris\",\"norek\":\"12345678\",\"bank\":\"Mandiri\"}', 'bukti_pembayaran_1627436744.png', '2021-07-28 08:45:44'),
(25, '521627484180', 52, 'BANK BNI', '67567', 'few', '{\"atas_nama\":\"Adam\",\"norek\":\"63667746666454\",\"bank\":\"BCA\"}', 'pay_1627484276.png', '2021-07-28 21:57:56'),
(26, '521627487491', 52, 'PERMATA BANK', '6565', 'dfg', '{\"atas_nama\":\"Idris\",\"norek\":\"12345678\",\"bank\":\"Mandiri\"}', 'pay_1627487515.png', '2021-07-28 22:51:55'),
(27, '521627488595', 52, 'BANK DANAMON', '543454', 'hgff', '{\"atas_nama\":\"Idris\",\"norek\":\"12345678\",\"bank\":\"Mandiri\"}', 'pay_1627488634.png', '2021-07-28 23:10:34'),
(28, '521627488478', 52, 'BANK MANDIRI', '5456454', 'fgdf', '{\"atas_nama\":\"Idris\",\"norek\":\"12345678\",\"bank\":\"Mandiri\"}', 'pay_1627529435.png', '2021-07-29 10:30:35'),
(29, '521627529515', 52, 'BANK NIAGA', '75565', 'tyyer', '{\"atas_nama\":\"Idris\",\"norek\":\"12345678\",\"bank\":\"Mandiri\"}', 'pay_1627529554.png', '2021-07-29 10:32:34'),
(30, '521627580192', 52, 'BANK BNI', '7566756', 'fgfdgh', '{\"atas_nama\":\"Idris\",\"norek\":\"12345678\",\"bank\":\"Mandiri\"}', 'pay_1627580237.png', '2021-07-30 00:37:17'),
(31, '521627580282', 52, 'BANK DANAMON', '675657', 'gfhgfggh', '{\"atas_nama\":\"Idris\",\"norek\":\"12345678\",\"bank\":\"Mandiri\"}', 'pay_1627580318.png', '2021-07-30 00:38:38'),
(32, '521627581261', 52, 'BANK DANAMON', '5667566756', 'fgdgh', '{\"atas_nama\":\"Idris\",\"norek\":\"12345678\",\"bank\":\"Mandiri\"}', 'pay_1627581281.png', '2021-07-30 00:54:41'),
(33, '521627613578', 52, 'BANK DANAMON', '56675', 'gfhfgh', '{\"atas_nama\":\"Idris\",\"norek\":\"12345678\",\"bank\":\"Mandiri\"}', 'pay_1627613597.png', '2021-07-30 09:53:17'),
(34, '521627613633', 52, 'BANK DANAMON', '656456', 'fgghrt', '{\"atas_nama\":\"Idris\",\"norek\":\"12345678\",\"bank\":\"Mandiri\"}', 'pay_1627613689.png', '2021-07-30 09:54:49'),
(35, '521627613745', 52, 'BANK BNI', '566756', 'gfght', '{\"atas_nama\":\"Idris\",\"norek\":\"12345678\",\"bank\":\"Mandiri\"}', 'pay_1627613847.png', '2021-07-30 09:57:27');

-- --------------------------------------------------------

--
-- Struktur dari tabel `item_pesanan`
--

CREATE TABLE `item_pesanan` (
  `id_item_pesanan` int(11) NOT NULL,
  `id_pesanan` bigint(20) NOT NULL,
  `id_produk` int(11) NOT NULL,
  `harga_sementara` bigint(20) NOT NULL,
  `kuantitas` int(11) NOT NULL,
  `catatan` text NOT NULL,
  `ulasan` int(2) NOT NULL
) ENGINE=MyISAM DEFAULT CHARSET=utf8;

--
-- Dumping data untuk tabel `item_pesanan`
--

INSERT INTO `item_pesanan` (`id_item_pesanan`, `id_pesanan`, `id_produk`, `harga_sementara`, `kuantitas`, `catatan`, `ulasan`) VALUES
(1, 951626271375, 21, 15000, 1, 'yang enak y', 1),
(2, 951626276602, 6, 40000, 2, '', 1),
(3, 951626276602, 4, 20000, 1, '', 1),
(4, 951626277159, 21, 15000, 1, '', -1),
(5, 951626277219, 8, 30000, 1, '', 1),
(6, 361626277953, 3, 23000, 1, '', 0),
(7, 971626279465, 1, 25500, 1, '', 0),
(8, 971626280496, 1, 25500, 1, '', 0),
(9, 521626284889, 21, 15000, 1, '', 1),
(10, 521626310222, 21, 15000, 1, '', 1),
(11, 521626310222, 4, 20000, 1, '', 1),
(12, 521626310222, 1, 25500, 1, '', 1),
(13, 521626310222, 9, 28500, 1, '', 1),
(14, 521626310222, 2, 24300, 1, '', 1),
(15, 521626310873, 21, 15000, 1, '', 1),
(16, 951626312108, 4, 20000, 1, '', -1),
(17, 951626312108, 9, 28500, 1, '', -1),
(18, 951626312108, 1, 25500, 1, '', -1),
(19, 981626605297, 21, 30000, 2, 'takarannya yang pas y', 0),
(20, 981626605297, 4, 20000, 1, 'yang enak y', 0),
(21, 521626749356, 21, 15000, 1, 'harus bikin pake cara tradisional', 0),
(22, 521626749356, 14, 17100, 1, 'tarik yang lama', 0),
(23, 971626749486, 1, 25500, 1, '', 0),
(24, 971626749486, 21, 15000, 1, '', 0),
(25, 971626749576, 21, 15000, 1, '', 0),
(35, 521626795966, 9, 28500, 1, '', 0),
(34, 521626795966, 10, 24000, 1, '', 0),
(33, 521626795966, 6, 20000, 1, '', 0),
(46, 361627006600, 3, 23000, 1, '', 0),
(36, 521626795966, 12, 9000, 1, '', 0),
(37, 521626795966, 19, 12000, 1, '', 0),
(38, 521626835437, 4, 20000, 1, '', -1),
(39, 521626835437, 2, 48600, 2, '', -1),
(40, 521626840624, 4, 20000, 1, '', 0),
(48, 21627009011, 2, 24300, 1, '', 0),
(47, 361627006600, 19, 12000, 1, '', 0),
(49, 21627009011, 3, 23000, 1, '', 0),
(50, 21627009011, 4, 20000, 1, '', 0),
(51, 521627011903, 2, 24300, 1, '', -1),
(52, 521627011903, 15, 19000, 1, '', -1),
(53, 521627035237, 2, 24300, 1, '', 1),
(54, 521627035237, 7, 31500, 1, '', 1),
(55, 521627036490, 2, 24300, 1, '', -1),
(57, 521627046846, 1, 25500, 1, '', 1),
(58, 521627047612, 4, 20000, 1, '', 1),
(60, 521627048232, 2, 24300, 1, '', 1),
(61, 521627049400, 2, 24300, 1, '', 1),
(62, 521627049505, 21, 15000, 1, '', 0),
(64, 521627049929, 7, 31500, 1, '', 0),
(65, 521627052880, 2, 24300, 1, '', 1),
(66, 521627055024, 2, 24300, 1, '', 0),
(67, 521627055024, 3, 23000, 1, '', 0),
(68, 361627055624, 3, 23000, 1, '', 0),
(69, 521627062793, 2, 24300, 1, '', 0),
(70, 521627062873, 2, 24300, 1, '', 0),
(71, 21627062895, 2, 24300, 1, '', 0),
(72, 361627182855, 19, 12000, 1, '', 0),
(73, 361627182855, 4, 20000, 1, '', 0),
(75, 1021627406652, 2, 24300, 1, '', 0),
(76, 521627436091, 1, 25500, 1, '', 0),
(77, 521627436091, 2, 24300, 1, '', -1),
(78, 521627436138, 1, 25500, 1, '', -1),
(79, 521627436138, 2, 24300, 1, '', -1),
(80, 521627436522, 10, 24000, 1, '', -1),
(81, 521627436522, 21, 15000, 1, '', -1),
(82, 521627436700, 10, 24000, 1, '', -1),
(83, 361627436940, 3, 23000, 1, '', 0),
(84, 521627484180, 3, 23000, 1, '', -1),
(85, 521627484180, 6, 20000, 1, '', -1),
(86, 521627487491, 1, 25500, 1, '', 1),
(87, 521627488421, 21, 15000, 1, '', 1),
(88, 521627488478, 4, 20000, 1, '', -1),
(89, 521627488595, 4, 20000, 1, '', -1),
(90, 521627529515, 4, 20000, 1, '', -1),
(91, 361627577529, 3, 23000, 1, '', 0),
(92, 361627577984, 3, 23000, 1, '', 0),
(93, 361627578392, 3, 23000, 1, '', 0),
(94, 361627578420, 3, 23000, 1, '', 0),
(95, 361627578420, 19, 24000, 2, '', 0),
(96, 521627580192, 4, 20000, 1, '', 0),
(97, 521627580192, 21, 15000, 1, '', 0),
(98, 521627580282, 3, 23000, 1, '', 0),
(99, 521627581261, 1, 25500, 1, '', 0),
(100, 521627581261, 4, 20000, 1, '', 0),
(101, 361627581322, 19, 12000, 1, '', 0),
(102, 361627581345, 3, 23000, 1, '', 0),
(103, 361627581345, 19, 12000, 1, '', 0),
(104, 361627581796, 3, 23000, 1, '', 0),
(105, 361627581796, 19, 24000, 2, '', 0),
(106, 361627581796, 17, 40000, 2, '', 0),
(107, 521627581956, 1, 25500, 1, '', 0),
(108, 521627581956, 2, 24300, 1, '', 0),
(109, 521627581956, 3, 23000, 1, '', 0),
(110, 521627613578, 23, 100000, 1, '', 0),
(111, 521627613633, 4, 20000, 1, '', 0),
(112, 521627613745, 23, 100000, 1, '', 0),
(113, 361627690472, 3, 23000, 1, '', 0),
(114, 361627690472, 19, 36000, 3, '', 0),
(115, 361627690472, 17, 40000, 2, '', 0),
(116, 361628906603, 3, 23000, 1, '', 0),
(117, 361628907051, 3, 23000, 1, '', 0),
(118, 361628907272, 4, 0, 0, '', 0),
(119, 361628907272, 19, 0, 0, '', 0),
(120, 361630830185, 19, 12000, 1, '', 0),
(121, 361630830185, 17, 20000, 1, '', 0),
(122, 361630830377, 3, 23000, 1, '', 0),
(123, 361630830377, 4, 20000, 1, '', 0);

-- --------------------------------------------------------

--
-- Struktur dari tabel `kabupaten`
--

CREATE TABLE `kabupaten` (
  `id` int(11) NOT NULL,
  `provinsi_id` int(11) NOT NULL,
  `tipe` varchar(50) NOT NULL,
  `nama` varchar(225) NOT NULL
) ENGINE=MyISAM DEFAULT CHARSET=utf8;

--
-- Dumping data untuk tabel `kabupaten`
--

INSERT INTO `kabupaten` (`id`, `provinsi_id`, `tipe`, `nama`) VALUES
(1, 21, 'Kabupaten', 'Aceh Barat'),
(2, 21, 'Kabupaten', 'Aceh Barat Daya'),
(3, 21, 'Kabupaten', 'Aceh Besar'),
(4, 21, 'Kabupaten', 'Aceh Jaya'),
(5, 21, 'Kabupaten', 'Aceh Selatan'),
(6, 21, 'Kabupaten', 'Aceh Singkil'),
(7, 21, 'Kabupaten', 'Aceh Tamiang'),
(8, 21, 'Kabupaten', 'Aceh Tengah'),
(9, 21, 'Kabupaten', 'Aceh Tenggara'),
(10, 21, 'Kabupaten', 'Aceh Timur'),
(11, 21, 'Kabupaten', 'Aceh Utara'),
(12, 32, 'Kabupaten', 'Agam'),
(13, 23, 'Kabupaten', 'Alor'),
(14, 19, 'Kota', 'Ambon'),
(15, 34, 'Kabupaten', 'Asahan'),
(16, 24, 'Kabupaten', 'Asmat'),
(17, 1, 'Kabupaten', 'Badung'),
(18, 13, 'Kabupaten', 'Balangan'),
(19, 15, 'Kota', 'Balikpapan'),
(20, 21, 'Kota', 'Banda Aceh'),
(21, 18, 'Kota', 'Bandar Lampung'),
(22, 9, 'Kabupaten', 'Bandung'),
(23, 9, 'Kota', 'Bandung'),
(24, 9, 'Kabupaten', 'Bandung Barat'),
(25, 29, 'Kabupaten', 'Banggai'),
(26, 29, 'Kabupaten', 'Banggai Kepulauan'),
(27, 2, 'Kabupaten', 'Bangka'),
(28, 2, 'Kabupaten', 'Bangka Barat'),
(29, 2, 'Kabupaten', 'Bangka Selatan'),
(30, 2, 'Kabupaten', 'Bangka Tengah'),
(31, 11, 'Kabupaten', 'Bangkalan'),
(32, 1, 'Kabupaten', 'Bangli'),
(33, 13, 'Kabupaten', 'Banjar'),
(34, 9, 'Kota', 'Banjar'),
(35, 13, 'Kota', 'Banjarbaru'),
(36, 13, 'Kota', 'Banjarmasin'),
(37, 10, 'Kabupaten', 'Banjarnegara'),
(38, 28, 'Kabupaten', 'Bantaeng'),
(39, 5, 'Kabupaten', 'Bantul'),
(40, 33, 'Kabupaten', 'Banyuasin'),
(41, 10, 'Kabupaten', 'Banyumas'),
(42, 11, 'Kabupaten', 'Banyuwangi'),
(43, 13, 'Kabupaten', 'Barito Kuala'),
(44, 14, 'Kabupaten', 'Barito Selatan'),
(45, 14, 'Kabupaten', 'Barito Timur'),
(46, 14, 'Kabupaten', 'Barito Utara'),
(47, 28, 'Kabupaten', 'Barru'),
(48, 17, 'Kota', 'Batam'),
(49, 10, 'Kabupaten', 'Batang'),
(50, 8, 'Kabupaten', 'Batang Hari'),
(51, 11, 'Kota', 'Batu'),
(52, 34, 'Kabupaten', 'Batu Bara'),
(53, 30, 'Kota', 'Bau-Bau'),
(54, 9, 'Kabupaten', 'Bekasi'),
(55, 9, 'Kota', 'Bekasi'),
(56, 2, 'Kabupaten', 'Belitung'),
(57, 2, 'Kabupaten', 'Belitung Timur'),
(58, 23, 'Kabupaten', 'Belu'),
(59, 21, 'Kabupaten', 'Bener Meriah'),
(60, 26, 'Kabupaten', 'Bengkalis'),
(61, 12, 'Kabupaten', 'Bengkayang'),
(62, 4, 'Kota', 'Bengkulu'),
(63, 4, 'Kabupaten', 'Bengkulu Selatan'),
(64, 4, 'Kabupaten', 'Bengkulu Tengah'),
(65, 4, 'Kabupaten', 'Bengkulu Utara'),
(66, 15, 'Kabupaten', 'Berau'),
(67, 24, 'Kabupaten', 'Biak Numfor'),
(68, 22, 'Kabupaten', 'Bima'),
(69, 22, 'Kota', 'Bima'),
(70, 34, 'Kota', 'Binjai'),
(71, 17, 'Kabupaten', 'Bintan'),
(72, 21, 'Kabupaten', 'Bireuen'),
(73, 31, 'Kota', 'Bitung'),
(74, 11, 'Kabupaten', 'Blitar'),
(75, 11, 'Kota', 'Blitar'),
(76, 10, 'Kabupaten', 'Blora'),
(77, 7, 'Kabupaten', 'Boalemo'),
(78, 9, 'Kabupaten', 'Bogor'),
(79, 9, 'Kota', 'Bogor'),
(80, 11, 'Kabupaten', 'Bojonegoro'),
(81, 31, 'Kabupaten', 'Bolaang Mongondow (Bolmong)'),
(82, 31, 'Kabupaten', 'Bolaang Mongondow Selatan'),
(83, 31, 'Kabupaten', 'Bolaang Mongondow Timur'),
(84, 31, 'Kabupaten', 'Bolaang Mongondow Utara'),
(85, 30, 'Kabupaten', 'Bombana'),
(86, 11, 'Kabupaten', 'Bondowoso'),
(87, 28, 'Kabupaten', 'Bone'),
(88, 7, 'Kabupaten', 'Bone Bolango'),
(89, 15, 'Kota', 'Bontang'),
(90, 24, 'Kabupaten', 'Boven Digoel'),
(91, 10, 'Kabupaten', 'Boyolali'),
(92, 10, 'Kabupaten', 'Brebes'),
(93, 32, 'Kota', 'Bukittinggi'),
(94, 1, 'Kabupaten', 'Buleleng'),
(95, 28, 'Kabupaten', 'Bulukumba'),
(96, 16, 'Kabupaten', 'Bulungan (Bulongan)'),
(97, 8, 'Kabupaten', 'Bungo'),
(98, 29, 'Kabupaten', 'Buol'),
(99, 19, 'Kabupaten', 'Buru'),
(100, 19, 'Kabupaten', 'Buru Selatan'),
(101, 30, 'Kabupaten', 'Buton'),
(102, 30, 'Kabupaten', 'Buton Utara'),
(103, 9, 'Kabupaten', 'Ciamis'),
(104, 9, 'Kabupaten', 'Cianjur'),
(105, 10, 'Kabupaten', 'Cilacap'),
(106, 3, 'Kota', 'Cilegon'),
(107, 9, 'Kota', 'Cimahi'),
(108, 9, 'Kabupaten', 'Cirebon'),
(109, 9, 'Kota', 'Cirebon'),
(110, 34, 'Kabupaten', 'Dairi'),
(111, 24, 'Kabupaten', 'Deiyai (Deliyai)'),
(112, 34, 'Kabupaten', 'Deli Serdang'),
(113, 10, 'Kabupaten', 'Demak'),
(114, 1, 'Kota', 'Denpasar'),
(115, 9, 'Kota', 'Depok'),
(116, 32, 'Kabupaten', 'Dharmasraya'),
(117, 24, 'Kabupaten', 'Dogiyai'),
(118, 22, 'Kabupaten', 'Dompu'),
(119, 29, 'Kabupaten', 'Donggala'),
(120, 26, 'Kota', 'Dumai'),
(121, 33, 'Kabupaten', 'Empat Lawang'),
(122, 23, 'Kabupaten', 'Ende'),
(123, 28, 'Kabupaten', 'Enrekang'),
(124, 25, 'Kabupaten', 'Fakfak'),
(125, 23, 'Kabupaten', 'Flores Timur'),
(126, 9, 'Kabupaten', 'Garut'),
(127, 21, 'Kabupaten', 'Gayo Lues'),
(128, 1, 'Kabupaten', 'Gianyar'),
(129, 7, 'Kabupaten', 'Gorontalo'),
(130, 7, 'Kota', 'Gorontalo'),
(131, 7, 'Kabupaten', 'Gorontalo Utara'),
(132, 28, 'Kabupaten', 'Gowa'),
(133, 11, 'Kabupaten', 'Gresik'),
(134, 10, 'Kabupaten', 'Grobogan'),
(135, 5, 'Kabupaten', 'Gunung Kidul'),
(136, 14, 'Kabupaten', 'Gunung Mas'),
(137, 34, 'Kota', 'Gunungsitoli'),
(138, 20, 'Kabupaten', 'Halmahera Barat'),
(139, 20, 'Kabupaten', 'Halmahera Selatan'),
(140, 20, 'Kabupaten', 'Halmahera Tengah'),
(141, 20, 'Kabupaten', 'Halmahera Timur'),
(142, 20, 'Kabupaten', 'Halmahera Utara'),
(143, 13, 'Kabupaten', 'Hulu Sungai Selatan'),
(144, 13, 'Kabupaten', 'Hulu Sungai Tengah'),
(145, 13, 'Kabupaten', 'Hulu Sungai Utara'),
(146, 34, 'Kabupaten', 'Humbang Hasundutan'),
(147, 26, 'Kabupaten', 'Indragiri Hilir'),
(148, 26, 'Kabupaten', 'Indragiri Hulu'),
(149, 9, 'Kabupaten', 'Indramayu'),
(150, 24, 'Kabupaten', 'Intan Jaya'),
(151, 6, 'Kota', 'Jakarta Barat'),
(152, 6, 'Kota', 'Jakarta Pusat'),
(153, 6, 'Kota', 'Jakarta Selatan'),
(154, 6, 'Kota', 'Jakarta Timur'),
(155, 6, 'Kota', 'Jakarta Utara'),
(156, 8, 'Kota', 'Jambi'),
(157, 24, 'Kabupaten', 'Jayapura'),
(158, 24, 'Kota', 'Jayapura'),
(159, 24, 'Kabupaten', 'Jayawijaya'),
(160, 11, 'Kabupaten', 'Jember'),
(161, 1, 'Kabupaten', 'Jembrana'),
(162, 28, 'Kabupaten', 'Jeneponto'),
(163, 10, 'Kabupaten', 'Jepara'),
(164, 11, 'Kabupaten', 'Jombang'),
(165, 25, 'Kabupaten', 'Kaimana'),
(166, 26, 'Kabupaten', 'Kampar'),
(167, 14, 'Kabupaten', 'Kapuas'),
(168, 12, 'Kabupaten', 'Kapuas Hulu'),
(169, 10, 'Kabupaten', 'Karanganyar'),
(170, 1, 'Kabupaten', 'Karangasem'),
(171, 9, 'Kabupaten', 'Karawang'),
(172, 17, 'Kabupaten', 'Karimun'),
(173, 34, 'Kabupaten', 'Karo'),
(174, 14, 'Kabupaten', 'Katingan'),
(175, 4, 'Kabupaten', 'Kaur'),
(176, 12, 'Kabupaten', 'Kayong Utara'),
(177, 10, 'Kabupaten', 'Kebumen'),
(178, 11, 'Kabupaten', 'Kediri'),
(179, 11, 'Kota', 'Kediri'),
(180, 24, 'Kabupaten', 'Keerom'),
(181, 10, 'Kabupaten', 'Kendal'),
(182, 30, 'Kota', 'Kendari'),
(183, 4, 'Kabupaten', 'Kepahiang'),
(184, 17, 'Kabupaten', 'Kepulauan Anambas'),
(185, 19, 'Kabupaten', 'Kepulauan Aru'),
(186, 32, 'Kabupaten', 'Kepulauan Mentawai'),
(187, 26, 'Kabupaten', 'Kepulauan Meranti'),
(188, 31, 'Kabupaten', 'Kepulauan Sangihe'),
(189, 6, 'Kabupaten', 'Kepulauan Seribu'),
(190, 31, 'Kabupaten', 'Kepulauan Siau Tagulandang Biaro (Sitaro)'),
(191, 20, 'Kabupaten', 'Kepulauan Sula'),
(192, 31, 'Kabupaten', 'Kepulauan Talaud'),
(193, 24, 'Kabupaten', 'Kepulauan Yapen (Yapen Waropen)'),
(194, 8, 'Kabupaten', 'Kerinci'),
(195, 12, 'Kabupaten', 'Ketapang'),
(196, 10, 'Kabupaten', 'Klaten'),
(197, 1, 'Kabupaten', 'Klungkung'),
(198, 30, 'Kabupaten', 'Kolaka'),
(199, 30, 'Kabupaten', 'Kolaka Utara'),
(200, 30, 'Kabupaten', 'Konawe'),
(201, 30, 'Kabupaten', 'Konawe Selatan'),
(202, 30, 'Kabupaten', 'Konawe Utara'),
(203, 13, 'Kabupaten', 'Kotabaru'),
(204, 31, 'Kota', 'Kotamobagu'),
(205, 14, 'Kabupaten', 'Kotawaringin Barat'),
(206, 14, 'Kabupaten', 'Kotawaringin Timur'),
(207, 26, 'Kabupaten', 'Kuantan Singingi'),
(208, 12, 'Kabupaten', 'Kubu Raya'),
(209, 10, 'Kabupaten', 'Kudus'),
(210, 5, 'Kabupaten', 'Kulon Progo'),
(211, 9, 'Kabupaten', 'Kuningan'),
(212, 23, 'Kabupaten', 'Kupang'),
(213, 23, 'Kota', 'Kupang'),
(214, 15, 'Kabupaten', 'Kutai Barat'),
(215, 15, 'Kabupaten', 'Kutai Kartanegara'),
(216, 15, 'Kabupaten', 'Kutai Timur'),
(217, 34, 'Kabupaten', 'Labuhan Batu'),
(218, 34, 'Kabupaten', 'Labuhan Batu Selatan'),
(219, 34, 'Kabupaten', 'Labuhan Batu Utara'),
(220, 33, 'Kabupaten', 'Lahat'),
(221, 14, 'Kabupaten', 'Lamandau'),
(222, 11, 'Kabupaten', 'Lamongan'),
(223, 18, 'Kabupaten', 'Lampung Barat'),
(224, 18, 'Kabupaten', 'Lampung Selatan'),
(225, 18, 'Kabupaten', 'Lampung Tengah'),
(226, 18, 'Kabupaten', 'Lampung Timur'),
(227, 18, 'Kabupaten', 'Lampung Utara'),
(228, 12, 'Kabupaten', 'Landak'),
(229, 34, 'Kabupaten', 'Langkat'),
(230, 21, 'Kota', 'Langsa'),
(231, 24, 'Kabupaten', 'Lanny Jaya'),
(232, 3, 'Kabupaten', 'Lebak'),
(233, 4, 'Kabupaten', 'Lebong'),
(234, 23, 'Kabupaten', 'Lembata'),
(235, 21, 'Kota', 'Lhokseumawe'),
(236, 32, 'Kabupaten', 'Lima Puluh Koto/Kota'),
(237, 17, 'Kabupaten', 'Lingga'),
(238, 22, 'Kabupaten', 'Lombok Barat'),
(239, 22, 'Kabupaten', 'Lombok Tengah'),
(240, 22, 'Kabupaten', 'Lombok Timur'),
(241, 22, 'Kabupaten', 'Lombok Utara'),
(242, 33, 'Kota', 'Lubuk Linggau'),
(243, 11, 'Kabupaten', 'Lumajang'),
(244, 28, 'Kabupaten', 'Luwu'),
(245, 28, 'Kabupaten', 'Luwu Timur'),
(246, 28, 'Kabupaten', 'Luwu Utara'),
(247, 11, 'Kabupaten', 'Madiun'),
(248, 11, 'Kota', 'Madiun'),
(249, 10, 'Kabupaten', 'Magelang'),
(250, 10, 'Kota', 'Magelang'),
(251, 11, 'Kabupaten', 'Magetan'),
(252, 9, 'Kabupaten', 'Majalengka'),
(253, 27, 'Kabupaten', 'Majene'),
(254, 28, 'Kota', 'Makassar'),
(255, 11, 'Kabupaten', 'Malang'),
(256, 11, 'Kota', 'Malang'),
(257, 16, 'Kabupaten', 'Malinau'),
(258, 19, 'Kabupaten', 'Maluku Barat Daya'),
(259, 19, 'Kabupaten', 'Maluku Tengah'),
(260, 19, 'Kabupaten', 'Maluku Tenggara'),
(261, 19, 'Kabupaten', 'Maluku Tenggara Barat'),
(262, 27, 'Kabupaten', 'Mamasa'),
(263, 24, 'Kabupaten', 'Mamberamo Raya'),
(264, 24, 'Kabupaten', 'Mamberamo Tengah'),
(265, 27, 'Kabupaten', 'Mamuju'),
(266, 27, 'Kabupaten', 'Mamuju Utara'),
(267, 31, 'Kota', 'Manado'),
(268, 34, 'Kabupaten', 'Mandailing Natal'),
(269, 23, 'Kabupaten', 'Manggarai'),
(270, 23, 'Kabupaten', 'Manggarai Barat'),
(271, 23, 'Kabupaten', 'Manggarai Timur'),
(272, 25, 'Kabupaten', 'Manokwari'),
(273, 25, 'Kabupaten', 'Manokwari Selatan'),
(274, 24, 'Kabupaten', 'Mappi'),
(275, 28, 'Kabupaten', 'Maros'),
(276, 22, 'Kota', 'Mataram'),
(277, 25, 'Kabupaten', 'Maybrat'),
(278, 34, 'Kota', 'Medan'),
(279, 12, 'Kabupaten', 'Melawi'),
(280, 8, 'Kabupaten', 'Merangin'),
(281, 24, 'Kabupaten', 'Merauke'),
(282, 18, 'Kabupaten', 'Mesuji'),
(283, 18, 'Kota', 'Metro'),
(284, 24, 'Kabupaten', 'Mimika'),
(285, 31, 'Kabupaten', 'Minahasa'),
(286, 31, 'Kabupaten', 'Minahasa Selatan'),
(287, 31, 'Kabupaten', 'Minahasa Tenggara'),
(288, 31, 'Kabupaten', 'Minahasa Utara'),
(289, 11, 'Kabupaten', 'Mojokerto'),
(290, 11, 'Kota', 'Mojokerto'),
(291, 29, 'Kabupaten', 'Morowali'),
(292, 33, 'Kabupaten', 'Muara Enim'),
(293, 8, 'Kabupaten', 'Muaro Jambi'),
(294, 4, 'Kabupaten', 'Muko Muko'),
(295, 30, 'Kabupaten', 'Muna'),
(296, 14, 'Kabupaten', 'Murung Raya'),
(297, 33, 'Kabupaten', 'Musi Banyuasin'),
(298, 33, 'Kabupaten', 'Musi Rawas'),
(299, 24, 'Kabupaten', 'Nabire'),
(300, 21, 'Kabupaten', 'Nagan Raya'),
(301, 23, 'Kabupaten', 'Nagekeo'),
(302, 17, 'Kabupaten', 'Natuna'),
(303, 24, 'Kabupaten', 'Nduga'),
(304, 23, 'Kabupaten', 'Ngada'),
(305, 11, 'Kabupaten', 'Nganjuk'),
(306, 11, 'Kabupaten', 'Ngawi'),
(307, 34, 'Kabupaten', 'Nias'),
(308, 34, 'Kabupaten', 'Nias Barat'),
(309, 34, 'Kabupaten', 'Nias Selatan'),
(310, 34, 'Kabupaten', 'Nias Utara'),
(311, 16, 'Kabupaten', 'Nunukan'),
(312, 33, 'Kabupaten', 'Ogan Ilir'),
(313, 33, 'Kabupaten', 'Ogan Komering Ilir'),
(314, 33, 'Kabupaten', 'Ogan Komering Ulu'),
(315, 33, 'Kabupaten', 'Ogan Komering Ulu Selatan'),
(316, 33, 'Kabupaten', 'Ogan Komering Ulu Timur'),
(317, 11, 'Kabupaten', 'Pacitan'),
(318, 32, 'Kota', 'Padang'),
(319, 34, 'Kabupaten', 'Padang Lawas'),
(320, 34, 'Kabupaten', 'Padang Lawas Utara'),
(321, 32, 'Kota', 'Padang Panjang'),
(322, 32, 'Kabupaten', 'Padang Pariaman'),
(323, 34, 'Kota', 'Padang Sidempuan'),
(324, 33, 'Kota', 'Pagar Alam'),
(325, 34, 'Kabupaten', 'Pakpak Bharat'),
(326, 14, 'Kota', 'Palangka Raya'),
(327, 33, 'Kota', 'Palembang'),
(328, 28, 'Kota', 'Palopo'),
(329, 29, 'Kota', 'Palu'),
(330, 11, 'Kabupaten', 'Pamekasan'),
(331, 3, 'Kabupaten', 'Pandeglang'),
(332, 9, 'Kabupaten', 'Pangandaran'),
(333, 28, 'Kabupaten', 'Pangkajene Kepulauan'),
(334, 2, 'Kota', 'Pangkal Pinang'),
(335, 24, 'Kabupaten', 'Paniai'),
(336, 28, 'Kota', 'Parepare'),
(337, 32, 'Kota', 'Pariaman'),
(338, 29, 'Kabupaten', 'Parigi Moutong'),
(339, 32, 'Kabupaten', 'Pasaman'),
(340, 32, 'Kabupaten', 'Pasaman Barat'),
(341, 15, 'Kabupaten', 'Paser'),
(342, 11, 'Kabupaten', 'Pasuruan'),
(343, 11, 'Kota', 'Pasuruan'),
(344, 10, 'Kabupaten', 'Pati'),
(345, 32, 'Kota', 'Payakumbuh'),
(346, 25, 'Kabupaten', 'Pegunungan Arfak'),
(347, 24, 'Kabupaten', 'Pegunungan Bintang'),
(348, 10, 'Kabupaten', 'Pekalongan'),
(349, 10, 'Kota', 'Pekalongan'),
(350, 26, 'Kota', 'Pekanbaru'),
(351, 26, 'Kabupaten', 'Pelalawan'),
(352, 10, 'Kabupaten', 'Pemalang'),
(353, 34, 'Kota', 'Pematang Siantar'),
(354, 15, 'Kabupaten', 'Penajam Paser Utara'),
(355, 18, 'Kabupaten', 'Pesawaran'),
(356, 18, 'Kabupaten', 'Pesisir Barat'),
(357, 32, 'Kabupaten', 'Pesisir Selatan'),
(358, 21, 'Kabupaten', 'Pidie'),
(359, 21, 'Kabupaten', 'Pidie Jaya'),
(360, 28, 'Kabupaten', 'Pinrang'),
(361, 7, 'Kabupaten', 'Pohuwato'),
(362, 27, 'Kabupaten', 'Polewali Mandar'),
(363, 11, 'Kabupaten', 'Ponorogo'),
(364, 12, 'Kabupaten', 'Pontianak'),
(365, 12, 'Kota', 'Pontianak'),
(366, 29, 'Kabupaten', 'Poso'),
(367, 33, 'Kota', 'Prabumulih'),
(368, 18, 'Kabupaten', 'Pringsewu'),
(369, 11, 'Kabupaten', 'Probolinggo'),
(370, 11, 'Kota', 'Probolinggo'),
(371, 14, 'Kabupaten', 'Pulang Pisau'),
(372, 20, 'Kabupaten', 'Pulau Morotai'),
(373, 24, 'Kabupaten', 'Puncak'),
(374, 24, 'Kabupaten', 'Puncak Jaya'),
(375, 10, 'Kabupaten', 'Purbalingga'),
(376, 9, 'Kabupaten', 'Purwakarta'),
(377, 10, 'Kabupaten', 'Purworejo'),
(378, 25, 'Kabupaten', 'Raja Ampat'),
(379, 4, 'Kabupaten', 'Rejang Lebong'),
(380, 10, 'Kabupaten', 'Rembang'),
(381, 26, 'Kabupaten', 'Rokan Hilir'),
(382, 26, 'Kabupaten', 'Rokan Hulu'),
(383, 23, 'Kabupaten', 'Rote Ndao'),
(384, 21, 'Kota', 'Sabang'),
(385, 23, 'Kabupaten', 'Sabu Raijua'),
(386, 10, 'Kota', 'Salatiga'),
(387, 15, 'Kota', 'Samarinda'),
(388, 12, 'Kabupaten', 'Sambas'),
(389, 34, 'Kabupaten', 'Samosir'),
(390, 11, 'Kabupaten', 'Sampang'),
(391, 12, 'Kabupaten', 'Sanggau'),
(392, 24, 'Kabupaten', 'Sarmi'),
(393, 8, 'Kabupaten', 'Sarolangun'),
(394, 32, 'Kota', 'Sawah Lunto'),
(395, 12, 'Kabupaten', 'Sekadau'),
(396, 28, 'Kabupaten', 'Selayar (Kepulauan Selayar)'),
(397, 4, 'Kabupaten', 'Seluma'),
(398, 10, 'Kabupaten', 'Semarang'),
(399, 10, 'Kota', 'Semarang'),
(400, 19, 'Kabupaten', 'Seram Bagian Barat'),
(401, 19, 'Kabupaten', 'Seram Bagian Timur'),
(402, 3, 'Kabupaten', 'Serang'),
(403, 3, 'Kota', 'Serang'),
(404, 34, 'Kabupaten', 'Serdang Bedagai'),
(405, 14, 'Kabupaten', 'Seruyan'),
(406, 26, 'Kabupaten', 'Siak'),
(407, 34, 'Kota', 'Sibolga'),
(408, 28, 'Kabupaten', 'Sidenreng Rappang/Rapang'),
(409, 11, 'Kabupaten', 'Sidoarjo'),
(410, 29, 'Kabupaten', 'Sigi'),
(411, 32, 'Kabupaten', 'Sijunjung (Sawah Lunto Sijunjung)'),
(412, 23, 'Kabupaten', 'Sikka'),
(413, 34, 'Kabupaten', 'Simalungun'),
(414, 21, 'Kabupaten', 'Simeulue'),
(415, 12, 'Kota', 'Singkawang'),
(416, 28, 'Kabupaten', 'Sinjai'),
(417, 12, 'Kabupaten', 'Sintang'),
(418, 11, 'Kabupaten', 'Situbondo'),
(419, 5, 'Kabupaten', 'Sleman'),
(420, 32, 'Kabupaten', 'Solok'),
(421, 32, 'Kota', 'Solok'),
(422, 32, 'Kabupaten', 'Solok Selatan'),
(423, 28, 'Kabupaten', 'Soppeng'),
(424, 25, 'Kabupaten', 'Sorong'),
(425, 25, 'Kota', 'Sorong'),
(426, 25, 'Kabupaten', 'Sorong Selatan'),
(427, 10, 'Kabupaten', 'Sragen'),
(428, 9, 'Kabupaten', 'Subang'),
(429, 21, 'Kota', 'Subulussalam'),
(430, 9, 'Kabupaten', 'Sukabumi'),
(431, 9, 'Kota', 'Sukabumi'),
(432, 14, 'Kabupaten', 'Sukamara'),
(433, 10, 'Kabupaten', 'Sukoharjo'),
(434, 23, 'Kabupaten', 'Sumba Barat'),
(435, 23, 'Kabupaten', 'Sumba Barat Daya'),
(436, 23, 'Kabupaten', 'Sumba Tengah'),
(437, 23, 'Kabupaten', 'Sumba Timur'),
(438, 22, 'Kabupaten', 'Sumbawa'),
(439, 22, 'Kabupaten', 'Sumbawa Barat'),
(440, 9, 'Kabupaten', 'Sumedang'),
(441, 11, 'Kabupaten', 'Sumenep'),
(442, 8, 'Kota', 'Sungaipenuh'),
(443, 24, 'Kabupaten', 'Supiori'),
(444, 11, 'Kota', 'Surabaya'),
(445, 10, 'Kota', 'Surakarta (Solo)'),
(446, 13, 'Kabupaten', 'Tabalong'),
(447, 1, 'Kabupaten', 'Tabanan'),
(448, 28, 'Kabupaten', 'Takalar'),
(449, 25, 'Kabupaten', 'Tambrauw'),
(450, 16, 'Kabupaten', 'Tana Tidung'),
(451, 28, 'Kabupaten', 'Tana Toraja'),
(452, 13, 'Kabupaten', 'Tanah Bumbu'),
(453, 32, 'Kabupaten', 'Tanah Datar'),
(454, 13, 'Kabupaten', 'Tanah Laut'),
(455, 3, 'Kabupaten', 'Tangerang'),
(456, 3, 'Kota', 'Tangerang'),
(457, 3, 'Kota', 'Tangerang Selatan'),
(458, 18, 'Kabupaten', 'Tanggamus'),
(459, 34, 'Kota', 'Tanjung Balai'),
(460, 8, 'Kabupaten', 'Tanjung Jabung Barat'),
(461, 8, 'Kabupaten', 'Tanjung Jabung Timur'),
(462, 17, 'Kota', 'Tanjung Pinang'),
(463, 34, 'Kabupaten', 'Tapanuli Selatan'),
(464, 34, 'Kabupaten', 'Tapanuli Tengah'),
(465, 34, 'Kabupaten', 'Tapanuli Utara'),
(466, 13, 'Kabupaten', 'Tapin'),
(467, 16, 'Kota', 'Tarakan'),
(468, 9, 'Kabupaten', 'Tasikmalaya'),
(469, 9, 'Kota', 'Tasikmalaya'),
(470, 34, 'Kota', 'Tebing Tinggi'),
(471, 8, 'Kabupaten', 'Tebo'),
(472, 10, 'Kabupaten', 'Tegal'),
(473, 10, 'Kota', 'Tegal'),
(474, 25, 'Kabupaten', 'Teluk Bintuni'),
(475, 25, 'Kabupaten', 'Teluk Wondama'),
(476, 10, 'Kabupaten', 'Temanggung'),
(477, 20, 'Kota', 'Ternate'),
(478, 20, 'Kota', 'Tidore Kepulauan'),
(479, 23, 'Kabupaten', 'Timor Tengah Selatan'),
(480, 23, 'Kabupaten', 'Timor Tengah Utara'),
(481, 34, 'Kabupaten', 'Toba Samosir'),
(482, 29, 'Kabupaten', 'Tojo Una-Una'),
(483, 29, 'Kabupaten', 'Toli-Toli'),
(484, 24, 'Kabupaten', 'Tolikara'),
(485, 31, 'Kota', 'Tomohon'),
(486, 28, 'Kabupaten', 'Toraja Utara'),
(487, 11, 'Kabupaten', 'Trenggalek'),
(488, 19, 'Kota', 'Tual'),
(489, 11, 'Kabupaten', 'Tuban'),
(490, 18, 'Kabupaten', 'Tulang Bawang'),
(491, 18, 'Kabupaten', 'Tulang Bawang Barat'),
(492, 11, 'Kabupaten', 'Tulungagung'),
(493, 28, 'Kabupaten', 'Wajo'),
(494, 30, 'Kabupaten', 'Wakatobi'),
(495, 24, 'Kabupaten', 'Waropen'),
(496, 18, 'Kabupaten', 'Way Kanan'),
(497, 10, 'Kabupaten', 'Wonogiri'),
(498, 10, 'Kabupaten', 'Wonosobo'),
(499, 24, 'Kabupaten', 'Yahukimo'),
(500, 24, 'Kabupaten', 'Yalimo'),
(501, 5, 'Kota', 'Yogyakarta');

-- --------------------------------------------------------

--
-- Struktur dari tabel `kategori`
--

CREATE TABLE `kategori` (
  `id_kategori` int(11) NOT NULL,
  `nama_kategori` varchar(285) NOT NULL,
  `slug_kategori` varchar(228) NOT NULL
) ENGINE=MyISAM DEFAULT CHARSET=utf8;

--
-- Dumping data untuk tabel `kategori`
--

INSERT INTO `kategori` (`id_kategori`, `nama_kategori`, `slug_kategori`) VALUES
(20, 'Tradisional', 'tradisional'),
(19, 'Milkshake', 'milkshake'),
(18, 'Tea', 'tea'),
(17, 'non coffee5', 'non-coffee5'),
(16, 'Fancy', 'fancy'),
(14, 'Signature', 'signature'),
(15, 'Classic', 'classic');

-- --------------------------------------------------------

--
-- Struktur dari tabel `kecamatan`
--

CREATE TABLE `kecamatan` (
  `id` int(11) NOT NULL,
  `kabupaten_id` int(11) NOT NULL,
  `nama` varchar(225) NOT NULL
) ENGINE=MyISAM DEFAULT CHARSET=utf8;

--
-- Dumping data untuk tabel `kecamatan`
--

INSERT INTO `kecamatan` (`id`, `kabupaten_id`, `nama`) VALUES
(1, 414, ' Teupah Selatan'),
(2, 414, ' Simeulue Timur'),
(3, 414, ' Teupah Barat'),
(4, 414, ' Teupah Tengah'),
(5, 414, ' Simeulue Tengah'),
(6, 414, ' Teluk Dalam'),
(7, 414, ' Simeulue Cut'),
(8, 414, ' Salang'),
(9, 414, ' Simeulue Barat'),
(10, 414, ' Alafan'),
(11, 6, ' Pulau Banyak'),
(12, 6, ' Pulau Banyak Barat'),
(13, 6, ' Singkil'),
(14, 6, ' Singkil Utara'),
(15, 6, ' Kuala Baru'),
(16, 6, ' Simpang Kanan'),
(17, 6, ' Gunung Meriah'),
(18, 6, ' Danau Paris'),
(19, 6, ' Suro'),
(20, 6, ' Singkohor'),
(21, 6, ' Kota Baharu'),
(22, 5, ' Trumon'),
(23, 5, ' Trumon Timur'),
(24, 5, ' Trumon Tengah'),
(25, 5, ' Bakongan'),
(26, 5, ' Bakongan Timur'),
(27, 5, ' Kota Bahagia'),
(28, 5, ' Kluet Selatan'),
(29, 5, ' Kluet Timur'),
(30, 5, ' Kluet Utara'),
(31, 5, ' Pasie Raja'),
(32, 5, ' Kluet Tengah'),
(33, 5, ' Tapak Tuan'),
(34, 5, ' Sama Dua'),
(35, 5, ' Sawang'),
(36, 5, ' Meukek'),
(37, 5, ' Labuhan Haji'),
(38, 5, ' Labuhan Haji Timur'),
(39, 5, ' Labuhan Haji Barat'),
(40, 9, ' Lawe Alas'),
(41, 9, ' Babul Rahmad'),
(42, 9, ' Tanoh Alas'),
(43, 9, ' Lawe Sigala-gala'),
(44, 9, ' Babul Makmur'),
(45, 9, ' Semadam'),
(46, 9, ' Lauser'),
(47, 9, ' Bambel'),
(48, 9, ' Bukit Tusam'),
(49, 9, ' Lawe Sumur'),
(50, 9, ' Babussalam'),
(51, 9, ' Lawe Bulan'),
(52, 9, ' Badar'),
(53, 9, ' Darul Hasanah'),
(54, 9, ' Ketambe'),
(55, 9, ' Deleng Pokhkisen'),
(56, 10, ' Serba Jadi'),
(57, 10, ' Simpang Jernih'),
(58, 10, ' Peunaron'),
(59, 10, ' Birem Bayeun'),
(60, 10, ' Rantau Selamat'),
(61, 10, ' Sungai Raya'),
(62, 10, ' Peureulak'),
(63, 10, ' Peureulak Timur'),
(64, 10, ' Peureulak Barat'),
(65, 10, ' Ranto Peureulak'),
(66, 10, ' Idi Rayeuk'),
(67, 10, ' Peudawa'),
(68, 10, ' Banda Alam'),
(69, 10, ' Idi Tunong'),
(70, 10, ' Darul Ihsan'),
(71, 10, ' Idi Timur'),
(72, 10, ' Darul Aman'),
(73, 10, ' Nurussalam'),
(74, 10, ' Darul Falah'),
(75, 10, ' Julok'),
(76, 10, ' Indra Makmur'),
(77, 10, ' Pante Bidari'),
(78, 10, ' Simpang Ulim'),
(79, 10, ' Madat'),
(80, 8, ' Linge'),
(81, 8, ' Atu Lintang'),
(82, 8, ' Jagong Jeget'),
(83, 8, ' Bintang'),
(84, 8, ' Lut Tawar'),
(85, 8, ' Kebayakan'),
(86, 8, ' Pegasing'),
(87, 8, ' Bies'),
(88, 8, ' Bebesen'),
(89, 8, ' Kute Panang'),
(90, 8, ' Silih Nara'),
(91, 8, ' Ketol'),
(92, 8, ' Celala'),
(93, 8, ' Rusip Antara'),
(94, 1, ' Johan Pahlawan'),
(95, 1, ' Samatiga'),
(96, 1, ' Bubon'),
(97, 1, ' Arongan Lambalek'),
(98, 1, ' Woyla'),
(99, 1, ' Woyla Barat'),
(100, 1, ' Woyla Timur'),
(101, 1, ' Kaway Xvi'),
(102, 1, ' Meureubo'),
(103, 1, ' Pantai Ceuremen'),
(104, 1, ' Panton Reu'),
(105, 1, ' Sungai Mas'),
(106, 3, ' Lhoong'),
(107, 3, ' Lhoknga'),
(108, 3, ' Leupung'),
(109, 3, ' Indrapuri'),
(110, 3, ' Kuta Cot Glie'),
(111, 3, ' Seulimeum'),
(112, 3, ' Kota Jantho'),
(113, 3, ' Lembah Seulawah'),
(114, 3, ' Mesjid Raya'),
(115, 3, ' Darussalam'),
(116, 3, ' Baitussalam'),
(117, 3, ' Kuta Baro'),
(118, 3, ' Montasik'),
(119, 3, ' Blang Bintang'),
(120, 3, ' Ingin Jaya'),
(121, 3, ' Krueng Barona Jaya'),
(122, 3, ' Suka Makmur'),
(123, 3, ' Kuta Malaka'),
(124, 3, ' Simpang Tiga'),
(125, 3, ' Darul Imarah'),
(126, 3, ' Darul Kamal'),
(127, 3, ' Peukan Bada'),
(128, 3, ' Pulo Aceh'),
(129, 358, ' Geumpang'),
(130, 358, ' Mane'),
(131, 358, ' Glumpang Tiga'),
(132, 358, ' Glumpang Baro'),
(133, 358, ' Mutiara'),
(134, 358, ' Mutiara Timur'),
(135, 358, ' Tiro/truseb'),
(136, 358, ' Tangse'),
(137, 358, ' Keumala'),
(138, 358, ' Titeue'),
(139, 358, ' Sakti'),
(140, 358, ' Mila'),
(141, 358, ' Padang Tiji'),
(142, 358, ' Delima'),
(143, 358, ' Grong Grong'),
(144, 358, ' Indrajaya'),
(145, 358, ' Peukan Baro'),
(146, 358, ' Kembang Tanjong'),
(147, 358, ' Simpang Tiga'),
(148, 358, ' Kota Sigli'),
(149, 358, ' Pidie'),
(150, 358, ' Batee'),
(151, 358, ' Muara Tiga'),
(152, 72, ' Samalanga'),
(153, 72, ' Simpang Mamplam'),
(154, 72, ' Pandrah'),
(155, 72, ' Jeunieb'),
(156, 72, ' Peulimbang'),
(157, 72, ' Peudada'),
(158, 72, ' Juli'),
(159, 72, ' Jeumpa'),
(160, 72, ' Kota Juang'),
(161, 72, ' Kuala'),
(162, 72, ' Jangka'),
(163, 72, ' Peusangan'),
(164, 72, ' Peusangan Selatan'),
(165, 72, ' Peusangan Siblah Krueng'),
(166, 72, ' Makmur'),
(167, 72, ' Ganda Pura'),
(168, 72, ' Kuta Blang'),
(169, 11, ' Sawang'),
(170, 11, ' Nisam'),
(171, 11, ' Nisam Antara'),
(172, 11, ' Banda Baro'),
(173, 11, ' Kuta Makmur'),
(174, 11, ' Simpang Keramat'),
(175, 11, ' Syamtalira Bayu'),
(176, 11, ' Geureudong Pase'),
(177, 11, ' Meurah Mulia'),
(178, 11, ' Matangkuli'),
(179, 11, ' Paya Bakong'),
(180, 11, ' Pirak Timu'),
(181, 11, ' Cot Girek'),
(182, 11, ' Tanah Jambo Aye'),
(183, 11, ' Langkahan'),
(184, 11, ' Seunudon'),
(185, 11, ' Baktiya'),
(186, 11, ' Baktiya Barat'),
(187, 11, ' Lhoksukon'),
(188, 11, ' Tanah Luas'),
(189, 11, ' Nibong'),
(190, 11, ' Samudera'),
(191, 11, ' Syamtalira Aron'),
(192, 11, ' Tanah Pasir'),
(193, 11, ' Lapang'),
(194, 11, ' Muara Batu'),
(195, 11, ' Dewantara'),
(196, 2, ' Manggeng'),
(197, 2, ' Lembah Sabil'),
(198, 2, ' Tangan-tangan'),
(199, 2, ' Setia'),
(200, 2, ' Blang Pidie'),
(201, 2, ' Jeumpa'),
(202, 2, ' Susoh'),
(203, 2, ' Kuala Batee'),
(204, 2, ' Babah Rot'),
(205, 127, ' Kuta Panjang'),
(206, 127, ' Blang Jerango'),
(207, 127, ' Blangkejeren'),
(208, 127, ' Putri Betung'),
(209, 127, ' Dabun Gelang'),
(210, 127, ' Blang Pegayon'),
(211, 127, ' Pining'),
(212, 127, ' Rikit Gaib'),
(213, 127, ' Pantan Cuaca'),
(214, 127, ' Terangun'),
(215, 127, ' Tripe Jaya'),
(216, 7, ' Tamiang Hulu'),
(217, 7, ' Bandar Pusaka'),
(218, 7, ' Kejuruan Muda'),
(219, 7, ' Tenggulun'),
(220, 7, ' Rantau'),
(221, 7, ' Kota Kuala Simpang'),
(222, 7, ' Seruway'),
(223, 7, ' Bendahara'),
(224, 7, ' Banda Mulia'),
(225, 7, ' Karang Baru'),
(226, 7, ' Sekerak'),
(227, 7, ' Manyak Payed'),
(228, 300, ' Darul Makmur'),
(229, 300, ' Tripa Makmur'),
(230, 300, ' Kuala'),
(231, 300, ' Kuala Pesisir'),
(232, 300, ' Tadu Raya'),
(233, 300, ' Beutong'),
(234, 300, ' Beutong Ateuh Banggalang'),
(235, 300, ' Seunagan'),
(236, 300, ' Suka Makmue'),
(237, 300, ' Seunagan Timur'),
(238, 4, ' Teunom'),
(239, 4, ' Pasie Raya'),
(240, 4, ' Panga'),
(241, 4, ' Krueng Sabee'),
(242, 4, ' Setia Bakti'),
(243, 4, ' Sampoiniet'),
(244, 4, ' Darul Hikmah'),
(245, 4, ' Jaya'),
(246, 4, ' Indra Jaya'),
(247, 59, ' Timang Gajah'),
(248, 59, ' Gajah Putih'),
(249, 59, ' Pintu Rime Gayo'),
(250, 59, ' Bukit'),
(251, 59, ' Wih Pesam'),
(252, 59, ' Bandar'),
(253, 59, ' Bener Kelipah'),
(254, 59, ' Syiah Utama'),
(255, 59, ' Mesidah'),
(256, 59, ' Permata'),
(257, 359, ' Meureudu'),
(258, 359, ' Meurah Dua'),
(259, 359, ' Bandar Dua'),
(260, 359, ' Jangka Buya'),
(261, 359, ' Ulim'),
(262, 359, ' Trienggadeng'),
(263, 359, ' Panteraja'),
(264, 359, ' Bandar Baru'),
(265, 20, ' Meuraxa'),
(266, 20, ' Jaya Baru'),
(267, 20, ' Banda Raya'),
(268, 20, ' Baiturrahman'),
(269, 20, ' Lueng Bata'),
(270, 20, ' Kuta Alam'),
(271, 20, ' Kuta Raja'),
(272, 20, ' Syiah Kuala'),
(273, 20, ' Ulee Kareng'),
(274, 384, ' Sukajaya'),
(275, 384, ' Sukakarya'),
(276, 230, ' Langsa Timur'),
(277, 230, ' Langsa Lama'),
(278, 230, ' Langsa Barat'),
(279, 230, ' Langsa Baro'),
(280, 230, ' Langsa Kota'),
(281, 235, ' Blang Mangat'),
(282, 235, ' Muara Dua'),
(283, 235, ' Muara Satu'),
(284, 235, ' Banda Sakti'),
(285, 429, ' Simpang Kiri'),
(286, 429, ' Penanggalan'),
(287, 429, ' Rundeng'),
(288, 429, ' Sultan Daulat'),
(289, 429, ' Longkib'),
(290, 307, ' Idano Gawo'),
(291, 307, ' Bawolato'),
(292, 307, ' Ulugawo'),
(293, 307, ' Gido'),
(294, 307, ' Ma U'),
(295, 307, ' Somolo - Molo'),
(296, 307, ' Hiliduho'),
(297, 307, ' Hili Serangkai'),
(298, 307, ' Botomuzoi'),
(299, 268, ' Batahan'),
(300, 268, ' Sinunukan'),
(301, 268, ' Batang Natal'),
(302, 268, ' Lingga Bayu'),
(303, 268, ' Ranto Baek'),
(304, 268, ' Kotanopan'),
(305, 268, ' Ulu Pungkut'),
(306, 268, ' Tambangan'),
(307, 268, ' Lembah Sorik Marapi'),
(308, 268, ' Puncak Sorik Marapi'),
(309, 268, ' Muara Sipongi'),
(310, 268, ' Pakantan'),
(311, 268, ' Panyabungan'),
(312, 268, ' Panyabungan Selatan'),
(313, 268, ' Panyabungan Barat'),
(314, 268, ' Panyabungan Utara'),
(315, 268, ' Panyabungan Timur'),
(316, 268, ' Huta Bargot'),
(317, 268, ' Natal'),
(318, 268, ' Muara Batang Gadis'),
(319, 268, ' Siabu'),
(320, 268, ' Bukit Malintang'),
(321, 268, ' Naga Juang'),
(322, 463, ' Batang Angkola'),
(323, 463, ' Sayur Matinggi'),
(324, 463, ' Tano Tombangan Angkola'),
(325, 463, ' Angkola Timur'),
(326, 463, ' Angkola Selatan'),
(327, 463, ' Angkola  Barat'),
(328, 463, ' Angkola Sangkunur'),
(329, 463, ' Batang Toru'),
(330, 463, ' Marancar'),
(331, 463, ' Muara Batang Toru'),
(332, 463, ' Sipirok'),
(333, 463, ' Arse'),
(334, 463, ' Saipar Dolok Hole'),
(335, 463, ' Aek Bilah'),
(336, 464, ' Pinang Sori'),
(337, 464, ' Badiri'),
(338, 464, ' Sibabangun'),
(339, 464, ' Lumut'),
(340, 464, ' Sukabangun'),
(341, 464, ' Pandan'),
(342, 464, ' Tukka'),
(343, 464, ' Sarudik'),
(344, 464, ' Tapian Nauli'),
(345, 464, ' Sitahuis'),
(346, 464, ' Kolang'),
(347, 464, ' Sorkam'),
(348, 464, ' Sorkam Barat'),
(349, 464, ' Pasaribu Tobing'),
(350, 464, ' Barus'),
(351, 464, ' Sosor Gadong'),
(352, 464, ' Andam Dewi'),
(353, 464, ' Barus Utara'),
(354, 464, ' Manduamas'),
(355, 464, ' Sirandorung'),
(356, 465, ' Parmonangan'),
(357, 465, ' Adian Koting'),
(358, 465, ' Sipoholon'),
(359, 465, ' Tarutung'),
(360, 465, ' Siatas Barita'),
(361, 465, ' Pahae Julu'),
(362, 465, ' Pahae Jae'),
(363, 465, ' Purbatua'),
(364, 465, ' Simangumban'),
(365, 465, ' Pangaribuan'),
(366, 465, ' Garoga'),
(367, 465, ' Sipahutar'),
(368, 465, ' Siborong-borong'),
(369, 465, ' Pagaran'),
(370, 465, ' Muara'),
(371, 481, ' Balige'),
(372, 481, ' Tampahan'),
(373, 481, ' Laguboti'),
(374, 481, ' Habinsaran'),
(375, 481, ' Borbor'),
(376, 481, ' Nassau'),
(377, 481, ' Silaen'),
(378, 481, ' Sigumpar'),
(379, 481, ' Porsea'),
(380, 481, ' Pintu Pohan Meranti'),
(381, 481, ' Siantar Narumonda'),
(382, 481, ' Parmaksian'),
(383, 481, ' Lumban Julu'),
(384, 481, ' Uluan'),
(385, 481, ' Ajibata'),
(386, 481, ' Bonatua Lunasi'),
(387, 217, ' Bilah Hulu'),
(388, 217, ' Pangkatan'),
(389, 217, ' Bilah Barat'),
(390, 217, ' Bilah Hilir'),
(391, 217, ' Panai Hulu'),
(392, 217, ' Panai Tengah'),
(393, 217, ' Panai Hilir'),
(394, 217, ' Rantau Selatan'),
(395, 217, ' Rantau Utara'),
(396, 15, ' Bandar Pasir Mandoge'),
(397, 15, ' Bandar Pulau'),
(398, 15, ' Aek Songsongan'),
(399, 15, ' Rahuning'),
(400, 15, ' Pulau Rakyat'),
(401, 15, ' Aek Kuasan'),
(402, 15, ' Aek Ledong'),
(403, 15, ' Sei Kepayang'),
(404, 15, ' Sei Kepayang Barat'),
(405, 15, ' Sei Kepayang Timur'),
(406, 15, ' Tanjung Balai'),
(407, 15, ' Simpang Empat'),
(408, 15, ' Teluk Dalam'),
(409, 15, ' Air Batu'),
(410, 15, ' Sei Dadap'),
(411, 15, ' Buntu Pane'),
(412, 15, ' Tinggi Raja'),
(413, 15, ' Setia Janji'),
(414, 15, ' Meranti'),
(415, 15, ' Pulo Bandring'),
(416, 15, ' Rawang Panca Arga'),
(417, 15, ' Air Joman'),
(418, 15, ' Silau Laut'),
(419, 15, ' Kisaran Barat'),
(420, 15, ' Kisaran Timur'),
(421, 413, ' Silimakuta'),
(422, 413, ' Pematang Silimahuta'),
(423, 413, ' Purba'),
(424, 413, ' Haranggaol Horison'),
(425, 413, ' Dolok Pardamean'),
(426, 413, ' Sidamanik'),
(427, 413, ' Pematang Sidamanik'),
(428, 413, ' Girsang Sipangan Bolon'),
(429, 413, ' Tanah Jawa'),
(430, 413, ' Hatonduhan'),
(431, 413, ' Dolok Panribuan'),
(432, 413, ' Jorlang Hataran'),
(433, 413, ' Panei'),
(434, 413, ' Panombean Panei'),
(435, 413, ' Raya'),
(436, 413, ' Dolok Silau'),
(437, 413, ' Silau Kahean'),
(438, 413, ' Raya Kahean'),
(439, 413, ' Tapian Dolok'),
(440, 413, ' Dolok Batu Nanggar'),
(441, 413, ' Siantar'),
(442, 413, ' Gunung Malela'),
(443, 413, ' Gunung Maligas'),
(444, 413, ' Hutabayu Raja'),
(445, 413, ' Jawa Maraja Bah Jambi'),
(446, 413, ' Pematang Bandar'),
(447, 413, ' Bandar Huluan'),
(448, 413, ' Bandar'),
(449, 413, ' Bandar Masilam'),
(450, 413, ' Bosar Maligas'),
(451, 413, ' Ujung Padang'),
(452, 110, ' Sidikalang'),
(453, 110, ' Berampu'),
(454, 110, ' Sitinjo'),
(455, 110, ' Parbuluan'),
(456, 110, ' Sumbul'),
(457, 110, ' Silahi Sabungan'),
(458, 110, ' Silima Pungga-pungga'),
(459, 110, ' Lae Parira'),
(460, 110, ' Siempat Nempu'),
(461, 110, ' Siempat Nempu Hulu'),
(462, 110, ' Siempat Nempu Hilir'),
(463, 110, ' Tiga Lingga'),
(464, 110, ' Gunung Sitember'),
(465, 110, ' Pegagan Hilir'),
(466, 110, ' Tanah Pinem'),
(467, 173, ' Mardingding'),
(468, 173, ' Laubaleng'),
(469, 173, ' Tiga Binanga'),
(470, 173, ' Juhar'),
(471, 173, ' Munte'),
(472, 173, ' Kuta Buluh'),
(473, 173, ' Payung'),
(474, 173, ' Tiganderket'),
(475, 173, ' Simpang Empat'),
(476, 173, ' Naman Teran'),
(477, 173, ' Merdeka'),
(478, 173, ' Kabanjahe'),
(479, 173, ' Berastagi'),
(480, 173, ' Tigapanah'),
(481, 173, ' Dolat Rayat'),
(482, 173, ' Merek'),
(483, 173, ' Barusjahe'),
(484, 112, ' Gunung Meriah'),
(485, 112, ' Sinembah Tanjung Muda Hulu'),
(486, 112, ' Sibolangit'),
(487, 112, ' Kutalimbaru'),
(488, 112, ' Pancur Batu'),
(489, 112, ' Namo Rambe'),
(490, 112, ' Biru-biru'),
(491, 112, ' Sinembah Tanjung Muda Hilir'),
(492, 112, ' Bangun Purba'),
(493, 112, ' Galang'),
(494, 112, ' Tanjung Morawa'),
(495, 112, ' Patumbak'),
(496, 112, ' Deli Tua'),
(497, 112, ' Sunggal'),
(498, 112, ' Hamparan Perak'),
(499, 112, ' Labuhan Deli'),
(500, 112, ' Percut Sei Tuan'),
(501, 112, ' Batang Kuis'),
(502, 112, ' Pantai Labu'),
(503, 112, ' Beringin'),
(504, 112, ' Lubuk Pakam'),
(505, 112, ' Pagar Merbau'),
(506, 229, ' Bohorok'),
(507, 229, ' Sirapit'),
(508, 229, ' Salapian'),
(509, 229, ' Kutambaru'),
(510, 229, ' Sei Bingai'),
(511, 229, ' Kuala'),
(512, 229, ' Selesai'),
(513, 229, ' Binjai'),
(514, 229, ' Stabat'),
(515, 229, ' Wampu'),
(516, 229, ' Batang Serangan'),
(517, 229, ' Sawit Seberang'),
(518, 229, ' Padang Tualang'),
(519, 229, ' Hinai'),
(520, 229, ' Secanggang'),
(521, 229, ' Tanjung Pura'),
(522, 229, ' Gebang'),
(523, 229, ' Babalan'),
(524, 229, ' Sei Lepan'),
(525, 229, ' Brandan Barat'),
(526, 229, ' Besitang'),
(527, 229, ' Pangkalan Susu'),
(528, 229, ' Pematang Jaya'),
(529, 309, ' Hibala'),
(530, 309, ' Pulau-pulau Batu'),
(531, 309, ' Pulau-pulau Batu Timur'),
(532, 309, ' Teluk Dalam'),
(533, 309, ' Fanayama'),
(534, 309, ' Toma'),
(535, 309, ' Maniamolo'),
(536, 309, ' Mazino'),
(537, 309, ' Amandraya'),
(538, 309, ' Aramo'),
(539, 309, ' Lahusa'),
(540, 309, ' Gomo'),
(541, 309, ' Susua'),
(542, 309, ' Mazo'),
(543, 309, ' Umbunasi'),
(544, 309, ' Lolomatua'),
(545, 309, ' Hilimegai'),
(546, 146, ' Pakkat'),
(547, 146, ' Onan Ganjang'),
(548, 146, ' Sijama Polang'),
(549, 146, ' Dolok Sanggul'),
(550, 146, ' Lintong Nihuta'),
(551, 146, ' Paranginan'),
(552, 146, ' Bakti Raja'),
(553, 146, ' Pollung'),
(554, 146, ' Parlilitan'),
(555, 146, ' Tara Bintang'),
(556, 325, ' Salak'),
(557, 325, ' Sitellu Tali Urang Jehe'),
(558, 325, ' Pagindar'),
(559, 325, ' Sitellu Tali Urang Julu'),
(560, 325, ' Pergetteng-getteng Sengkut'),
(561, 325, ' Kerajaan'),
(562, 325, ' Tinada'),
(563, 325, ' Siempat Rube'),
(564, 389, ' Sianjur Mula Mula'),
(565, 389, ' Harian'),
(566, 389, ' Sitio-tio'),
(567, 389, ' Onan Runggu'),
(568, 389, ' Nainggolan'),
(569, 389, ' Palipi'),
(570, 389, ' Ronggur Nihuta'),
(571, 389, ' Pangururan'),
(572, 389, ' Simanindo'),
(573, 404, ' Kotarih'),
(574, 404, ' Silinda'),
(575, 404, ' Bintang Bayu'),
(576, 404, ' Dolok Masihul'),
(577, 404, ' Serbajadi'),
(578, 404, ' Sipispis'),
(579, 404, ' Dolok Merawan'),
(580, 404, ' Tebingtinggi'),
(581, 404, ' Tebing Syahbandar'),
(582, 404, ' Bandar Khalipah'),
(583, 404, ' Tanjung Beringin'),
(584, 404, ' Sei Rampah'),
(585, 404, ' Sei Bamban'),
(586, 404, ' Teluk Mengkudu'),
(587, 404, ' Perbaungan'),
(588, 404, ' Pegajahan'),
(589, 404, ' Pantai Cermin'),
(590, 52, ' Sei Balai'),
(591, 52, ' Tanjung Tiram'),
(592, 52, ' Talawi'),
(593, 52, ' Limapuluh'),
(594, 52, ' Air Putih'),
(595, 52, ' Sei Suka'),
(596, 52, ' Medang Deras'),
(597, 320, ' Batang Onang'),
(598, 320, ' Padang Bolak Julu'),
(599, 320, ' Portibi'),
(600, 320, ' Padang Bolak'),
(601, 320, ' Simangambat'),
(602, 320, ' Halongonan'),
(603, 320, ' Dolok'),
(604, 320, ' Dolok Sigompulon'),
(605, 320, ' Hulu Sihapas'),
(606, 319, ' Sosopan'),
(607, 319, ' Ulu Barumun'),
(608, 319, ' Barumun'),
(609, 319, ' Barumun Selatan'),
(610, 319, ' Lubuk Barumun'),
(611, 319, ' Sosa'),
(612, 319, ' Batang Lubu Sutam'),
(613, 319, ' Huta Raja Tinggi'),
(614, 319, ' Huristak'),
(615, 319, ' Barumun Tengah'),
(616, 319, ' Aek Nabara Barumun'),
(617, 319, ' Sihapas Barumun'),
(618, 218, ' Sungai Kanan'),
(619, 218, ' Torgamba'),
(620, 218, ' Kota Pinang'),
(621, 218, ' Silangkitang'),
(622, 218, ' Kampung Rakyat'),
(623, 219, ' Na Ix-x'),
(624, 219, ' Marbau'),
(625, 219, ' Aek Kuo'),
(626, 219, ' Aek Natas'),
(627, 219, ' Kualuh Selatan'),
(628, 219, ' Kualuh Hilir'),
(629, 219, ' Kualuh Hulu'),
(630, 219, ' Kualuh Leidong'),
(631, 310, ' Tugala Oyo'),
(632, 310, ' Alasa'),
(633, 310, ' Alasa Talu Muzoi'),
(634, 310, ' Namohalu Esiwa'),
(635, 310, ' Sitolu Ori'),
(636, 310, ' Tuhemberua'),
(637, 310, ' Sawo'),
(638, 310, ' Lotu'),
(639, 310, ' Lahewa Timur'),
(640, 310, ' Afulu'),
(641, 310, ' Lahewa'),
(642, 308, ' Sirombu'),
(643, 308, ' Lahomi'),
(644, 308, ' Ulu Moro O'),
(645, 308, ' Lolofitu Moi'),
(646, 308, ' Mandrehe Utara'),
(647, 308, ' Mandrehe'),
(648, 308, ' Mandrehe Barat'),
(649, 308, ' Moro O'),
(650, 407, ' Sibolga Utara'),
(651, 407, ' Sibolga Kota'),
(652, 407, ' Sibolga Selatan'),
(653, 407, ' Sibolga Sambas'),
(654, 459, ' Datuk Bandar'),
(655, 459, ' Datuk Bandar Timur'),
(656, 459, ' Tanjung Balai Selatan'),
(657, 459, ' Tanjung Balai Utara'),
(658, 459, ' Sei Tualang Raso'),
(659, 459, ' Teluk Nibung'),
(660, 353, ' Siantar Marihat'),
(661, 353, ' Siantar Marimbun'),
(662, 353, ' Siantar Selatan'),
(663, 353, ' Siantar Barat'),
(664, 353, ' Siantar Utara'),
(665, 353, ' Siantar Timur'),
(666, 353, ' Siantar Martoba'),
(667, 353, ' Siantar Sitalasari'),
(668, 470, ' Padang Hulu'),
(669, 470, ' Tebing Tinggi Kota'),
(670, 470, ' Rambutan'),
(671, 470, ' Bajenis'),
(672, 470, ' Padang Hilir'),
(673, 278, ' Medan Tuntungan'),
(674, 278, ' Medan Johor'),
(675, 278, ' Medan Amplas'),
(676, 278, ' Medan Denai'),
(677, 278, ' Medan Area'),
(678, 278, ' Medan Kota'),
(679, 278, ' Medan Maimun'),
(680, 278, ' Medan Polonia'),
(681, 278, ' Medan Baru'),
(682, 278, ' Medan Selayang'),
(683, 278, ' Medan Sunggal'),
(684, 278, ' Medan Helvetia'),
(685, 278, ' Medan Petisah'),
(686, 278, ' Medan Barat'),
(687, 278, ' Medan Timur'),
(688, 278, ' Medan Perjuangan'),
(689, 278, ' Medan Tembung'),
(690, 278, ' Medan Deli'),
(691, 278, ' Medan Labuhan'),
(692, 278, ' Medan Marelan'),
(693, 278, ' Medan Belawan'),
(694, 70, ' Binjai Selatan'),
(695, 70, ' Binjai Kota'),
(696, 70, ' Binjai Timur'),
(697, 70, ' Binjai Utara'),
(698, 70, ' Binjai Barat'),
(699, 323, ' Padangsidimpuan Tenggara'),
(700, 323, ' Padangsidimpuan Selatan'),
(701, 323, ' Padangsidimpuan Batunadua'),
(702, 323, ' Padangsidimpuan Utara'),
(703, 323, ' Padangsidimpuan Hutaimbaru'),
(704, 323, ' Padangsidimpuan Angkola Julu'),
(705, 137, ' Gunungsitoli Idanoi'),
(706, 137, ' Gunungsitoli Selatan'),
(707, 137, ' Gunungsitoli Barat'),
(708, 137, ' Gunung Sitoli'),
(709, 137, ' Gunungsitoli Alo Oa'),
(710, 137, ' Gunungsitoli Utara'),
(711, 186, ' Pagai Selatan'),
(712, 186, ' Sikakap'),
(713, 186, ' Pagai Utara'),
(714, 186, ' Sipora Selatan'),
(715, 186, ' Sipora Utara'),
(716, 186, ' Siberut Selatan'),
(717, 186, ' Seberut Barat Daya'),
(718, 186, ' Siberut Tengah'),
(719, 186, ' Siberut Utara'),
(720, 186, ' Siberut Barat'),
(721, 357, ' Lunang Silaut'),
(722, 357, ' Basa Ampek Balai Tapan'),
(723, 357, ' Pancung Soal'),
(724, 357, ' Linggo Sari Baganti'),
(725, 357, ' Ranah Pesisir'),
(726, 357, ' Lengayang'),
(727, 357, ' Sutera'),
(728, 357, ' Batang Kapas'),
(729, 357, ' Iv Jurai'),
(730, 357, ' Bayang'),
(731, 357, ' Iv  Nagari Bayang Utara'),
(732, 357, ' Koto Xi Tarusan'),
(733, 420, ' Pantai Cermin'),
(734, 420, ' Lembah Gumanti'),
(735, 420, ' Hiliran Gumanti'),
(736, 420, ' Payung Sekaki'),
(737, 420, ' Tigo Lurah'),
(738, 420, ' Lembang Jaya'),
(739, 420, ' Danau Kembar'),
(740, 420, ' Gunung Talang'),
(741, 420, ' Bukit Sundi'),
(742, 420, ' Ix Koto Sungai Lasi'),
(743, 420, ' Kubung'),
(744, 420, ' X Koto Diatas'),
(745, 420, ' X Koto Singkarak'),
(746, 420, ' Junjung Sirih'),
(747, 411, ' Kamang Baru'),
(748, 411, ' Tanjung Gadang'),
(749, 411, ' Sijunjung'),
(750, 411, ' Lubuk Tarok'),
(751, 411, ' Iv Nagari'),
(752, 411, ' Kupitan'),
(753, 411, ' Koto Tujuh'),
(754, 411, ' Sumpur Kudus'),
(755, 453, ' Sepuluh Koto'),
(756, 453, ' Batipuh'),
(757, 453, ' Batipuh Selatan'),
(758, 453, ' Pariangan'),
(759, 453, ' Rambatan'),
(760, 453, ' Lima Kaum'),
(761, 453, ' Tanjung Emas'),
(762, 453, ' Padang Ganting'),
(763, 453, ' Lintau Buo'),
(764, 453, ' Lintau Buo Utara'),
(765, 453, ' Sungayang'),
(766, 453, ' Sungai Tarab'),
(767, 453, ' Salimpaung'),
(768, 453, ' Tanjung Baru'),
(769, 322, ' Batang Anai'),
(770, 322, ' Lubuk Alung'),
(771, 322, ' Sintuk Toboh Gadang'),
(772, 322, ' Ulakan Tapakis'),
(773, 322, ' Nan Sabaris'),
(774, 322, ' 2 X 11 Enam Lingkung'),
(775, 322, ' Enam Lingkung'),
(776, 322, ' 2 X 11 Kayu Tanam'),
(777, 322, ' Vii Koto Sungai Sariak'),
(778, 322, ' Patamuan'),
(779, 322, ' Padang Sago'),
(780, 322, ' V Koto Kp Dalam'),
(781, 322, ' V Koto Timur'),
(782, 322, ' Sungai Limau'),
(783, 322, ' Batang Gasan'),
(784, 322, ' Sungai Geringging'),
(785, 322, ' Iv Koto Aur Malintang'),
(786, 12, ' Tanjung Mutiara'),
(787, 12, ' Lubuk Basung'),
(788, 12, ' Ampek Nagari'),
(789, 12, ' Tanjung Raya'),
(790, 12, ' Matur'),
(791, 12, ' Iv Koto'),
(792, 12, ' Malalak'),
(793, 12, ' Banuhampu'),
(794, 12, ' Sungai Pua'),
(795, 12, ' Ampek Angkek'),
(796, 12, ' Canduang'),
(797, 12, ' Baso'),
(798, 12, ' Tilatang Kamang'),
(799, 12, ' Kamang Magek'),
(800, 12, ' Palembayan'),
(801, 12, ' Palupuh'),
(802, 236, ' Payakumbuh'),
(803, 236, ' Akabiluru'),
(804, 236, ' Luak'),
(805, 236, ' Lareh Sago Halaban'),
(806, 236, ' Situjuah Limo Nagari'),
(807, 236, ' Harau'),
(808, 236, ' Guguak'),
(809, 236, ' Mungka'),
(810, 236, ' Suliki'),
(811, 236, ' Bukik Barisan'),
(812, 236, ' Gunuang Omeh'),
(813, 236, ' Kapur Ix'),
(814, 236, ' Pangkalan Koto Baru'),
(815, 339, ' Bonjol'),
(816, 339, ' Tigo Nagari'),
(817, 339, ' Simpang Alahan Mati'),
(818, 339, ' Lubuk Sikaping'),
(819, 339, ' Dua Koto'),
(820, 339, ' Panti'),
(821, 339, ' Padang Gelugur'),
(822, 339, ' Rao'),
(823, 339, ' Mapat Tunggul'),
(824, 339, ' Mapat Tunggul Selatan'),
(825, 339, ' Rao Selatan'),
(826, 339, ' Rao Utara'),
(827, 422, ' Sangir'),
(828, 422, ' Sangir Jujuan'),
(829, 422, ' Sangir Balai Janggo'),
(830, 422, ' Sangir Batang Hari'),
(831, 422, ' Sungai Pagu'),
(832, 422, ' Pauah Duo'),
(833, 422, ' Koto Parik Gadang Diateh'),
(834, 116, ' Sungai Rumbai'),
(835, 116, ' Koto Besar'),
(836, 116, ' Asam Jujuhan'),
(837, 116, ' Koto Baru'),
(838, 116, ' Koto Salak'),
(839, 116, ' Tiumang'),
(840, 116, ' Padang Laweh'),
(841, 116, ' Sitiung'),
(842, 116, ' Timpeh'),
(843, 116, ' Pulau Punjung'),
(844, 116, ' Ix Koto'),
(845, 340, ' Sungai Beremas'),
(846, 340, ' Ranah Batahan'),
(847, 340, ' Koto Balingka'),
(848, 340, ' Sungai Aur'),
(849, 340, ' Lembah Malintang'),
(850, 340, ' Gunung Tuleh'),
(851, 340, ' Talamau'),
(852, 340, ' Pasaman'),
(853, 340, ' Luhak Nan Duo'),
(854, 340, ' Sasak Ranah Pasisie'),
(855, 340, ' Kinali'),
(856, 318, ' Bungus Teluk Kabung'),
(857, 318, ' Lubuk Kilangan'),
(858, 318, ' Lubuk Begalung'),
(859, 318, ' Padang Selatan'),
(860, 318, ' Padang Timur'),
(861, 318, ' Padang Barat'),
(862, 318, ' Padang Utara'),
(863, 318, ' Nanggalo'),
(864, 318, ' Kuranji'),
(865, 318, ' Pauh'),
(866, 318, ' Koto Tangah'),
(867, 421, ' Lubuk Sikarah'),
(868, 421, ' Tanjung Harapan'),
(869, 394, ' Silungkang'),
(870, 394, ' Lembah Segar'),
(871, 394, ' Barangin'),
(872, 394, ' Talawi'),
(873, 321, ' Padang Panjang Barat'),
(874, 321, ' Padang Panjang Timur'),
(875, 93, ' Guguk Panjang'),
(876, 93, ' Mandiangin Koto Selayan'),
(877, 93, ' Aur Birugo Tigo Baleh'),
(878, 345, ' Payakumbuh Barat'),
(879, 345, ' Payakumbuh Selatan'),
(880, 345, ' Payakumbuh Timur'),
(881, 345, ' Payakumbuh Utara'),
(882, 345, ' Lamposi Tigo Nagori'),
(883, 337, ' Pariaman Selatan'),
(884, 337, ' Pariaman Tengah'),
(885, 337, ' Pariaman Timur'),
(886, 337, ' Pariaman Utara'),
(887, 207, ' Kuantan Mudik'),
(888, 207, ' Hulu Kuantan'),
(889, 207, ' Gunung Toar'),
(890, 207, ' Pucuk Rantau'),
(891, 207, ' Singingi'),
(892, 207, ' Singingi Hilir'),
(893, 207, ' Kuantan Tengah'),
(894, 207, ' Sentajo Raya'),
(895, 207, ' Benai'),
(896, 207, ' Kuantan Hilir'),
(897, 207, ' Pangean'),
(898, 207, ' Logas Tanah Darat'),
(899, 207, ' Kuantan Hilir Seberang'),
(900, 207, ' Cerenti'),
(901, 207, ' Inuman'),
(902, 148, ' Peranap'),
(903, 148, ' Batang Peranap'),
(904, 148, ' Seberida'),
(905, 148, ' Batang Cenaku'),
(906, 148, ' Batang Gansal'),
(907, 148, ' Kelayang'),
(908, 148, ' Rakit Kulim'),
(909, 148, ' Pasir Penyu'),
(910, 148, ' Lirik'),
(911, 148, ' Sungai Lala'),
(912, 148, ' Lubuk Batu Jaya'),
(913, 148, ' Rengat Barat'),
(914, 148, ' Rengat'),
(915, 148, ' Kuala Cenaku'),
(916, 147, ' Keritang'),
(917, 147, ' Kemuning'),
(918, 147, ' Reteh'),
(919, 147, ' Sungai Batang'),
(920, 147, ' Enok'),
(921, 147, ' Tanah Merah'),
(922, 147, ' Kuala Indragiri'),
(923, 147, ' Concong'),
(924, 147, ' Tembilahan'),
(925, 147, ' Tembilahan Hulu'),
(926, 147, ' Tempuling'),
(927, 147, ' Kempas'),
(928, 147, ' Batang Tuaka'),
(929, 147, ' Gaung Anak Serka'),
(930, 147, ' Gaung'),
(931, 147, ' Mandah'),
(932, 147, ' Kateman'),
(933, 147, ' Pelangiran'),
(934, 147, ' Teluk Belengkong'),
(935, 147, ' Pulau Burung'),
(936, 351, ' Langgam'),
(937, 351, ' Pangkalan Kerinci'),
(938, 351, ' Bandar Seikijang'),
(939, 351, ' Pangkalan Kuras'),
(940, 351, ' Ukui'),
(941, 351, ' Pangkalan Lesung'),
(942, 351, ' Bunut'),
(943, 351, ' Pelalawan'),
(944, 351, ' Bandar Petalangan'),
(945, 351, ' Kuala Kampar'),
(946, 351, ' Kerumutan'),
(947, 351, ' Teluk Meranti'),
(948, 406, ' Minas'),
(949, 406, ' Sungai Mandau'),
(950, 406, ' Kandis'),
(951, 406, ' Siak'),
(952, 406, ' Kerinci Kanan'),
(953, 406, ' Tualang'),
(954, 406, ' Dayun'),
(955, 406, ' Lubuk Dalam'),
(956, 406, ' Koto Gasib'),
(957, 406, ' Mempura'),
(958, 406, ' Sungai Apit'),
(959, 406, ' Bunga Raya'),
(960, 406, ' Sabak Auh'),
(961, 406, ' Pusako'),
(962, 166, ' Kampar Kiri'),
(963, 166, ' Kampar Kiri Hulu'),
(964, 166, ' Kampar Kiri Hilir'),
(965, 166, ' Gunung Sahilan'),
(966, 166, ' Kampar Kiri Tengah'),
(967, 166, ' Xiii Koto Kampar'),
(968, 166, ' Koto Kampar Hulu'),
(969, 166, ' Kuok'),
(970, 166, ' Salo'),
(971, 166, ' Tapung'),
(972, 166, ' Tapung Hulu'),
(973, 166, ' Tapung Hilir'),
(974, 166, ' Bangkinang'),
(975, 166, ' Bangkinang Seberang'),
(976, 166, ' Kampar'),
(977, 166, ' Kampar Timur'),
(978, 166, ' Rumbio Jaya'),
(979, 166, ' Kampar Utara'),
(980, 166, ' Tambang'),
(981, 166, ' Siak Hulu'),
(982, 166, ' Perhentian Raja'),
(983, 382, ' Rokan Iv Koto'),
(984, 382, ' Pendalian Iv Koto'),
(985, 382, ' Tandun'),
(986, 382, ' Kabun'),
(987, 382, ' Ujung Batu'),
(988, 382, ' Rambah Samo'),
(989, 382, ' Rambah'),
(990, 382, ' Rambah Hilir'),
(991, 382, ' Bangun Purba'),
(992, 382, ' Tambusai'),
(993, 382, ' Tambusai Utara'),
(994, 382, ' Kepenuhan'),
(995, 382, ' Kepenuhan Hulu'),
(996, 382, ' Kunto Darussalam'),
(997, 382, ' Pagaran Tapah Darussalam'),
(998, 382, ' Bonai Darussalam'),
(999, 60, ' Mandau'),
(1000, 60, ' Pinggir'),
(1001, 60, ' Bukit Batu'),
(1002, 60, ' Siak Kecil'),
(1003, 60, ' Rupat'),
(1004, 60, ' Rupat Utara'),
(1005, 60, ' Bengkalis'),
(1006, 60, ' Bantan'),
(1007, 381, ' Tanah Putih'),
(1008, 381, ' Pujud'),
(1009, 381, ' Tanah Putih Tanjung Melawan'),
(1010, 381, ' Rantau Kopar'),
(1011, 381, ' Bagan Sinembah'),
(1012, 381, ' Simpang Kanan'),
(1013, 381, ' Kubu'),
(1014, 381, ' Pasir Limau Kapas'),
(1015, 381, ' Kubu Babussalam'),
(1016, 381, ' Bangko'),
(1017, 381, ' Sinaboi'),
(1018, 381, ' Batu Hampar'),
(1019, 381, ' Pekaitan'),
(1020, 381, ' Rimba Melintang'),
(1021, 381, ' Bangko Pusako'),
(1022, 187, ' Tebing Tinggi Barat'),
(1023, 187, ' Tebing Tinggi'),
(1024, 187, ' Tebing Tinggi Timur'),
(1025, 187, ' Rangsang'),
(1026, 187, ' Rangsang Pesisir'),
(1027, 187, ' Rangsang Barat'),
(1028, 187, ' Merbau'),
(1029, 187, ' Pulau Merbau'),
(1030, 187, ' Putri Puyu'),
(1031, 350, ' Tampan'),
(1032, 350, ' Payung Sekaki'),
(1033, 350, ' Bukit Raya'),
(1034, 350, ' Marpoyan Damai'),
(1035, 350, ' Tenayan Raya'),
(1036, 350, ' Limapuluh'),
(1037, 350, ' Sail'),
(1038, 350, ' Pekanbaru Kota'),
(1039, 350, ' Sukajadi'),
(1040, 350, ' Senapelan'),
(1041, 350, ' Rumbai'),
(1042, 350, ' Rumbai Pesisir'),
(1043, 120, ' Bukit Kapur'),
(1044, 120, ' Medang Kampai'),
(1045, 120, ' Sungai Sembilan'),
(1046, 120, ' Dumai Barat'),
(1047, 120, ' Dumai Selatan'),
(1048, 120, ' Dumai Timur'),
(1049, 120, ' Dumai Kota'),
(1050, 194, ' Gunung Raya'),
(1051, 194, ' Bukit Kerman'),
(1052, 194, ' Batang Merangin'),
(1053, 194, ' Keliling Danau'),
(1054, 194, ' Danau Kerinci'),
(1055, 194, ' Sitinjau Laut'),
(1056, 194, ' Air Hangat'),
(1057, 194, ' Air Hangat Timur'),
(1058, 194, ' Depati Vii'),
(1059, 194, ' Air Hangat Barat'),
(1060, 194, ' Gunung Kerinci'),
(1061, 194, ' Siulak'),
(1062, 194, ' Siulak Mukai'),
(1063, 194, ' Kayu Aro'),
(1064, 194, ' Gunung Tujuh'),
(1065, 194, ' Kayu Aro Barat'),
(1066, 280, ' Jangkat'),
(1067, 280, ' Sungai Tenang'),
(1068, 280, ' Muara Siau'),
(1069, 280, ' Lembah Masurai'),
(1070, 280, ' Tiang Pumpung'),
(1071, 280, ' Pamenang'),
(1072, 280, ' Pamenang Barat'),
(1073, 280, ' Renah Pamenang'),
(1074, 280, ' Pamenang Selatan'),
(1075, 280, ' Bangko'),
(1076, 280, ' Bangko Barat'),
(1077, 280, ' Nalo Tantan'),
(1078, 280, ' Batang Masumai'),
(1079, 280, ' Sungai Manau'),
(1080, 280, ' Renah Pembarap'),
(1081, 280, ' Pangkalan Jambu'),
(1082, 280, ' Tabir'),
(1083, 280, ' Tabir Ulu'),
(1084, 280, ' Tabir Selatan'),
(1085, 280, ' Tabir Ilir'),
(1086, 280, ' Tabir Timur'),
(1087, 280, ' Tabir Lintas'),
(1088, 280, ' Margo Tabir'),
(1089, 280, ' Tabir Barat'),
(1090, 393, ' Batang Asai'),
(1091, 393, ' Limun'),
(1092, 393, ' Cermin Nan Gedang'),
(1093, 393, ' Pelawan'),
(1094, 393, ' Singkut'),
(1095, 393, ' Sarolangun'),
(1096, 393, ' Bathin Viii'),
(1097, 393, ' Pauh'),
(1098, 393, ' Air Hitam'),
(1099, 393, ' Mandiangin'),
(1100, 50, ' Mersam'),
(1101, 50, ' Maro Sebo Ulu'),
(1102, 50, ' Batin Xxiv'),
(1103, 50, ' Muara Tembesi'),
(1104, 50, ' Muara Bulian'),
(1105, 50, ' Bajubang'),
(1106, 50, ' Maro Sebo Ilir'),
(1107, 50, ' Pemayung'),
(1108, 293, ' Mestong'),
(1109, 293, ' Sungai Bahar'),
(1110, 293, ' Bahar Selatan'),
(1111, 293, ' Bahar Utara'),
(1112, 293, ' Kumpeh Ulu'),
(1113, 293, ' Sungai Gelam'),
(1114, 293, ' Kumpeh'),
(1115, 293, ' Maro Sebo'),
(1116, 293, ' Taman Rajo'),
(1117, 293, ' Jambi Luar Kota'),
(1118, 293, ' Sekernan'),
(1119, 461, ' Mendahara'),
(1120, 461, ' Mendahara Ulu'),
(1121, 461, ' Geragai'),
(1122, 461, ' Dendang'),
(1123, 461, ' Muara Sabak Barat'),
(1124, 461, ' Muara Sabak Timur'),
(1125, 461, ' Kuala Jambi'),
(1126, 461, ' Rantau Rasau'),
(1127, 461, ' Berbak'),
(1128, 461, ' Nipah Panjang'),
(1129, 461, ' Sadu'),
(1130, 460, ' Tungkal Ulu'),
(1131, 460, ' Merlung'),
(1132, 460, ' Batang Asam'),
(1133, 460, ' Tebing Tinggi'),
(1134, 460, ' Renah Mendaluh'),
(1135, 460, ' Muara Papalik'),
(1136, 460, ' Pengabuan'),
(1137, 460, ' Senyerang'),
(1138, 460, ' Tungkal Ilir'),
(1139, 460, ' Bram Itam'),
(1140, 460, ' Seberang Kota'),
(1141, 460, ' Betara'),
(1142, 460, ' Kuala Betara'),
(1143, 471, ' Tebo Ilir'),
(1144, 471, ' Muara Tabir'),
(1145, 471, ' Tebo Tengah'),
(1146, 471, ' Sumay'),
(1147, 471, ' Tengah Ilir'),
(1148, 471, ' Rimbo Bujang'),
(1149, 471, ' Rimbo Ulu'),
(1150, 471, ' Rimbo Ilir'),
(1151, 471, ' Tebo Ulu'),
(1152, 471, ' Vii Koto'),
(1153, 471, ' Serai Serumpun'),
(1154, 471, ' Vii Koto Ilir'),
(1155, 97, ' Pelepat'),
(1156, 97, ' Pelepat Ilir'),
(1157, 97, ' Bathin Ii Babeko'),
(1158, 97, ' Rimbo Tengah'),
(1159, 97, ' Bungo Dani'),
(1160, 97, ' Pasar Muara Bungo'),
(1161, 97, ' Bathin Iii'),
(1162, 97, ' Rantau Pandan'),
(1163, 97, ' Muko-muko Bathin Vii'),
(1164, 97, ' Bathin Iii Ulu'),
(1165, 97, ' Tanah Sepenggal'),
(1166, 97, ' Tanah Sepenggal Lintas'),
(1167, 97, ' Tanah Tumbuh'),
(1168, 97, ' Limbur Lubuk Mengkuang'),
(1169, 97, ' Bathin Ii Pelayang'),
(1170, 97, ' Jujuhan'),
(1171, 97, ' Jujuhan Ilir'),
(1172, 156, ' Kota Baru'),
(1173, 156, ' Jambi Selatan'),
(1174, 156, ' Jelutung'),
(1175, 156, ' Pasar Jambi'),
(1176, 156, ' Telanaipura'),
(1177, 156, ' Danau Teluk'),
(1178, 156, ' Pelayangan'),
(1179, 156, ' Jambi Timur'),
(1180, 442, ' Tanah Kampung'),
(1181, 442, ' Kumun Debai'),
(1182, 442, ' Sungai Penuh'),
(1183, 442, ' Pondok Tingggi'),
(1184, 442, ' Sungai Bungkal'),
(1185, 442, ' Hamparan Rawang'),
(1186, 442, ' Pesisir Bukit'),
(1187, 442, ' Koto Baru'),
(1188, 314, ' Lengkiti'),
(1189, 314, ' Sosoh Buay Rayap'),
(1190, 314, ' Pengandonan'),
(1191, 314, ' Semidang Aji'),
(1192, 314, ' Ulu Ogan'),
(1193, 314, ' Muara Jaya'),
(1194, 314, ' Peninjauan'),
(1195, 314, ' Lubuk Batang'),
(1196, 314, ' Sinar Peninjauan'),
(1197, 314, ' Batu Raja Timur'),
(1198, 314, ' Lubuk Raja'),
(1199, 314, ' Batu Raja Barat'),
(1200, 313, ' Lempuing'),
(1201, 313, ' Lempuing Jaya'),
(1202, 313, ' Mesuji'),
(1203, 313, ' Sungai Menang'),
(1204, 313, ' Mesuji Makmur'),
(1205, 313, ' Mesuji Raya'),
(1206, 313, ' Tulung Selapan'),
(1207, 313, ' Cengal'),
(1208, 313, ' Pedamaran'),
(1209, 313, ' Pedamaran Timur'),
(1210, 313, ' Tanjung Lubuk'),
(1211, 313, ' Teluk Gelam'),
(1212, 313, ' Kota Kayu Agung'),
(1213, 313, ' Sirah Pulau Padang'),
(1214, 313, ' Jejawi'),
(1215, 313, ' Pampangan'),
(1216, 313, ' Pangkalan Lapam'),
(1217, 313, ' Air Sugihan'),
(1218, 292, ' Semendo Darat Laut'),
(1219, 292, ' Semendo Darat Ulu'),
(1220, 292, ' Semendo Darat Tengah'),
(1221, 292, ' Tanjung Agung'),
(1222, 292, ' Rambang'),
(1223, 292, ' Lubai'),
(1224, 292, ' Lawang Kidul'),
(1225, 292, ' Muara Enim'),
(1226, 292, ' Ujan Mas'),
(1227, 292, ' Gunung Megang'),
(1228, 292, ' Benakat'),
(1229, 292, ' Belimbing'),
(1230, 292, ' Rambang Dangku'),
(1231, 292, ' Talang Ubi'),
(1232, 292, ' Penukal'),
(1233, 292, ' Tanah Abang'),
(1234, 292, ' Penukal Utara'),
(1235, 292, ' Abab'),
(1236, 292, ' Gelumbang'),
(1237, 292, ' Lembak'),
(1238, 292, ' Sungai Rotan'),
(1239, 292, ' Muara Belida'),
(1240, 292, ' Kelekar'),
(1241, 292, ' Belida Darat'),
(1242, 220, ' Tanjung Sakti Pumi'),
(1243, 220, ' Tanjung Sakti Pumu'),
(1244, 220, ' Kota Agung'),
(1245, 220, ' Mulak Ulu'),
(1246, 220, ' Tanjung Tebat'),
(1247, 220, ' Pulau Pinang'),
(1248, 220, ' Pagar Gunung'),
(1249, 220, ' Gumay Ulu'),
(1250, 220, ' Jarai'),
(1251, 220, ' Pajar Bulan'),
(1252, 220, ' Muara Payang'),
(1253, 220, ' Sukamerindu'),
(1254, 220, ' Kikim Barat'),
(1255, 220, ' Kikim Timur'),
(1256, 220, ' Kikim Selatan'),
(1257, 220, ' Kikim Tengah'),
(1258, 220, ' Lahat'),
(1259, 220, ' Gumay Talang'),
(1260, 220, ' Pseksu'),
(1261, 220, ' Merapi Barat'),
(1262, 220, ' Merapi Timur'),
(1263, 220, ' Merapi Selatan'),
(1264, 298, ' Rawas Ulu'),
(1265, 298, ' Ulu Rawas'),
(1266, 298, ' Rupit'),
(1267, 298, ' Karang Jaya'),
(1268, 298, ' Suku Tengah Lakitan Ulu'),
(1269, 298, ' Selangit'),
(1270, 298, ' Sumber Harta'),
(1271, 298, ' Tugumulyo'),
(1272, 298, ' Purwodadi'),
(1273, 298, ' Muara Beliti'),
(1274, 298, ' Tiang Pumpung Kepungut'),
(1275, 298, ' Jayaloka'),
(1276, 298, ' Suka Karya'),
(1277, 298, ' Muara Kelingi'),
(1278, 298, ' Bulang Tengah Suku Ulu'),
(1279, 298, ' Tuah Negeri'),
(1280, 298, ' Muara Lakitan'),
(1281, 298, ' Megang Sakti'),
(1282, 298, ' Rawas Ilir'),
(1283, 298, ' Karang Dapo'),
(1284, 298, ' Nibung'),
(1285, 297, ' Sanga Desa'),
(1286, 297, ' Babat Toman'),
(1287, 297, ' Batanghari Leko'),
(1288, 297, ' Plakat Tinggi'),
(1289, 297, ' Lawang Wetan'),
(1290, 297, ' Sungai Keruh'),
(1291, 297, ' Sekayu'),
(1292, 297, ' Lais'),
(1293, 297, ' Sungai Lilin'),
(1294, 297, ' Keluang'),
(1295, 297, ' Babat Supat'),
(1296, 297, ' Bayung Lencir'),
(1297, 297, ' Lalan'),
(1298, 297, ' Tungkal Jaya'),
(1299, 40, ' Rantau Bayur'),
(1300, 40, ' Betung'),
(1301, 40, ' Suak Tapeh'),
(1302, 40, ' Pulau Rimau'),
(1303, 40, ' Tungkal Ilir'),
(1304, 40, ' Banyuasin Iii'),
(1305, 40, ' Sembawa'),
(1306, 40, ' Talang Kelapa'),
(1307, 40, ' Tanjung Lago'),
(1308, 40, ' Banyuasin I'),
(1309, 40, ' Air Kumbang'),
(1310, 40, ' Rambutan'),
(1311, 40, ' Muara Padang'),
(1312, 40, ' Muara Sugihan'),
(1313, 40, ' Makarti Jaya'),
(1314, 40, ' Air Saleh'),
(1315, 40, ' Banyuasin Ii'),
(1316, 40, ' Muara Telang'),
(1317, 40, ' Sumber Marga Telang'),
(1318, 315, ' Mekakau Ilir'),
(1319, 315, ' Banding Agung'),
(1320, 315, ' Warkuk Ranau Selatan'),
(1321, 315, ' Buay Pemaca'),
(1322, 315, ' Simpang'),
(1323, 315, ' Buana Pemaca'),
(1324, 315, ' Muaradua'),
(1325, 315, ' Buay Rawan'),
(1326, 315, ' Buay Sandang Aji'),
(1327, 315, ' Tiga Dihaji'),
(1328, 315, ' Buay Runjung'),
(1329, 315, ' Runjung Agung'),
(1330, 315, ' Kisam Tinggi'),
(1331, 315, ' Muaradua Kisam'),
(1332, 315, ' Kisam Ilir'),
(1333, 315, ' Pulau Beringin'),
(1334, 315, ' Sindang Danau'),
(1335, 315, ' Sungai Are'),
(1336, 316, ' Martapura'),
(1337, 316, ' Bunga Mayang'),
(1338, 316, ' Jaya Pura'),
(1339, 316, ' Buay Pemuka Peliung'),
(1340, 316, ' Buay Madang'),
(1341, 316, ' Buay Madang Timur'),
(1342, 316, ' Buay Pemuka Bangsa Raja'),
(1343, 316, ' Madang Suku Ii'),
(1344, 316, ' Madang Suku Iii'),
(1345, 316, ' Madang Suku I'),
(1346, 316, ' Belitang Madang Raya'),
(1347, 316, ' Belitang'),
(1348, 316, ' Belitang Jaya'),
(1349, 316, ' Belitang Iii'),
(1350, 316, ' Belitang Ii'),
(1351, 316, ' Belitang Mulya'),
(1352, 316, ' Semendawai Suku Iii'),
(1353, 316, ' Semendawai Timur'),
(1354, 316, ' Cempaka'),
(1355, 316, ' Semendawai Barat'),
(1356, 312, ' Muara Kuang'),
(1357, 312, ' Rambang Kuang'),
(1358, 312, ' Lubuk Keliat'),
(1359, 312, ' Tanjung Batu'),
(1360, 312, ' Payaraman'),
(1361, 312, ' Rantau Alai'),
(1362, 312, ' Kandis'),
(1363, 312, ' Tanjung Raja'),
(1364, 312, ' Rantau Panjang'),
(1365, 312, ' Sungai Pinang'),
(1366, 312, ' Pemulutan'),
(1367, 312, ' Pemulutan Selatan'),
(1368, 312, ' Pemulutan Barat'),
(1369, 312, ' Indralaya'),
(1370, 312, ' Indralaya Utara'),
(1371, 312, ' Indralaya Selatan'),
(1372, 121, ' Muara Pinang'),
(1373, 121, ' Lintang Kanan'),
(1374, 121, ' Pendopo'),
(1375, 121, ' Pendopo Barat'),
(1376, 121, ' Pasemah Air Keruh'),
(1377, 121, ' Ulu Musi'),
(1378, 121, ' Sikap Dalam'),
(1379, 121, ' Talang Padang'),
(1380, 121, ' Tebing Tinggi'),
(1381, 121, ' Saling'),
(1382, 327, ' Ilir Barat Ii'),
(1383, 327, ' Gandus'),
(1384, 327, ' Seberang Ulu I'),
(1385, 327, ' Kertapati'),
(1386, 327, ' Seberang Ulu Ii'),
(1387, 327, ' Plaju'),
(1388, 327, ' Ilir Barat I'),
(1389, 327, ' Bukit Kecil'),
(1390, 327, ' Ilir Timur I'),
(1391, 327, ' Kemuning'),
(1392, 327, ' Ilir Timur Ii'),
(1393, 327, ' Kalidoni'),
(1394, 327, ' Sako'),
(1395, 327, ' Sematang Borang'),
(1396, 327, ' Sukarami'),
(1397, 327, ' Alang Alang Lebar'),
(1398, 367, ' Rambang Kapak Tengah'),
(1399, 367, ' Prabumulih Timur'),
(1400, 367, ' Prabumulih Selatan'),
(1401, 367, ' Prabumulih Barat'),
(1402, 367, ' Prabumulih Utara'),
(1403, 367, ' Cambai'),
(1404, 324, ' Dempo Selatan'),
(1405, 324, ' Dempo Tengah'),
(1406, 324, ' Dempo Utara'),
(1407, 324, ' Pagar Alam Selatan'),
(1408, 324, ' Pagar Alam Utara'),
(1409, 242, ' Lubuk Linggau Barat I'),
(1410, 242, ' Lubuk Linggau Barat Ii'),
(1411, 242, ' Lubuk Linggau Selatan I'),
(1412, 242, ' Lubuk Linggau Selatan Ii'),
(1413, 242, ' Lubuk Linggau Timur I'),
(1414, 242, ' Lubuk Linggau Timur Ii'),
(1415, 242, ' Lubuk Linggau Utara I'),
(1416, 242, ' Lubuk Linggau Utara Ii'),
(1417, 63, ' Manna'),
(1418, 63, ' Kota Manna'),
(1419, 63, ' Kedurang'),
(1420, 63, ' Bunga Mas'),
(1421, 63, ' Pasar Manna'),
(1422, 63, ' Kedurang Ilir'),
(1423, 63, ' Seginim'),
(1424, 63, ' Air Nipis'),
(1425, 63, ' Pino'),
(1426, 63, ' Pinoraya'),
(1427, 63, ' Ulu Manna'),
(1428, 379, ' Kota Padang'),
(1429, 379, ' Sindang Beliti Ilir'),
(1430, 379, ' Padang Ulak Tanding'),
(1431, 379, ' Sindang Kelingi'),
(1432, 379, ' Bindu Riang'),
(1433, 379, ' Sindang Beliti Ulu'),
(1434, 379, ' Sindang Dataran'),
(1435, 379, ' Curup'),
(1436, 379, ' Bermani Ulu'),
(1437, 379, ' Selupu Rejang'),
(1438, 379, ' Curup Selatan'),
(1439, 379, ' Curup Tengah'),
(1440, 379, ' Bermani Ulu Raya'),
(1441, 379, ' Curup Utara'),
(1442, 379, ' Curup Timur'),
(1443, 65, ' Enggano'),
(1444, 65, ' Kerkap'),
(1445, 65, ' Air Napal'),
(1446, 65, ' Air Besi'),
(1447, 65, ' Hulu Palik'),
(1448, 65, ' Tanjung Agung Palik'),
(1449, 65, ' Arga Makmur'),
(1450, 65, ' Arma Jaya'),
(1451, 65, ' Lais'),
(1452, 65, ' Batik Nau'),
(1453, 65, ' Giri Mulya'),
(1454, 65, ' Air Padang'),
(1455, 65, ' Padang Jaya'),
(1456, 65, ' Ketahun'),
(1457, 65, ' Napal Putih'),
(1458, 65, ' Ulok Kupai'),
(1459, 65, ' Putri Hijau'),
(1460, 175, ' Nasal'),
(1461, 175, ' Maje'),
(1462, 175, ' Kaur Selatan'),
(1463, 175, ' Tetap'),
(1464, 175, ' Kaur Tengah'),
(1465, 175, ' Luas'),
(1466, 175, ' Muara Sahung'),
(1467, 175, ' Kinal'),
(1468, 175, ' Semidang Gumay'),
(1469, 175, ' Tanjung Kemuning'),
(1470, 175, ' Kelam Tengah'),
(1471, 175, ' Kaur Utara'),
(1472, 175, ' Padang Guci Hilir'),
(1473, 175, ' Lungkang Kule'),
(1474, 175, ' Padang Guci Hulu'),
(1475, 397, ' Semidang Alas Maras'),
(1476, 397, ' Semidang Alas'),
(1477, 397, ' Talo'),
(1478, 397, ' Ilir Talo'),
(1479, 397, ' Talo Kecil'),
(1480, 397, ' Ulu Talo'),
(1481, 397, ' Seluma'),
(1482, 397, ' Seluma Selatan'),
(1483, 397, ' Seluma Barat'),
(1484, 397, ' Seluma Timur'),
(1485, 397, ' Seluma Utara'),
(1486, 397, ' Sukaraja'),
(1487, 397, ' Air Periukan'),
(1488, 397, ' Lubuk Sandi'),
(1489, 294, ' Ipuh'),
(1490, 294, ' Air Rami'),
(1491, 294, ' Malin Deman'),
(1492, 294, ' Pondok Suguh'),
(1493, 294, ' Sungai Rumbai'),
(1494, 294, ' Teramang Jaya'),
(1495, 294, ' Teras Terunjam'),
(1496, 294, ' Penarik'),
(1497, 294, ' Selagan Raya'),
(1498, 294, ' Kota Mukomuko'),
(1499, 294, ' Air Dikit'),
(1500, 294, ' Xiv Koto'),
(1501, 294, ' Lubuk Pinang'),
(1502, 294, ' Air Manjunto'),
(1503, 294, ' V Koto'),
(1504, 233, ' Rimbo Pengadang'),
(1505, 233, ' Topos'),
(1506, 233, ' Lebong Selatan'),
(1507, 233, ' Bingin Kuning'),
(1508, 233, ' Lebong Tengah'),
(1509, 233, ' Lebong Sakti'),
(1510, 233, ' Lebong Atas'),
(1511, 233, ' Padang Bano'),
(1512, 233, ' Pelabai'),
(1513, 233, ' Lebong Utara'),
(1514, 233, ' Amen'),
(1515, 233, ' Uram Jaya'),
(1516, 233, ' Pinang Belapis'),
(1517, 183, ' Muara Kemumu'),
(1518, 183, ' Bermani Ilir'),
(1519, 183, ' Seberang Musi'),
(1520, 183, ' Tebat Karai'),
(1521, 183, ' Kepahiang'),
(1522, 183, ' Kaba Wetan'),
(1523, 183, ' Ujan Mas'),
(1524, 183, ' Merigi'),
(1525, 64, ' Talang Empat'),
(1526, 64, ' Karang Tinggi'),
(1527, 64, ' Taba Penanjung'),
(1528, 64, ' Merigi Kelindang'),
(1529, 64, ' Pagar Jati'),
(1530, 64, ' Merigi Sakti'),
(1531, 64, ' Pondok Kelapa'),
(1532, 64, ' Pondok Kubang'),
(1533, 64, ' Pematang Tiga'),
(1534, 64, ' Bang Haji'),
(1535, 62, ' Selebar'),
(1536, 62, ' Kampung Melayu'),
(1537, 62, ' Gading Cempaka'),
(1538, 62, ' Ratu Agung'),
(1539, 62, ' Ratu Samban'),
(1540, 62, ' Singaran Pati'),
(1541, 62, ' Teluk Segara'),
(1542, 62, ' Sungai Serut'),
(1543, 62, ' Muara Bangka Hulu'),
(1544, 223, ' Balik Bukit'),
(1545, 223, ' Sukau'),
(1546, 223, ' Lumbok Seminung'),
(1547, 223, ' Belalau'),
(1548, 223, ' Sekincau'),
(1549, 223, ' Suoh'),
(1550, 223, ' Batu Brak'),
(1551, 223, ' Pagar Dewa'),
(1552, 223, ' Batu Ketulis'),
(1553, 223, ' Bandar Negeri Suoh'),
(1554, 223, ' Sumber Jaya'),
(1555, 223, ' Way Tenong'),
(1556, 223, ' Gedung Surian'),
(1557, 223, ' Kebun Tebu'),
(1558, 223, ' Air Hitam'),
(1559, 458, ' Wonosobo'),
(1560, 458, ' Semaka'),
(1561, 458, ' Bandar Negeri Semuong'),
(1562, 458, ' Kota Agung'),
(1563, 458, ' Pematang Sawa'),
(1564, 458, ' Kota Agung Timur'),
(1565, 458, ' Kota Agung Barat'),
(1566, 458, ' Pulau Panggung'),
(1567, 458, ' Ulubelu'),
(1568, 458, ' Air Naningan'),
(1569, 458, ' Talang Padang'),
(1570, 458, ' Sumberejo'),
(1571, 458, ' Gisting'),
(1572, 458, ' Gunung Alip'),
(1573, 458, ' Pugung'),
(1574, 458, ' Bulok'),
(1575, 458, ' Cukuh Balak'),
(1576, 458, ' Kelumbayan'),
(1577, 458, ' Limau'),
(1578, 458, ' Kelumbayan Barat'),
(1579, 224, ' Natar'),
(1580, 224, ' Jati Agung'),
(1581, 224, ' Tanjung Bintang'),
(1582, 224, ' Tanjung Sari'),
(1583, 224, ' Katibung'),
(1584, 224, ' Merbau Mataram'),
(1585, 224, ' Way Sulan'),
(1586, 224, ' Sidomulyo'),
(1587, 224, ' Candipuro'),
(1588, 224, ' Way Panji'),
(1589, 224, ' Kalianda'),
(1590, 224, ' Rajabasa'),
(1591, 224, ' Palas'),
(1592, 224, ' Sragi'),
(1593, 224, ' Penengahan'),
(1594, 224, ' Ketapang'),
(1595, 224, ' Bakauheni'),
(1596, 226, ' Metro Kibang'),
(1597, 226, ' Batanghari'),
(1598, 226, ' Sekampung'),
(1599, 226, ' Margatiga'),
(1600, 226, ' Sekampung Udik'),
(1601, 226, ' Jabung'),
(1602, 226, ' Pasir Sakti'),
(1603, 226, ' Waway Karya'),
(1604, 226, ' Marga Sekampung'),
(1605, 226, ' Labuhan Maringgai'),
(1606, 226, ' Mataram Baru'),
(1607, 226, ' Bandar Sribawono'),
(1608, 226, ' Melinting'),
(1609, 226, ' Gunung Pelindung'),
(1610, 226, ' Way Jepara'),
(1611, 226, ' Braja Slebah'),
(1612, 226, ' Labuhan Ratu'),
(1613, 226, ' Sukadana'),
(1614, 226, ' Bumi Agung'),
(1615, 226, ' Batanghari Nuban'),
(1616, 226, ' Pekalongan'),
(1617, 226, ' Raman Utara'),
(1618, 226, ' Purbolinggo'),
(1619, 226, ' Way Bungur'),
(1620, 225, ' Padang Ratu'),
(1621, 225, ' Selagai Lingga'),
(1622, 225, ' Pubian'),
(1623, 225, ' Anak Tuha'),
(1624, 225, ' Anak Ratu Aji'),
(1625, 225, ' Kalirejo'),
(1626, 225, ' Sendang Agung'),
(1627, 225, ' Bangunrejo'),
(1628, 225, ' Gunung Sugih'),
(1629, 225, ' Bekri'),
(1630, 225, ' Bumi Ratu Nuban'),
(1631, 225, ' Trimurjo'),
(1632, 225, ' Punggur'),
(1633, 225, ' Kota Gajah'),
(1634, 225, ' Seputih Raman'),
(1635, 225, ' Terbanggi Besar'),
(1636, 225, ' Seputih Agung'),
(1637, 225, ' Way Pengubuan'),
(1638, 225, ' Terusan Nunyai'),
(1639, 225, ' Seputih Mataram'),
(1640, 225, ' Bandar Mataram'),
(1641, 225, ' Seputih Banyak'),
(1642, 225, ' Way Seputih'),
(1643, 225, ' Rumbia'),
(1644, 225, ' Bumi Nabung'),
(1645, 225, ' Putra Rumbia'),
(1646, 225, ' Seputih Surabaya'),
(1647, 225, ' Bandar Surabaya'),
(1648, 227, ' Bukit Kemuning'),
(1649, 227, ' Abung Tinggi'),
(1650, 227, ' Tanjung Raja'),
(1651, 227, ' Abung Barat'),
(1652, 227, ' Abung Tengah'),
(1653, 227, ' Abung  Kunang'),
(1654, 227, ' Abung Pekurun'),
(1655, 227, ' Kotabumi'),
(1656, 227, ' Kotabumi Utara'),
(1657, 227, ' Kotabumi Selatan'),
(1658, 227, ' Abung Selatan'),
(1659, 227, ' Abung Semuli'),
(1660, 227, ' Blambangan Pagar'),
(1661, 227, ' Abung Timur'),
(1662, 227, ' Abung Surakarta'),
(1663, 227, ' Sungkai Selatan'),
(1664, 227, ' Muara Sungkai'),
(1665, 227, ' Bunga Mayang'),
(1666, 227, ' Sungkai  Barat'),
(1667, 227, ' Sungkai Jaya'),
(1668, 227, ' Sungkai Utara'),
(1669, 227, ' Hulusungkai'),
(1670, 227, ' Sungkai Tengah'),
(1671, 496, ' Banjit'),
(1672, 496, ' Baradatu'),
(1673, 496, ' Gunung Labuhan'),
(1674, 496, ' Kasui'),
(1675, 496, ' Rebang Tangkas'),
(1676, 496, ' Blambangan Umpu'),
(1677, 496, ' Way Tuba'),
(1678, 496, ' Negeri Agung'),
(1679, 496, ' Bahuga'),
(1680, 496, ' Buay  Bahuga'),
(1681, 496, ' Bumi Agung'),
(1682, 496, ' Pakuan Ratu'),
(1683, 496, ' Negara Batin'),
(1684, 496, ' Negeri Besar'),
(1685, 490, ' Banjar Agung'),
(1686, 490, ' Banjar Margo'),
(1687, 490, ' Banjar Baru'),
(1688, 490, ' Gedung Aji'),
(1689, 490, ' Penawar Aji'),
(1690, 490, ' Meraksa Aji'),
(1691, 490, ' Menggala'),
(1692, 490, ' Penawar Tama'),
(1693, 490, ' Rawajitu Selatan'),
(1694, 490, ' Gedung Meneng'),
(1695, 490, ' Rawajitu Timur'),
(1696, 490, ' Rawa Pitu'),
(1697, 490, ' Gedung Aji Baru'),
(1698, 490, ' Dente Teladas'),
(1699, 490, ' Menggala Timur'),
(1700, 355, ' Punduh Pidada'),
(1701, 355, ' Marga Punduh'),
(1702, 355, ' Padang Cermin'),
(1703, 355, ' Kedondong'),
(1704, 355, ' Way Khilau'),
(1705, 355, ' Way Lima'),
(1706, 355, ' Gedung Tataan'),
(1707, 355, ' Negeri Katon'),
(1708, 355, ' Tegineneng'),
(1709, 368, ' Pardasuka'),
(1710, 368, ' Ambarawa'),
(1711, 368, ' Pagelaran'),
(1712, 368, ' Pagelaran Utara'),
(1713, 368, ' Pringsewu'),
(1714, 368, ' Gading Rejo'),
(1715, 368, ' Sukoharjo'),
(1716, 368, ' Banyumas'),
(1717, 368, ' Adi Luwih'),
(1718, 282, ' Way Serdang'),
(1719, 282, ' Simpang Pematang'),
(1720, 282, ' Panca Jaya'),
(1721, 282, ' Tanjung Raya'),
(1722, 282, ' Mesuji'),
(1723, 282, ' Mesuji Timur'),
(1724, 282, ' Rawajitu Utara'),
(1725, 491, ' Tulang Bawang Udik'),
(1726, 491, ' Tumi Jajar'),
(1727, 491, ' Tulang Bawang Tengah'),
(1728, 491, ' Pagar Dewa'),
(1729, 491, ' Lambu Kibang'),
(1730, 491, ' Gunung Terang'),
(1731, 491, ' Gunung Agung'),
(1732, 491, ' Way Kenanga'),
(1733, 356, ' Lemong'),
(1734, 356, ' Pesisir Utara'),
(1735, 356, ' Pulau Pisang'),
(1736, 356, ' Karya Penggawa'),
(1737, 356, ' Way Krui'),
(1738, 356, ' Pesisir Tengah'),
(1739, 356, ' Krui Selatan'),
(1740, 356, ' Pesisir Selatan'),
(1741, 356, ' Ngambur'),
(1742, 356, ' Bengkunat'),
(1743, 356, ' Bengkunat Belimbing'),
(1744, 21, ' Teluk Betung Barat'),
(1745, 21, ' Telukbetung Timur'),
(1746, 21, ' Teluk Betung Selatan'),
(1747, 21, ' Bumi Waras'),
(1748, 21, ' Panjang'),
(1749, 21, ' Tanjung Karang Timur'),
(1750, 21, ' Kedamaian'),
(1751, 21, ' Teluk Betung Utara'),
(1752, 21, ' Tanjung Karang Pusat'),
(1753, 21, ' Enggal'),
(1754, 21, ' Tanjung Karang Barat'),
(1755, 21, ' Kemiling'),
(1756, 21, ' Langkapura'),
(1757, 21, ' Kedaton'),
(1758, 21, ' Rajabasa'),
(1759, 21, ' Tanjung Senang'),
(1760, 21, ' Labuhan Ratu'),
(1761, 21, ' Sukarame'),
(1762, 21, ' Sukabumi'),
(1763, 21, ' Way Halim'),
(1764, 283, ' Metro Selatan'),
(1765, 283, ' Metro Barat'),
(1766, 283, ' Metro Timur'),
(1767, 283, ' Metro Pusat'),
(1768, 283, ' Metro Utara'),
(1769, 27, ' Mendo Barat'),
(1770, 27, ' Merawang'),
(1771, 27, ' Puding Besar'),
(1772, 27, ' Sungai Liat'),
(1773, 27, ' Pemali'),
(1774, 27, ' Bakam'),
(1775, 27, ' Belinyu'),
(1776, 27, ' Riau Silip'),
(1777, 56, ' Membalong'),
(1778, 56, ' Tanjung Pandan'),
(1779, 56, ' Badau'),
(1780, 56, ' Sijuk'),
(1781, 56, ' Selat Nasik'),
(1782, 28, ' Kelapa'),
(1783, 28, ' Tempilang'),
(1784, 28, ' Mentok'),
(1785, 28, ' Simpang Teritip'),
(1786, 28, ' Jebus'),
(1787, 28, ' Parittiga'),
(1788, 30, ' Koba'),
(1789, 30, ' Lubuk Besar'),
(1790, 30, ' Pangkalan Baru'),
(1791, 30, ' Namang'),
(1792, 30, ' Sungai Selan'),
(1793, 30, ' Simpang Katis'),
(1794, 29, ' Payung'),
(1795, 29, ' Pulau Besar'),
(1796, 29, ' Simpang Rimba'),
(1797, 29, ' Toboali'),
(1798, 29, ' Tukak Sadai'),
(1799, 29, ' Air Gegas'),
(1800, 29, ' Lepar Pongok'),
(1801, 29, ' Kepulauan Pongok'),
(1802, 57, ' Dendang'),
(1803, 57, ' Simpang Pesak'),
(1804, 57, ' Gantung'),
(1805, 57, ' Simpang Renggiang'),
(1806, 57, ' Manggar'),
(1807, 57, ' Damar'),
(1808, 57, ' Kelapa Kampit'),
(1809, 334, ' Rangkui'),
(1810, 334, ' Bukit Intan'),
(1811, 334, ' Girimaya'),
(1812, 334, ' Pangkal Balam'),
(1813, 334, ' Gabek'),
(1814, 334, ' Taman Sari'),
(1815, 334, ' Gerunggang'),
(1816, 172, ' Moro'),
(1817, 172, ' Durai'),
(1818, 172, ' Kundur'),
(1819, 172, ' Kundur Utara'),
(1820, 172, ' Kundur Barat'),
(1821, 172, ' Karimun'),
(1822, 172, ' Buru'),
(1823, 172, ' Meral'),
(1824, 172, ' Tebing'),
(1825, 71, ' Teluk Bintan'),
(1826, 71, ' Bintan Utara'),
(1827, 71, ' Teluk Sebong'),
(1828, 71, ' Seri Kuala Lobam'),
(1829, 71, ' Bintan Timur'),
(1830, 71, ' Gunung Kijang'),
(1831, 71, ' Mantang'),
(1832, 71, ' Bintan Pesisir'),
(1833, 71, ' Toapaya'),
(1834, 71, ' Tambelan'),
(1835, 302, ' Midai'),
(1836, 302, ' Bunguran Barat'),
(1837, 302, ' Bunguran Utara'),
(1838, 302, ' Pulau Laut'),
(1839, 302, ' Pulau Tiga'),
(1840, 302, ' Bunguran Timur'),
(1841, 302, ' Bunguran Timur Laut'),
(1842, 302, ' Bunguran Tengah'),
(1843, 302, ' Bunguran Selatan'),
(1844, 302, ' Serasan'),
(1845, 302, ' Subi'),
(1846, 302, ' Serasan Timur'),
(1847, 237, ' Singkep Barat'),
(1848, 237, ' Singkep'),
(1849, 237, ' Singkep Selatan'),
(1850, 237, ' Singkep Pesisir'),
(1851, 237, ' Lingga'),
(1852, 237, ' Selayar'),
(1853, 237, ' Lingga Timur'),
(1854, 237, ' Lingga Utara'),
(1855, 237, ' Senayang'),
(1856, 184, ' Jemaja'),
(1857, 184, ' Jemaja Timur'),
(1858, 184, ' Siantan Selatan'),
(1859, 184, ' Siantan'),
(1860, 184, ' Siantan Timur'),
(1861, 184, ' Siantan Tengah'),
(1862, 184, ' Palmatak'),
(1863, 48, ' Belakang Padang'),
(1864, 48, ' Bulang'),
(1865, 48, ' Galang'),
(1866, 48, ' Sei Beduk'),
(1867, 48, ' Sagulung'),
(1868, 48, ' Nongsa'),
(1869, 48, ' Batam Kota'),
(1870, 48, ' Sekupang'),
(1871, 48, ' Batu Aji'),
(1872, 48, ' Lubuk Baja'),
(1873, 48, ' Batu Ampar'),
(1874, 48, ' Bengkong'),
(1875, 462, ' Bukit Bestari'),
(1876, 462, ' Tanjungpinang Timur'),
(1877, 462, ' Tanjungpinang Kota'),
(1878, 462, ' Tanjungpinang Barat'),
(1879, 189, ' Kepulauan Seribu Selatan'),
(1880, 189, ' Kepulauan Seribu Utara'),
(1881, 153, ' Jagakarsa'),
(1882, 153, ' Pasar Minggu'),
(1883, 153, ' Cilandak'),
(1884, 153, ' Pesanggrahan'),
(1885, 153, ' Kebayoran Lama'),
(1886, 153, ' Kebayoran Baru'),
(1887, 153, ' Mampang Prapatan'),
(1888, 153, ' Pancoran'),
(1889, 153, ' Tebet'),
(1890, 153, ' Setia Budi'),
(1891, 154, ' Pasar Rebo'),
(1892, 154, ' Ciracas'),
(1893, 154, ' Cipayung'),
(1894, 154, ' Makasar'),
(1895, 154, ' Kramat Jati'),
(1896, 154, ' Jatinegara'),
(1897, 154, ' Duren Sawit'),
(1898, 154, ' Cakung'),
(1899, 154, ' Pulo Gadung');
INSERT INTO `kecamatan` (`id`, `kabupaten_id`, `nama`) VALUES
(1900, 154, ' Matraman'),
(1901, 152, ' Tanah Abang'),
(1902, 152, ' Menteng'),
(1903, 152, ' Senen'),
(1904, 152, ' Johar Baru'),
(1905, 152, ' Cempaka Putih'),
(1906, 152, ' Kemayoran'),
(1907, 152, ' Sawah Besar'),
(1908, 152, ' Gambir'),
(1909, 151, ' Kembangan'),
(1910, 151, ' Kebon Jeruk'),
(1911, 151, ' Palmerah'),
(1912, 151, ' Grogol Petamburan'),
(1913, 151, ' Tambora'),
(1914, 151, ' Taman Sari'),
(1915, 151, ' Cengkareng'),
(1916, 151, ' Kali Deres'),
(1917, 155, ' Penjaringan'),
(1918, 155, ' Pademangan'),
(1919, 155, ' Tanjung Priok'),
(1920, 155, ' Koja'),
(1921, 155, ' Kelapa Gading'),
(1922, 155, ' Cilincing'),
(1923, 78, ' Nanggung'),
(1924, 78, ' Leuwiliang'),
(1925, 78, ' Leuwisadeng'),
(1926, 78, ' Pamijahan'),
(1927, 78, ' Cibungbulang'),
(1928, 78, ' Ciampea'),
(1929, 78, ' Tenjolaya'),
(1930, 78, ' Dramaga'),
(1931, 78, ' Ciomas'),
(1932, 78, ' Tamansari'),
(1933, 78, ' Cijeruk'),
(1934, 78, ' Cigombong'),
(1935, 78, ' Caringin'),
(1936, 78, ' Ciawi'),
(1937, 78, ' Cisarua'),
(1938, 78, ' Megamendung'),
(1939, 78, ' Sukaraja'),
(1940, 78, ' Babakan Madang'),
(1941, 78, ' Sukamakmur'),
(1942, 78, ' Cariu'),
(1943, 78, ' Tanjungsari'),
(1944, 78, ' Jonggol'),
(1945, 78, ' Cileungsi'),
(1946, 78, ' Kelapa Nunggal'),
(1947, 78, ' Gunung Putri'),
(1948, 78, ' Citeureup'),
(1949, 78, ' Cibinong'),
(1950, 78, ' Bojong Gede'),
(1951, 78, ' Tajur Halang'),
(1952, 78, ' Kemang'),
(1953, 78, ' Ranca Bungur'),
(1954, 78, ' Parung'),
(1955, 78, ' Ciseeng'),
(1956, 78, ' Gunung Sindur'),
(1957, 78, ' Rumpin'),
(1958, 78, ' Cigudeg'),
(1959, 78, ' Sukajaya'),
(1960, 78, ' Jasinga'),
(1961, 78, ' Tenjo'),
(1962, 78, ' Parung Panjang'),
(1963, 430, ' Ciemas'),
(1964, 430, ' Ciracap'),
(1965, 430, ' Waluran'),
(1966, 430, ' Surade'),
(1967, 430, ' Cibitung'),
(1968, 430, ' Jampang Kulon'),
(1969, 430, ' Cimanggu'),
(1970, 430, ' Kali Bunder'),
(1971, 430, ' Tegal Buleud'),
(1972, 430, ' Cidolog'),
(1973, 430, ' Sagaranten'),
(1974, 430, ' Cidadap'),
(1975, 430, ' Curugkembar'),
(1976, 430, ' Pabuaran'),
(1977, 430, ' Lengkong'),
(1978, 430, ' Palabuhanratu'),
(1979, 430, ' Simpenan'),
(1980, 430, ' Warung Kiara'),
(1981, 430, ' Bantargadung'),
(1982, 430, ' Jampang Tengah'),
(1983, 430, ' Purabaya'),
(1984, 430, ' Cikembar'),
(1985, 430, ' Nyalindung'),
(1986, 430, ' Geger Bitung'),
(1987, 430, ' Sukaraja'),
(1988, 430, ' Kebonpedes'),
(1989, 430, ' Cireunghas'),
(1990, 430, ' Sukalarang'),
(1991, 430, ' Sukabumi'),
(1992, 430, ' Kadudampit'),
(1993, 430, ' Cisaat'),
(1994, 430, ' Gunungguruh'),
(1995, 430, ' Cibadak'),
(1996, 430, ' Cicantayan'),
(1997, 430, ' Caringin'),
(1998, 430, ' Nagrak'),
(1999, 430, ' Ciambar'),
(2000, 430, ' Cicurug'),
(2001, 430, ' Cidahu'),
(2002, 430, ' Parakan Salak'),
(2003, 430, ' Parung Kuda'),
(2004, 430, ' Bojong Genteng'),
(2005, 430, ' Kalapa Nunggal'),
(2006, 430, ' Cikidang'),
(2007, 430, ' Cisolok'),
(2008, 430, ' Cikakak'),
(2009, 430, ' Kabandungan'),
(2010, 104, ' Agrabinta'),
(2011, 104, ' Leles'),
(2012, 104, ' Sindangbarang'),
(2013, 104, ' Cidaun'),
(2014, 104, ' Naringgul'),
(2015, 104, ' Cibinong'),
(2016, 104, ' Cikadu'),
(2017, 104, ' Tanggeung'),
(2018, 104, ' Pasirkuda'),
(2019, 104, ' Kadupandak'),
(2020, 104, ' Cijati'),
(2021, 104, ' Takokak'),
(2022, 104, ' Sukanagara'),
(2023, 104, ' Pagelaran'),
(2024, 104, ' Campaka'),
(2025, 104, ' Campaka Mulya'),
(2026, 104, ' Cibeber'),
(2027, 104, ' Warungkondang'),
(2028, 104, ' Gekbrong'),
(2029, 104, ' Cilaku'),
(2030, 104, ' Sukaluyu'),
(2031, 104, ' Bojongpicung'),
(2032, 104, ' Haurwangi'),
(2033, 104, ' Ciranjang'),
(2034, 104, ' Mande'),
(2035, 104, ' Karangtengah'),
(2036, 104, ' Cianjur'),
(2037, 104, ' Cugenang'),
(2038, 104, ' Pacet'),
(2039, 104, ' Cipanas'),
(2040, 104, ' Sukaresmi'),
(2041, 104, ' Cikalongkulon'),
(2042, 22, ' Ciwidey'),
(2043, 22, ' Rancabali'),
(2044, 22, ' Pasirjambu'),
(2045, 22, ' Cimaung'),
(2046, 22, ' Pangalengan'),
(2047, 22, ' Kertasari'),
(2048, 22, ' Pacet'),
(2049, 22, ' Ibun'),
(2050, 22, ' Paseh'),
(2051, 22, ' Cikancung'),
(2052, 22, ' Cicalengka'),
(2053, 22, ' Nagreg'),
(2054, 22, ' Rancaekek'),
(2055, 22, ' Majalaya'),
(2056, 22, ' Solokan Jeruk'),
(2057, 22, ' Ciparay'),
(2058, 22, ' Baleendah'),
(2059, 22, ' Arjasari'),
(2060, 22, ' Banjaran'),
(2061, 22, ' Cangkuang'),
(2062, 22, ' Pameungpeuk'),
(2063, 22, ' Katapang'),
(2064, 22, ' Soreang'),
(2065, 22, ' Kutawaringin'),
(2066, 22, ' Margaasih'),
(2067, 22, ' Margahayu'),
(2068, 22, ' Dayeuhkolot'),
(2069, 22, ' Bojongsoang'),
(2070, 22, ' Cileunyi'),
(2071, 22, ' Cilengkrang'),
(2072, 22, ' Cimenyan'),
(2073, 126, ' Cisewu'),
(2074, 126, ' Caringin'),
(2075, 126, ' Talegong'),
(2076, 126, ' Bungbulang'),
(2077, 126, ' Mekarmukti'),
(2078, 126, ' Pamulihan'),
(2079, 126, ' Pakenjeng'),
(2080, 126, ' Cikelet'),
(2081, 126, ' Pameungpeuk'),
(2082, 126, ' Cibalong'),
(2083, 126, ' Cisompet'),
(2084, 126, ' Peundeuy'),
(2085, 126, ' Singajaya'),
(2086, 126, ' Cihurip'),
(2087, 126, ' Cikajang'),
(2088, 126, ' Banjarwangi'),
(2089, 126, ' Cilawu'),
(2090, 126, ' Bayongbong'),
(2091, 126, ' Cigedug'),
(2092, 126, ' Cisurupan'),
(2093, 126, ' Sukaresmi'),
(2094, 126, ' Samarang'),
(2095, 126, ' Pasirwangi'),
(2096, 126, ' Tarogong Kidul'),
(2097, 126, ' Tarogong Kaler'),
(2098, 126, ' Garut Kota'),
(2099, 126, ' Karangpawitan'),
(2100, 126, ' Wanaraja'),
(2101, 126, ' Sucinaraja'),
(2102, 126, ' Pangatikan'),
(2103, 126, ' Sukawening'),
(2104, 126, ' Karangtengah'),
(2105, 126, ' Banyuresmi'),
(2106, 126, ' Leles'),
(2107, 126, ' Leuwigoong'),
(2108, 126, ' Cibatu'),
(2109, 126, ' Kersamanah'),
(2110, 126, ' Cibiuk'),
(2111, 126, ' Kadungora'),
(2112, 126, ' Blubur Limbangan'),
(2113, 126, ' Selaawi'),
(2114, 126, ' Malangbong'),
(2115, 468, ' Cipatujah'),
(2116, 468, ' Karangnunggal'),
(2117, 468, ' Cikalong'),
(2118, 468, ' Pancatengah'),
(2119, 468, ' Cikatomas'),
(2120, 468, ' Cibalong'),
(2121, 468, ' Parungponteng'),
(2122, 468, ' Bantarkalong'),
(2123, 468, ' Bojongasih'),
(2124, 468, ' Culamega'),
(2125, 468, ' Bojonggambir'),
(2126, 468, ' Sodonghilir'),
(2127, 468, ' Taraju'),
(2128, 468, ' Salawu'),
(2129, 468, ' Puspahiang'),
(2130, 468, ' Tanjungjaya'),
(2131, 468, ' Sukaraja'),
(2132, 468, ' Salopa'),
(2133, 468, ' Jatiwaras'),
(2134, 468, ' Cineam'),
(2135, 468, ' Karangjaya'),
(2136, 468, ' Manonjaya'),
(2137, 468, ' Gunungtanjung'),
(2138, 468, ' Singaparna'),
(2139, 468, ' Sukarame'),
(2140, 468, ' Mangunreja'),
(2141, 468, ' Cigalontang'),
(2142, 468, ' Leuwisari'),
(2143, 468, ' Sariwangi'),
(2144, 468, ' Padakembang'),
(2145, 468, ' Sukaratu'),
(2146, 468, ' Cisayong'),
(2147, 468, ' Sukahening'),
(2148, 468, ' Rajapolah'),
(2149, 468, ' Jamanis'),
(2150, 468, ' Ciawi'),
(2151, 468, ' Kadipaten'),
(2152, 468, ' Pagerageung'),
(2153, 468, ' Sukaresik'),
(2154, 103, ' Banjarsari'),
(2155, 103, ' Lakbok'),
(2156, 103, ' Purwadadi'),
(2157, 103, ' Pamarican'),
(2158, 103, ' Cidolog'),
(2159, 103, ' Cimaragas'),
(2160, 103, ' Cijeungjing'),
(2161, 103, ' Cisaga'),
(2162, 103, ' Tambaksari'),
(2163, 103, ' Rancah'),
(2164, 103, ' Rajadesa'),
(2165, 103, ' Sukadana'),
(2166, 103, ' Ciamis'),
(2167, 103, ' Baregbeg'),
(2168, 103, ' Cikoneng'),
(2169, 103, ' Sindangkasih'),
(2170, 103, ' Cihaurbeuti'),
(2171, 103, ' Sadananya'),
(2172, 103, ' Cipaku'),
(2173, 103, ' Jatinagara'),
(2174, 103, ' Panawangan'),
(2175, 103, ' Kawali'),
(2176, 103, ' Lumbung'),
(2177, 103, ' Panjalu'),
(2178, 103, ' Sukamantri'),
(2179, 103, ' Panumbangan'),
(2180, 211, ' Darma'),
(2181, 211, ' Kadugede'),
(2182, 211, ' Nusaherang'),
(2183, 211, ' Ciniru'),
(2184, 211, ' Hantara'),
(2185, 211, ' Selajambe'),
(2186, 211, ' Subang'),
(2187, 211, ' Cilebak'),
(2188, 211, ' Ciwaru'),
(2189, 211, ' Karangkancana'),
(2190, 211, ' Cibingbin'),
(2191, 211, ' Cibeureum'),
(2192, 211, ' Luragung'),
(2193, 211, ' Cimahi'),
(2194, 211, ' Cidahu'),
(2195, 211, ' Kalimanggis'),
(2196, 211, ' Ciawigebang'),
(2197, 211, ' Cipicung'),
(2198, 211, ' Lebakwangi'),
(2199, 211, ' Maleber'),
(2200, 211, ' Garawangi'),
(2201, 211, ' Sidangagung'),
(2202, 211, ' Kuningan'),
(2203, 211, ' Cigugur'),
(2204, 211, ' Kramatmulya'),
(2205, 211, ' Jalaksana'),
(2206, 211, ' Japara'),
(2207, 211, ' Cilimus'),
(2208, 211, ' Cigandamekar'),
(2209, 211, ' Mandirancan'),
(2210, 211, ' Pancalang'),
(2211, 211, ' Pasawahan'),
(2212, 108, ' Waled'),
(2213, 108, ' Pasaleman'),
(2214, 108, ' Ciledug'),
(2215, 108, ' Pabuaran'),
(2216, 108, ' Losari'),
(2217, 108, ' Pabedilan'),
(2218, 108, ' Babakan'),
(2219, 108, ' Gebang'),
(2220, 108, ' Karangsembung'),
(2221, 108, ' Karangwareng'),
(2222, 108, ' Lemahabang'),
(2223, 108, ' Susukanlebak'),
(2224, 108, ' Sedong'),
(2225, 108, ' Astanajapura'),
(2226, 108, ' Pangenan'),
(2227, 108, ' Mundu'),
(2228, 108, ' Beber'),
(2229, 108, ' Greged'),
(2230, 108, ' Talun'),
(2231, 108, ' Sumber'),
(2232, 108, ' Dukupuntang'),
(2233, 108, ' Palimanan'),
(2234, 108, ' Plumbon'),
(2235, 108, ' Depok'),
(2236, 108, ' Weru'),
(2237, 108, ' Plered'),
(2238, 108, ' Tengah Tani'),
(2239, 108, ' Kedawung'),
(2240, 108, ' Gunungjati'),
(2241, 108, ' Kapetakan'),
(2242, 108, ' Suranenggala'),
(2243, 108, ' Klangenan'),
(2244, 108, ' Jamblang'),
(2245, 108, ' Arjawinangun'),
(2246, 108, ' Panguragan'),
(2247, 108, ' Ciwaringin'),
(2248, 108, ' Gempol'),
(2249, 108, ' Susukan'),
(2250, 108, ' Gegesik'),
(2251, 108, ' Kaliwedi'),
(2252, 252, ' Lemahsugih'),
(2253, 252, ' Bantarujeg'),
(2254, 252, ' Malausma'),
(2255, 252, ' Cikijing'),
(2256, 252, ' Cingambul'),
(2257, 252, ' Talaga'),
(2258, 252, ' Banjaran'),
(2259, 252, ' Argapura'),
(2260, 252, ' Maja'),
(2261, 252, ' Majalengka'),
(2262, 252, ' Cigasong'),
(2263, 252, ' Sukahaji'),
(2264, 252, ' Sindang'),
(2265, 252, ' Rajagaluh'),
(2266, 252, ' Sindangwangi'),
(2267, 252, ' Leuwimunding'),
(2268, 252, ' Palasah'),
(2269, 252, ' Jatiwangi'),
(2270, 252, ' Dawuan'),
(2271, 252, ' Kasokandel'),
(2272, 252, ' Panyingkiran'),
(2273, 252, ' Kadipaten'),
(2274, 252, ' Kertajati'),
(2275, 252, ' Jatitujuh'),
(2276, 252, ' Ligung'),
(2277, 252, ' Sumberjaya'),
(2278, 440, ' Jatinangor'),
(2279, 440, ' Cimanggung'),
(2280, 440, ' Tanjungsari'),
(2281, 440, ' Sukasari'),
(2282, 440, ' Pamulihan'),
(2283, 440, ' Rancakalong'),
(2284, 440, ' Sumedang Selatan'),
(2285, 440, ' Sumedang Utara'),
(2286, 440, ' Ganeas'),
(2287, 440, ' Situraja'),
(2288, 440, ' Cisitu'),
(2289, 440, ' Darmaraja'),
(2290, 440, ' Cibugel'),
(2291, 440, ' Wado'),
(2292, 440, ' Jatinunggal'),
(2293, 440, ' Jatigede'),
(2294, 440, ' Tomo'),
(2295, 440, ' Ujung Jaya'),
(2296, 440, ' Conggeang'),
(2297, 440, ' Paseh'),
(2298, 440, ' Cimalaka'),
(2299, 440, ' Cisarua'),
(2300, 440, ' Tanjungkerta'),
(2301, 440, ' Tanjungmedar'),
(2302, 440, ' Buahdua'),
(2303, 440, ' Surian'),
(2304, 149, ' Haurgeulis'),
(2305, 149, ' Gantar'),
(2306, 149, ' Kroya'),
(2307, 149, ' Gabuswetan'),
(2308, 149, ' Cikedung'),
(2309, 149, ' Terisi'),
(2310, 149, ' Lelea'),
(2311, 149, ' Bangodua'),
(2312, 149, ' Tukdana'),
(2313, 149, ' Widasari'),
(2314, 149, ' Kertasemaya'),
(2315, 149, ' Sukagumiwang'),
(2316, 149, ' Krangkeng'),
(2317, 149, ' Karangampel'),
(2318, 149, ' Kedokan Bunder'),
(2319, 149, ' Juntinyuat'),
(2320, 149, ' Sliyeg'),
(2321, 149, ' Jatibarang'),
(2322, 149, ' Balongan'),
(2323, 149, ' Indramayu'),
(2324, 149, ' Sindang'),
(2325, 149, ' Cantigi'),
(2326, 149, ' Pasekan'),
(2327, 149, ' Lohbener'),
(2328, 149, ' Arahan'),
(2329, 149, ' Losarang'),
(2330, 149, ' Kandanghaur'),
(2331, 149, ' Bongas'),
(2332, 149, ' Anjatan'),
(2333, 149, ' Sukra'),
(2334, 149, ' Patrol'),
(2335, 428, ' Sagalaherang'),
(2336, 428, ' Serangpanjang'),
(2337, 428, ' Jalancagak'),
(2338, 428, ' Ciater'),
(2339, 428, ' Cisalak'),
(2340, 428, ' Kasomalang'),
(2341, 428, ' Tanjungsiang'),
(2342, 428, ' Cijambe'),
(2343, 428, ' Cibogo'),
(2344, 428, ' Subang'),
(2345, 428, ' Kalijati'),
(2346, 428, ' Dawuan'),
(2347, 428, ' Cipeundeuy'),
(2348, 428, ' Pabuaran'),
(2349, 428, ' Patokbeusi'),
(2350, 428, ' Purwadadi'),
(2351, 428, ' Cikaum'),
(2352, 428, ' Pagaden'),
(2353, 428, ' Pagaden Barat'),
(2354, 428, ' Cipunagara'),
(2355, 428, ' Compreng'),
(2356, 428, ' Binong'),
(2357, 428, ' Tambakdahan'),
(2358, 428, ' Ciasem'),
(2359, 428, ' Pamanukan'),
(2360, 428, ' Sukasari'),
(2361, 428, ' Pusakanagara'),
(2362, 428, ' Pusakajaya'),
(2363, 428, ' Legonkulon'),
(2364, 428, ' Blanakan'),
(2365, 376, ' Jatiluhur'),
(2366, 376, ' Sukasari'),
(2367, 376, ' Maniis'),
(2368, 376, ' Tegal Waru'),
(2369, 376, ' Plered'),
(2370, 376, ' Sukatani'),
(2371, 376, ' Darangdan'),
(2372, 376, ' Bojong'),
(2373, 376, ' Wanayasa'),
(2374, 376, ' Kiarapedes'),
(2375, 376, ' Pasawahan'),
(2376, 376, ' Pondok Salam'),
(2377, 376, ' Purwakarta'),
(2378, 376, ' Babakancikao'),
(2379, 376, ' Campaka'),
(2380, 376, ' Cibatu'),
(2381, 376, ' Bungursari'),
(2382, 171, ' Pangkalan'),
(2383, 171, ' Tegalwaru'),
(2384, 171, ' Ciampel'),
(2385, 171, ' Telukjambe Timur'),
(2386, 171, ' Telukjambe Barat'),
(2387, 171, ' Klari'),
(2388, 171, ' Cikampek'),
(2389, 171, ' Purwasari'),
(2390, 171, ' Tirtamulya'),
(2391, 171, ' Jatisari'),
(2392, 171, ' Banyusari'),
(2393, 171, ' Kotabaru'),
(2394, 171, ' Cilamaya Wetan'),
(2395, 171, ' Cilamaya Kulon'),
(2396, 171, ' Lemahabang'),
(2397, 171, ' Talagasari'),
(2398, 171, ' Majalaya'),
(2399, 171, ' Karawang Timur'),
(2400, 171, ' Karawang Barat'),
(2401, 171, ' Rawamerta'),
(2402, 171, ' Tempuran'),
(2403, 171, ' Kutawaluya'),
(2404, 171, ' Rengasdengklok'),
(2405, 171, ' Jayakerta'),
(2406, 171, ' Pedes'),
(2407, 171, ' Cilebar'),
(2408, 171, ' Cibuaya'),
(2409, 171, ' Tirtajaya'),
(2410, 171, ' Batujaya'),
(2411, 171, ' Pakisjaya'),
(2412, 54, ' Setu'),
(2413, 54, ' Serang Baru'),
(2414, 54, ' Cikarang Pusat'),
(2415, 54, ' Cikarang Selatan'),
(2416, 54, ' Cibarusah'),
(2417, 54, ' Bojongmangu'),
(2418, 54, ' Cikarang Timur'),
(2419, 54, ' Kedungwaringin'),
(2420, 54, ' Cikarang Utara'),
(2421, 54, ' Karangbahagia'),
(2422, 54, ' Cibitung'),
(2423, 54, ' Cikarang Barat'),
(2424, 54, ' Tambun Selatan'),
(2425, 54, ' Tambun Utara'),
(2426, 54, ' Babelan'),
(2427, 54, ' Tarumajaya'),
(2428, 54, ' Tambelang'),
(2429, 54, ' Sukawangi'),
(2430, 54, ' Sukatani'),
(2431, 54, ' Sukakarya'),
(2432, 54, ' Pebayuran'),
(2433, 54, ' Cabangbungin'),
(2434, 54, ' Muara Gembong'),
(2435, 24, ' Rongga'),
(2436, 24, ' Gununghalu'),
(2437, 24, ' Sindangkerta'),
(2438, 24, ' Cililin'),
(2439, 24, ' Cihampelas'),
(2440, 24, ' Cipongkor'),
(2441, 24, ' Batujajar'),
(2442, 24, ' Saguling'),
(2443, 24, ' Cipatat'),
(2444, 24, ' Padalarang'),
(2445, 24, ' Ngamprah'),
(2446, 24, ' Parongpong'),
(2447, 24, ' Lembang'),
(2448, 24, ' Cisarua'),
(2449, 24, ' Cikalong Wetan'),
(2450, 24, ' Cipeundeuy'),
(2451, 332, ' Cimerak'),
(2452, 332, ' Cijulang'),
(2453, 332, ' Cigugur'),
(2454, 332, ' Langkaplancar'),
(2455, 332, ' Parigi'),
(2456, 332, ' Sidamulih'),
(2457, 332, ' Pangandaran'),
(2458, 332, ' Kalipucang'),
(2459, 332, ' Padaherang'),
(2460, 332, ' Mangunjaya'),
(2461, 79, ' Bogor Selatan'),
(2462, 79, ' Bogor Timur'),
(2463, 79, ' Bogor Utara'),
(2464, 79, ' Bogor Tengah'),
(2465, 79, ' Bogor Barat'),
(2466, 79, ' Tanah Sereal'),
(2467, 431, ' Baros'),
(2468, 431, ' Lembursitu'),
(2469, 431, ' Cibeureum'),
(2470, 431, ' Citamiang'),
(2471, 431, ' Warudoyong'),
(2472, 431, ' Gunung Puyuh'),
(2473, 431, ' Cikole'),
(2474, 23, ' Bandung Kulon'),
(2475, 23, ' Babakan Ciparay'),
(2476, 23, ' Bojongloa Kaler'),
(2477, 23, ' Bojongloa Kidul'),
(2478, 23, ' Astanaanyar'),
(2479, 23, ' Regol'),
(2480, 23, ' Lengkong'),
(2481, 23, ' Bandung Kidul'),
(2482, 23, ' Buahbatu'),
(2483, 23, ' Rancasari'),
(2484, 23, ' Gedebage'),
(2485, 23, ' Cibiru'),
(2486, 23, ' Panyileukan'),
(2487, 23, ' Ujung Berung'),
(2488, 23, ' Cinambo'),
(2489, 23, ' Arcamanik'),
(2490, 23, ' Antapani'),
(2491, 23, ' Mandalajati'),
(2492, 23, ' Kiaracondong'),
(2493, 23, ' Batununggal'),
(2494, 23, ' Sumur Bandung'),
(2495, 23, ' Andir'),
(2496, 23, ' Cicendo'),
(2497, 23, ' Bandung Wetan'),
(2498, 23, ' Cibeunying Kidul'),
(2499, 23, ' Cibeunying Kaler'),
(2500, 23, ' Coblong'),
(2501, 23, ' Sukajadi'),
(2502, 23, ' Sukasari'),
(2503, 23, ' Cidadap'),
(2504, 109, ' Harjamukti'),
(2505, 109, ' Lemahwungkuk'),
(2506, 109, ' Pekalipan'),
(2507, 109, ' Kesambi'),
(2508, 109, ' Kejaksan'),
(2509, 55, ' Pondokgede'),
(2510, 55, ' Jatisampurna'),
(2511, 55, ' Pondokmelati'),
(2512, 55, ' Jatiasih'),
(2513, 55, ' Bantargebang'),
(2514, 55, ' Mustikajaya'),
(2515, 55, ' Bekasi Timur'),
(2516, 55, ' Rawalumbu'),
(2517, 55, ' Bekasi Selatan'),
(2518, 55, ' Bekasi Barat'),
(2519, 55, ' Medan Satria'),
(2520, 55, ' Bekasi Utara'),
(2521, 115, ' Sawangan'),
(2522, 115, ' Bojongsari'),
(2523, 115, ' Pancoran Mas'),
(2524, 115, ' Cipayung'),
(2525, 115, ' Sukma Jaya'),
(2526, 115, ' Cilodong'),
(2527, 115, ' Cimanggis'),
(2528, 115, ' Tapos'),
(2529, 115, ' Beji'),
(2530, 115, ' Limo'),
(2531, 115, ' Cinere'),
(2532, 107, ' Cimahi Selatan'),
(2533, 107, ' Cimahi Tengah'),
(2534, 107, ' Cimahi Utara'),
(2535, 469, ' Kawalu'),
(2536, 469, ' Tamansari'),
(2537, 469, ' Cibeureum'),
(2538, 469, ' Purbaratu'),
(2539, 469, ' Tawang'),
(2540, 469, ' Cihideung'),
(2541, 469, ' Mangkubumi'),
(2542, 469, ' Indihiang'),
(2543, 469, ' Bungursari'),
(2544, 469, ' Cipedes'),
(2545, 34, ' Banjar'),
(2546, 34, ' Purwaharja'),
(2547, 34, ' Pataruman'),
(2548, 34, ' Langensari'),
(2549, 105, ' Dayeuhluhur'),
(2550, 105, ' Wanareja'),
(2551, 105, ' Majenang'),
(2552, 105, ' Cimanggu'),
(2553, 105, ' Karangpucung'),
(2554, 105, ' Cipari'),
(2555, 105, ' Sidareja'),
(2556, 105, ' Kedungreja'),
(2557, 105, ' Patimuan'),
(2558, 105, ' Gandrungmangu'),
(2559, 105, ' Bantarsari'),
(2560, 105, ' Kawunganten'),
(2561, 105, ' Kampung Laut'),
(2562, 105, ' Jeruklegi'),
(2563, 105, ' Kesugihan'),
(2564, 105, ' Adipala'),
(2565, 105, ' Maos'),
(2566, 105, ' Sampang'),
(2567, 105, ' Kroya'),
(2568, 105, ' Binangun'),
(2569, 105, ' Nusawungu'),
(2570, 105, ' Cilacap Selatan'),
(2571, 105, ' Cilacap Tengah'),
(2572, 105, ' Cilacap Utara'),
(2573, 41, ' Lumbir'),
(2574, 41, ' Wangon'),
(2575, 41, ' Jatilawang'),
(2576, 41, ' Rawalo'),
(2577, 41, ' Kebasen'),
(2578, 41, ' Kemranjen'),
(2579, 41, ' Sumpiuh'),
(2580, 41, ' Tambak'),
(2581, 41, ' Somagede'),
(2582, 41, ' Kalibagor'),
(2583, 41, ' Banyumas'),
(2584, 41, ' Patikraja'),
(2585, 41, ' Purwojati'),
(2586, 41, ' Ajibarang'),
(2587, 41, ' Gumelar'),
(2588, 41, ' Pekuncen'),
(2589, 41, ' Cilongok'),
(2590, 41, ' Karanglewas'),
(2591, 41, ' Kedung Banteng'),
(2592, 41, ' Baturraden'),
(2593, 41, ' Sumbang'),
(2594, 41, ' Kembaran'),
(2595, 41, ' Sokaraja'),
(2596, 41, ' Purwokerto Selatan'),
(2597, 41, ' Purwokerto Barat'),
(2598, 41, ' Purwokerto Timur'),
(2599, 41, ' Purwokerto Utara'),
(2600, 375, ' Kemangkon'),
(2601, 375, ' Bukateja'),
(2602, 375, ' Kejobong'),
(2603, 375, ' Pengadegan'),
(2604, 375, ' Kaligondang'),
(2605, 375, ' Purbalingga'),
(2606, 375, ' Kalimanah'),
(2607, 375, ' Padamara'),
(2608, 375, ' Kutasari'),
(2609, 375, ' Bojongsari'),
(2610, 375, ' Mrebet'),
(2611, 375, ' Bobotsari'),
(2612, 375, ' Karangreja'),
(2613, 375, ' Karangjambu'),
(2614, 375, ' Karanganyar'),
(2615, 375, ' Kertanegara'),
(2616, 375, ' Karangmoncol'),
(2617, 375, ' Rembang'),
(2618, 37, ' Susukan'),
(2619, 37, ' Purwareja Klampok'),
(2620, 37, ' Mandiraja'),
(2621, 37, ' Purwanegara'),
(2622, 37, ' Bawang'),
(2623, 37, ' Banjarnegara'),
(2624, 37, ' Pagedongan'),
(2625, 37, ' Sigaluh'),
(2626, 37, ' Madukara'),
(2627, 37, ' Banjarmangu'),
(2628, 37, ' Wanadadi'),
(2629, 37, ' Rakit'),
(2630, 37, ' Punggelan'),
(2631, 37, ' Karangkobar'),
(2632, 37, ' Pagentan'),
(2633, 37, ' Pejawaran'),
(2634, 37, ' Batur'),
(2635, 37, ' Wanayasa'),
(2636, 37, ' Kalibening'),
(2637, 37, ' Pandanarum'),
(2638, 177, ' Ayah'),
(2639, 177, ' Buayan'),
(2640, 177, ' Puring'),
(2641, 177, ' Petanahan'),
(2642, 177, ' Klirong'),
(2643, 177, ' Buluspesantren'),
(2644, 177, ' Ambal'),
(2645, 177, ' Mirit'),
(2646, 177, ' Bonorowo'),
(2647, 177, ' Prembun'),
(2648, 177, ' Padureso'),
(2649, 177, ' Kutowinangun'),
(2650, 177, ' Alian'),
(2651, 177, ' Poncowarno'),
(2652, 177, ' Kebumen'),
(2653, 177, ' Pejagoan'),
(2654, 177, ' Sruweng'),
(2655, 177, ' Adimulyo'),
(2656, 177, ' Kuwarasan'),
(2657, 177, ' Rowokele'),
(2658, 177, ' Sempor'),
(2659, 177, ' Gombong'),
(2660, 177, ' Karanganyar'),
(2661, 177, ' Karanggayam'),
(2662, 177, ' Sadang'),
(2663, 177, ' Karangsambung'),
(2664, 377, ' Grabag'),
(2665, 377, ' Ngombol'),
(2666, 377, ' Purwodadi'),
(2667, 377, ' Bagelen'),
(2668, 377, ' Kaligesing'),
(2669, 377, ' Purworejo'),
(2670, 377, ' Banyu Urip'),
(2671, 377, ' Bayan'),
(2672, 377, ' Kutoarjo'),
(2673, 377, ' Butuh'),
(2674, 377, ' Pituruh'),
(2675, 377, ' Kemiri'),
(2676, 377, ' Bruno'),
(2677, 377, ' Gebang'),
(2678, 377, ' Loano'),
(2679, 377, ' Bener'),
(2680, 498, ' Wadaslintang'),
(2681, 498, ' Kepil'),
(2682, 498, ' Sapuran'),
(2683, 498, ' Kalibawang'),
(2684, 498, ' Kaliwiro'),
(2685, 498, ' Leksono'),
(2686, 498, ' Sukoharjo'),
(2687, 498, ' Selomerto'),
(2688, 498, ' Kalikajar'),
(2689, 498, ' Kertek'),
(2690, 498, ' Wonosobo'),
(2691, 498, ' Watumalang'),
(2692, 498, ' Mojotengah'),
(2693, 498, ' Garung'),
(2694, 498, ' Kejajar'),
(2695, 249, ' Salaman'),
(2696, 249, ' Borobudur'),
(2697, 249, ' Ngluwar'),
(2698, 249, ' Salam'),
(2699, 249, ' Srumbung'),
(2700, 249, ' Dukun'),
(2701, 249, ' Muntilan'),
(2702, 249, ' Mungkid'),
(2703, 249, ' Sawangan'),
(2704, 249, ' Candimulyo'),
(2705, 249, ' Mertoyudan'),
(2706, 249, ' Tempuran'),
(2707, 249, ' Kajoran'),
(2708, 249, ' Kaliangkrik'),
(2709, 249, ' Bandongan'),
(2710, 249, ' Windusari'),
(2711, 249, ' Secang'),
(2712, 249, ' Tegalrejo'),
(2713, 249, ' Pakis'),
(2714, 249, ' Grabag'),
(2715, 249, ' Ngablak'),
(2716, 91, ' Selo'),
(2717, 91, ' Ampel'),
(2718, 91, ' Cepogo'),
(2719, 91, ' Musuk'),
(2720, 91, ' Boyolali'),
(2721, 91, ' Mojosongo'),
(2722, 91, ' Teras'),
(2723, 91, ' Sawit'),
(2724, 91, ' Banyudono'),
(2725, 91, ' Sambi'),
(2726, 91, ' Ngemplak'),
(2727, 91, ' Nogosari'),
(2728, 91, ' Simo'),
(2729, 91, ' Karanggede'),
(2730, 91, ' Klego'),
(2731, 91, ' Andong'),
(2732, 91, ' Kemusu'),
(2733, 91, ' Wonosegoro'),
(2734, 91, ' Juwangi'),
(2735, 196, ' Prambanan'),
(2736, 196, ' Gantiwarno'),
(2737, 196, ' Wedi'),
(2738, 196, ' Bayat'),
(2739, 196, ' Cawas'),
(2740, 196, ' Trucuk'),
(2741, 196, ' Kalikotes'),
(2742, 196, ' Kebonarum'),
(2743, 196, ' Jogonalan'),
(2744, 196, ' Manisrenggo'),
(2745, 196, ' Karangnongko'),
(2746, 196, ' Ngawen'),
(2747, 196, ' Ceper'),
(2748, 196, ' Pedan'),
(2749, 196, ' Karangdowo'),
(2750, 196, ' Juwiring'),
(2751, 196, ' Wonosari'),
(2752, 196, ' Delanggu'),
(2753, 196, ' Polanharjo'),
(2754, 196, ' Karanganom'),
(2755, 196, ' Tulung'),
(2756, 196, ' Jatinom'),
(2757, 196, ' Kemalang'),
(2758, 196, ' Klaten Selatan'),
(2759, 196, ' Klaten Tengah'),
(2760, 196, ' Klaten Utara'),
(2761, 433, ' Weru'),
(2762, 433, ' Bulu'),
(2763, 433, ' Tawangsari'),
(2764, 433, ' Sukoharjo'),
(2765, 433, ' Nguter'),
(2766, 433, ' Bendosari'),
(2767, 433, ' Polokarto'),
(2768, 433, ' Mojolaban'),
(2769, 433, ' Grogol'),
(2770, 433, ' Baki'),
(2771, 433, ' Gatak'),
(2772, 433, ' Kartasura'),
(2773, 497, ' Pracimantoro'),
(2774, 497, ' Paranggupito'),
(2775, 497, ' Giritontro'),
(2776, 497, ' Giriwoyo'),
(2777, 497, ' Batuwarno'),
(2778, 497, ' Karangtengah'),
(2779, 497, ' Tirtomoyo'),
(2780, 497, ' Nguntoronadi'),
(2781, 497, ' Baturetno'),
(2782, 497, ' Eromoko'),
(2783, 497, ' Wuryantoro'),
(2784, 497, ' Manyaran'),
(2785, 497, ' Selogiri'),
(2786, 497, ' Wonogiri'),
(2787, 497, ' Ngadirojo'),
(2788, 497, ' Sidoharjo'),
(2789, 497, ' Jatiroto'),
(2790, 497, ' Kismantoro'),
(2791, 497, ' Purwantoro'),
(2792, 497, ' Bulukerto'),
(2793, 497, ' Puhpelem'),
(2794, 497, ' Slogohimo'),
(2795, 497, ' Jatisrono'),
(2796, 497, ' Jatipurno'),
(2797, 497, ' Girimarto'),
(2798, 169, ' Jatipuro'),
(2799, 169, ' Jatiyoso'),
(2800, 169, ' Jumapolo'),
(2801, 169, ' Jumantono'),
(2802, 169, ' Matesih'),
(2803, 169, ' Tawangmangu'),
(2804, 169, ' Ngargoyoso'),
(2805, 169, ' Karangpandan'),
(2806, 169, ' Karanganyar'),
(2807, 169, ' Tasikmadu'),
(2808, 169, ' Jaten'),
(2809, 169, ' Colomadu'),
(2810, 169, ' Gondangrejo'),
(2811, 169, ' Kebakkramat'),
(2812, 169, ' Mojogedang'),
(2813, 169, ' Kerjo'),
(2814, 169, ' Jenawi'),
(2815, 427, ' Kalijambe'),
(2816, 427, ' Plupuh'),
(2817, 427, ' Masaran'),
(2818, 427, ' Kedawung'),
(2819, 427, ' Sambirejo'),
(2820, 427, ' Gondang'),
(2821, 427, ' Sambung Macan'),
(2822, 427, ' Ngrampal'),
(2823, 427, ' Karangmalang'),
(2824, 427, ' Sragen'),
(2825, 427, ' Sidoharjo'),
(2826, 427, ' Tanon'),
(2827, 427, ' Gemolong'),
(2828, 427, ' Miri'),
(2829, 427, ' Sumberlawang'),
(2830, 427, ' Mondokan'),
(2831, 427, ' Sukodono'),
(2832, 427, ' Gesi'),
(2833, 427, ' Tangen'),
(2834, 427, ' Jenar'),
(2835, 134, ' Kedungjati'),
(2836, 134, ' Karangrayung'),
(2837, 134, ' Penawangan'),
(2838, 134, ' Toroh'),
(2839, 134, ' Geyer'),
(2840, 134, ' Pulokulon'),
(2841, 134, ' Kradenan'),
(2842, 134, ' Gabus'),
(2843, 134, ' Ngaringan'),
(2844, 134, ' Wirosari'),
(2845, 134, ' Tawangharjo'),
(2846, 134, ' Grobogan'),
(2847, 134, ' Purwodadi'),
(2848, 134, ' Brati'),
(2849, 134, ' Klambu'),
(2850, 134, ' Godong'),
(2851, 134, ' Gubug'),
(2852, 134, ' Tegowanu'),
(2853, 134, ' Tanggungharjo'),
(2854, 76, ' Jati'),
(2855, 76, ' Randublatung'),
(2856, 76, ' Kradenan'),
(2857, 76, ' Kedungtuban'),
(2858, 76, ' Cepu'),
(2859, 76, ' Sambong'),
(2860, 76, ' Jiken'),
(2861, 76, ' Bogorejo'),
(2862, 76, ' Jepon'),
(2863, 76, ' Kota Blora'),
(2864, 76, ' Banjarejo'),
(2865, 76, ' Tunjungan'),
(2866, 76, ' Japah'),
(2867, 76, ' Ngawen'),
(2868, 76, ' Kunduran'),
(2869, 76, ' Todanan'),
(2870, 380, ' Sumber'),
(2871, 380, ' Bulu'),
(2872, 380, ' Gunem'),
(2873, 380, ' Sale'),
(2874, 380, ' Sarang'),
(2875, 380, ' Sedan'),
(2876, 380, ' Pamotan'),
(2877, 380, ' Sulang'),
(2878, 380, ' Kaliori'),
(2879, 380, ' Rembang'),
(2880, 380, ' Pancur'),
(2881, 380, ' Kragan'),
(2882, 380, ' Sluke'),
(2883, 380, ' Lasem'),
(2884, 344, ' Sukolilo'),
(2885, 344, ' Kayen'),
(2886, 344, ' Tambakromo'),
(2887, 344, ' Winong'),
(2888, 344, ' Pucakwangi'),
(2889, 344, ' Jaken'),
(2890, 344, ' Batangan'),
(2891, 344, ' Juwana'),
(2892, 344, ' Jakenan'),
(2893, 344, ' Pati'),
(2894, 344, ' Gabus'),
(2895, 344, ' Margorejo'),
(2896, 344, ' Gembong'),
(2897, 344, ' Tlogowungu'),
(2898, 344, ' Wedarijaksa'),
(2899, 344, ' Trangkil'),
(2900, 344, ' Margoyoso'),
(2901, 344, ' Gunung Wungkal'),
(2902, 344, ' Cluwak'),
(2903, 344, ' Tayu'),
(2904, 344, ' Dukuhseti'),
(2905, 209, ' Kaliwungu'),
(2906, 209, ' Kota Kudus'),
(2907, 209, ' Jati'),
(2908, 209, ' Undaan'),
(2909, 209, ' Mejobo'),
(2910, 209, ' Jekulo'),
(2911, 209, ' Bae'),
(2912, 209, ' Gebog'),
(2913, 209, ' Dawe'),
(2914, 163, ' Kedung'),
(2915, 163, ' Pecangaan'),
(2916, 163, ' Kalinyamatan'),
(2917, 163, ' Welahan'),
(2918, 163, ' Mayong'),
(2919, 163, ' Nalumsari'),
(2920, 163, ' Batealit'),
(2921, 163, ' Tahunan'),
(2922, 163, ' Jepara'),
(2923, 163, ' Mlonggo'),
(2924, 163, ' Pakis Aji'),
(2925, 163, ' Bangsri'),
(2926, 163, ' Kembang'),
(2927, 163, ' Keling'),
(2928, 163, ' Donorojo'),
(2929, 163, ' Karimunjawa'),
(2930, 113, ' Mranggen'),
(2931, 113, ' Karangawen'),
(2932, 113, ' Guntur'),
(2933, 113, ' Sayung'),
(2934, 113, ' Karang Tengah'),
(2935, 113, ' Bonang'),
(2936, 113, ' Demak'),
(2937, 113, ' Wonosalam'),
(2938, 113, ' Dempet'),
(2939, 113, ' Kebonagung'),
(2940, 113, ' Gajah'),
(2941, 113, ' Karanganyar'),
(2942, 113, ' Mijen'),
(2943, 113, ' Wedung'),
(2944, 398, ' Getasan'),
(2945, 398, ' Tengaran'),
(2946, 398, ' Susukan'),
(2947, 398, ' Kaliwungu'),
(2948, 398, ' Suruh'),
(2949, 398, ' Pabelan'),
(2950, 398, ' Tuntang'),
(2951, 398, ' Banyubiru'),
(2952, 398, ' Jambu'),
(2953, 398, ' Sumowono'),
(2954, 398, ' Ambarawa'),
(2955, 398, ' Bandungan'),
(2956, 398, ' Bawen'),
(2957, 398, ' Bringin'),
(2958, 398, ' Bancak'),
(2959, 398, ' Pringapus'),
(2960, 398, ' Bergas'),
(2961, 398, ' Ungaran Barat'),
(2962, 398, ' Ungaran Timur'),
(2963, 476, ' Parakan'),
(2964, 476, ' Kledung'),
(2965, 476, ' Bansari'),
(2966, 476, ' Bulu'),
(2967, 476, ' Temanggung'),
(2968, 476, ' Tlogomulyo'),
(2969, 476, ' Tembarak'),
(2970, 476, ' Selopampang'),
(2971, 476, ' Kranggan'),
(2972, 476, ' Pringsurat'),
(2973, 476, ' Kaloran'),
(2974, 476, ' Kandangan'),
(2975, 476, ' Kedu'),
(2976, 476, ' Ngadirejo'),
(2977, 476, ' Jumo'),
(2978, 476, ' Gemawang'),
(2979, 476, ' Candiroto'),
(2980, 476, ' Bejen'),
(2981, 476, ' Tretep'),
(2982, 476, ' Wonoboyo'),
(2983, 181, ' Plantungan'),
(2984, 181, ' Sukorejo'),
(2985, 181, ' Pagerruyung'),
(2986, 181, ' Patean'),
(2987, 181, ' Singorojo'),
(2988, 181, ' Limbangan'),
(2989, 181, ' Boja'),
(2990, 181, ' Kaliwungu'),
(2991, 181, ' Kaliwungu Selatan'),
(2992, 181, ' Brangsong'),
(2993, 181, ' Pegandon'),
(2994, 181, ' Ngampel'),
(2995, 181, ' Gemuh'),
(2996, 181, ' Ringinarum'),
(2997, 181, ' Weleri'),
(2998, 181, ' Rowosari'),
(2999, 181, ' Kangkung'),
(3000, 181, ' Cepiring'),
(3001, 181, ' Patebon'),
(3002, 181, ' Kota Kendal'),
(3003, 49, ' Wonotunggal'),
(3004, 49, ' Bandar'),
(3005, 49, ' Blado'),
(3006, 49, ' Reban'),
(3007, 49, ' Bawang'),
(3008, 49, ' Tersono'),
(3009, 49, ' Gringsing'),
(3010, 49, ' Limpung'),
(3011, 49, ' Banyuputih'),
(3012, 49, ' Subah'),
(3013, 49, ' Pecalungan'),
(3014, 49, ' Tulis'),
(3015, 49, ' Kandeman'),
(3016, 49, ' Batang'),
(3017, 49, ' Warung Asem'),
(3018, 348, ' Kandangserang'),
(3019, 348, ' Paninggaran'),
(3020, 348, ' Lebakbarang'),
(3021, 348, ' Petungkriono'),
(3022, 348, ' Talun'),
(3023, 348, ' Doro'),
(3024, 348, ' Karanganyar'),
(3025, 348, ' Kajen'),
(3026, 348, ' Kesesi'),
(3027, 348, ' Sragi'),
(3028, 348, ' Siwalan'),
(3029, 348, ' Bojong'),
(3030, 348, ' Wonopringgo'),
(3031, 348, ' Kedungwuni'),
(3032, 348, ' Karangdadap'),
(3033, 348, ' Buaran'),
(3034, 348, ' Tirto'),
(3035, 348, ' Wiradesa'),
(3036, 348, ' Wonokerto'),
(3037, 352, ' Moga'),
(3038, 352, ' Warungpring'),
(3039, 352, ' Pulosari'),
(3040, 352, ' Belik'),
(3041, 352, ' Watukumpul'),
(3042, 352, ' Bodeh'),
(3043, 352, ' Bantarbolang'),
(3044, 352, ' Randudongkal'),
(3045, 352, ' Pemalang'),
(3046, 352, ' Taman'),
(3047, 352, ' Petarukan'),
(3048, 352, ' Ampelgading'),
(3049, 352, ' Comal'),
(3050, 352, ' Ulujami'),
(3051, 472, ' Margasari'),
(3052, 472, ' Bumijawa'),
(3053, 472, ' Bojong'),
(3054, 472, ' Balapulang'),
(3055, 472, ' Pagerbarang'),
(3056, 472, ' Lebaksiu'),
(3057, 472, ' Jatinegara'),
(3058, 472, ' Kedung Banteng'),
(3059, 472, ' Pangkah'),
(3060, 472, ' Slawi'),
(3061, 472, ' Dukuhwaru'),
(3062, 472, ' Adiwerna'),
(3063, 472, ' Dukuhturi'),
(3064, 472, ' Talang'),
(3065, 472, ' Tarub'),
(3066, 472, ' Kramat'),
(3067, 472, ' Suradadi'),
(3068, 472, ' Warureja'),
(3069, 92, ' Salem'),
(3070, 92, ' Bantarkawung'),
(3071, 92, ' Bumiayu'),
(3072, 92, ' Paguyangan'),
(3073, 92, ' Sirampog'),
(3074, 92, ' Tonjong'),
(3075, 92, ' Larangan'),
(3076, 92, ' Ketanggungan'),
(3077, 92, ' Banjarharjo'),
(3078, 92, ' Losari'),
(3079, 92, ' Tanjung'),
(3080, 92, ' Kersana'),
(3081, 92, ' Bulakamba'),
(3082, 92, ' Wanasari'),
(3083, 92, ' Songgom'),
(3084, 92, ' Jatibarang'),
(3085, 92, ' Brebes'),
(3086, 250, ' Magelang Selatan'),
(3087, 250, ' Magelang Tengah'),
(3088, 250, ' Magelang Utara'),
(3089, 445, ' Laweyan'),
(3090, 445, ' Serengan'),
(3091, 445, ' Pasar Kliwon'),
(3092, 445, ' Jebres'),
(3093, 445, ' Banjarsari'),
(3094, 386, ' Argomulyo'),
(3095, 386, ' Tingkir'),
(3096, 386, ' Sidomukti'),
(3097, 386, ' Sidorejo'),
(3098, 399, ' Mijen'),
(3099, 399, ' Gunung Pati'),
(3100, 399, ' Banyumanik'),
(3101, 399, ' Gajah Mungkur'),
(3102, 399, ' Semarang Selatan'),
(3103, 399, ' Candisari'),
(3104, 399, ' Tembalang'),
(3105, 399, ' Pedurungan'),
(3106, 399, ' Genuk'),
(3107, 399, ' Gayamsari'),
(3108, 399, ' Semarang Timur'),
(3109, 399, ' Semarang Utara'),
(3110, 399, ' Semarang Tengah'),
(3111, 399, ' Semarang Barat'),
(3112, 399, ' Tugu'),
(3113, 399, ' Ngaliyan'),
(3114, 349, ' Pekalongan Barat'),
(3115, 349, ' Pekalongan Timur'),
(3116, 349, ' Pekalongan Selatan'),
(3117, 349, ' Pekalongan Utara'),
(3118, 473, ' Tegal Selatan'),
(3119, 473, ' Tegal Timur'),
(3120, 473, ' Tegal Barat'),
(3121, 473, ' Margadana'),
(3122, 210, ' Temon'),
(3123, 210, ' Wates'),
(3124, 210, ' Panjatan'),
(3125, 210, ' Galur'),
(3126, 210, ' Lendah'),
(3127, 210, ' Sentolo'),
(3128, 210, ' Pengasih'),
(3129, 210, ' Kokap'),
(3130, 210, ' Girimulyo'),
(3131, 210, ' Nanggulan'),
(3132, 210, ' Kalibawang'),
(3133, 210, ' Samigaluh'),
(3134, 39, ' Srandakan'),
(3135, 39, ' Sanden'),
(3136, 39, ' Kretek'),
(3137, 39, ' Pundong'),
(3138, 39, ' Bambang Lipuro'),
(3139, 39, ' Pandak'),
(3140, 39, ' Bantul'),
(3141, 39, ' Jetis'),
(3142, 39, ' Imogiri'),
(3143, 39, ' Dlingo'),
(3144, 39, ' Pleret'),
(3145, 39, ' Piyungan'),
(3146, 39, ' Banguntapan'),
(3147, 39, ' Sewon'),
(3148, 39, ' Kasihan'),
(3149, 39, ' Pajangan'),
(3150, 39, ' Sedayu'),
(3151, 135, ' Panggang'),
(3152, 135, ' Purwosari'),
(3153, 135, ' Paliyan'),
(3154, 135, ' Sapto Sari'),
(3155, 135, ' Tepus'),
(3156, 135, ' Tanjungsari'),
(3157, 135, ' Rongkop'),
(3158, 135, ' Girisubo'),
(3159, 135, ' Semanu'),
(3160, 135, ' Ponjong'),
(3161, 135, ' Karangmojo'),
(3162, 135, ' Wonosari'),
(3163, 135, ' Playen'),
(3164, 135, ' Patuk'),
(3165, 135, ' Gedang Sari'),
(3166, 135, ' Nglipar'),
(3167, 135, ' Ngawen'),
(3168, 135, ' Semin'),
(3169, 419, ' Moyudan'),
(3170, 419, ' Minggir'),
(3171, 419, ' Seyegan'),
(3172, 419, ' Godean'),
(3173, 419, ' Gamping'),
(3174, 419, ' Mlati'),
(3175, 419, ' Depok'),
(3176, 419, ' Berbah'),
(3177, 419, ' Prambanan'),
(3178, 419, ' Kalasan'),
(3179, 419, ' Ngemplak'),
(3180, 419, ' Ngaglik'),
(3181, 419, ' Sleman'),
(3182, 419, ' Tempel'),
(3183, 419, ' Turi'),
(3184, 419, ' Pakem'),
(3185, 419, ' Cangkringan'),
(3186, 501, ' Mantrijeron'),
(3187, 501, ' Kraton'),
(3188, 501, ' Mergangsan'),
(3189, 501, ' Umbulharjo'),
(3190, 501, ' Kotagede'),
(3191, 501, ' Gondokusuman'),
(3192, 501, ' Danurejan'),
(3193, 501, ' Pakualaman'),
(3194, 501, ' Gondomanan'),
(3195, 501, ' Ngampilan'),
(3196, 501, ' Wirobrajan'),
(3197, 501, ' Gedong Tengen'),
(3198, 501, ' Jetis'),
(3199, 501, ' Tegalrejo'),
(3200, 317, ' Donorojo'),
(3201, 317, ' Punung'),
(3202, 317, ' Pringkuku'),
(3203, 317, ' Pacitan'),
(3204, 317, ' Kebonagung'),
(3205, 317, ' Arjosari'),
(3206, 317, ' Nawangan'),
(3207, 317, ' Bandar'),
(3208, 317, ' Tegalombo'),
(3209, 317, ' Tulakan'),
(3210, 317, ' Ngadirojo'),
(3211, 317, ' Sudimoro'),
(3212, 363, ' Ngrayun'),
(3213, 363, ' Slahung'),
(3214, 363, ' Bungkal'),
(3215, 363, ' Sambit'),
(3216, 363, ' Sawoo'),
(3217, 363, ' Sooko'),
(3218, 363, ' Pudak'),
(3219, 363, ' Pulung'),
(3220, 363, ' Mlarak'),
(3221, 363, ' Siman'),
(3222, 363, ' Jetis'),
(3223, 363, ' Balong'),
(3224, 363, ' Kauman'),
(3225, 363, ' Jambon'),
(3226, 363, ' Badegan'),
(3227, 363, ' Sampung'),
(3228, 363, ' Sukorejo'),
(3229, 363, ' Ponorogo'),
(3230, 363, ' Babadan'),
(3231, 363, ' Jenangan'),
(3232, 363, ' Ngebel'),
(3233, 487, ' Panggul'),
(3234, 487, ' Munjungan'),
(3235, 487, ' Watulimo'),
(3236, 487, ' Kampak'),
(3237, 487, ' Dongko'),
(3238, 487, ' Pule'),
(3239, 487, ' Karangan'),
(3240, 487, ' Suruh'),
(3241, 487, ' Gandusari'),
(3242, 487, ' Durenan'),
(3243, 487, ' Pogalan'),
(3244, 487, ' Trenggalek'),
(3245, 487, ' Tugu'),
(3246, 487, ' Bendungan'),
(3247, 492, ' Besuki'),
(3248, 492, ' Bandung'),
(3249, 492, ' Pakel'),
(3250, 492, ' Campur Darat'),
(3251, 492, ' Tanggung Gunung'),
(3252, 492, ' Kalidawir'),
(3253, 492, ' Pucang Laban'),
(3254, 492, ' Rejotangan'),
(3255, 492, ' Ngunut'),
(3256, 492, ' Sumbergempol'),
(3257, 492, ' Boyolangu'),
(3258, 492, ' Tulungagung'),
(3259, 492, ' Kedungwaru'),
(3260, 492, ' Ngantru'),
(3261, 492, ' Karangrejo'),
(3262, 492, ' Kauman'),
(3263, 492, ' Gondang'),
(3264, 492, ' Pager Wojo'),
(3265, 492, ' Sendang'),
(3266, 74, ' Bakung'),
(3267, 74, ' Wonotirto'),
(3268, 74, ' Panggungrejo'),
(3269, 74, ' Wates'),
(3270, 74, ' Binangun'),
(3271, 74, ' Sutojayan'),
(3272, 74, ' Kademangan'),
(3273, 74, ' Kanigoro'),
(3274, 74, ' Talun'),
(3275, 74, ' Selopuro'),
(3276, 74, ' Kesamben'),
(3277, 74, ' Selorejo'),
(3278, 74, ' Doko'),
(3279, 74, ' Wlingi'),
(3280, 74, ' Gandusari'),
(3281, 74, ' Garum'),
(3282, 74, ' Nglegok'),
(3283, 74, ' Sanankulon'),
(3284, 74, ' Ponggok'),
(3285, 74, ' Srengat'),
(3286, 74, ' Wonodadi'),
(3287, 74, ' Udanawu'),
(3288, 178, ' Mojo'),
(3289, 178, ' Semen'),
(3290, 178, ' Ngadiluwih'),
(3291, 178, ' Kras'),
(3292, 178, ' Ringinrejo'),
(3293, 178, ' Kandat'),
(3294, 178, ' Wates'),
(3295, 178, ' Ngancar'),
(3296, 178, ' Plosoklaten'),
(3297, 178, ' Gurah'),
(3298, 178, ' Puncu'),
(3299, 178, ' Kepung'),
(3300, 178, ' Kandangan'),
(3301, 178, ' Pare'),
(3302, 178, ' Badas'),
(3303, 178, ' Kunjang'),
(3304, 178, ' Plemahan'),
(3305, 178, ' Purwoasri'),
(3306, 178, ' Papar'),
(3307, 178, ' Pagu'),
(3308, 178, ' Kayen Kidul'),
(3309, 178, ' Gampengrejo'),
(3310, 178, ' Ngasem'),
(3311, 178, ' Banyakan'),
(3312, 178, ' Grogol'),
(3313, 178, ' Tarokan'),
(3314, 255, ' Donomulyo'),
(3315, 255, ' Kalipare'),
(3316, 255, ' Pagak'),
(3317, 255, ' Bantur'),
(3318, 255, ' Gedangan'),
(3319, 255, ' Sumbermanjing'),
(3320, 255, ' Dampit'),
(3321, 255, ' Tirto Yudo'),
(3322, 255, ' Ampelgading'),
(3323, 255, ' Poncokusumo'),
(3324, 255, ' Wajak'),
(3325, 255, ' Turen'),
(3326, 255, ' Bululawang'),
(3327, 255, ' Gondanglegi'),
(3328, 255, ' Pagelaran'),
(3329, 255, ' Kepanjen'),
(3330, 255, ' Sumber Pucung'),
(3331, 255, ' Kromengan'),
(3332, 255, ' Ngajum'),
(3333, 255, ' Wonosari'),
(3334, 255, ' Wagir'),
(3335, 255, ' Pakisaji'),
(3336, 255, ' Tajinan'),
(3337, 255, ' Tumpang'),
(3338, 255, ' Pakis'),
(3339, 255, ' Jabung'),
(3340, 255, ' Lawang'),
(3341, 255, ' Singosari'),
(3342, 255, ' Karangploso'),
(3343, 255, ' Dau'),
(3344, 255, ' Pujon'),
(3345, 255, ' Ngantang'),
(3346, 255, ' Kasembon'),
(3347, 243, ' Tempursari'),
(3348, 243, ' Pronojiwo'),
(3349, 243, ' Candipuro'),
(3350, 243, ' Pasirian'),
(3351, 243, ' Tempeh'),
(3352, 243, ' Lumajang'),
(3353, 243, ' Sumbersuko'),
(3354, 243, ' Tekung'),
(3355, 243, ' Kunir'),
(3356, 243, ' Yosowilangun'),
(3357, 243, ' Rowokangkung'),
(3358, 243, ' Jatiroto'),
(3359, 243, ' Randuagung'),
(3360, 243, ' Sukodono'),
(3361, 243, ' Padang'),
(3362, 243, ' Pasrujambe'),
(3363, 243, ' Senduro'),
(3364, 243, ' Gucialit'),
(3365, 243, ' Kedungjajang'),
(3366, 243, ' Klakah'),
(3367, 243, ' Ranuyoso'),
(3368, 160, ' Kencong'),
(3369, 160, ' Gumuk Mas'),
(3370, 160, ' Puger'),
(3371, 160, ' Wuluhan'),
(3372, 160, ' Ambulu'),
(3373, 160, ' Tempurejo'),
(3374, 160, ' Silo'),
(3375, 160, ' Mayang'),
(3376, 160, ' Mumbulsari'),
(3377, 160, ' Jenggawah'),
(3378, 160, ' Ajung'),
(3379, 160, ' Rambipuji'),
(3380, 160, ' Balung'),
(3381, 160, ' Umbulsari'),
(3382, 160, ' Semboro'),
(3383, 160, ' Jombang'),
(3384, 160, ' Sumber Baru'),
(3385, 160, ' Tanggul'),
(3386, 160, ' Bangsalsari'),
(3387, 160, ' Panti'),
(3388, 160, ' Sukorambi'),
(3389, 160, ' Arjasa'),
(3390, 160, ' Pakusari'),
(3391, 160, ' Kalisat'),
(3392, 160, ' Ledokombo'),
(3393, 160, ' Sumberjambe'),
(3394, 160, ' Sukowono'),
(3395, 160, ' Jelbuk'),
(3396, 160, ' Kaliwates'),
(3397, 160, ' Sumbersari'),
(3398, 160, ' Patrang'),
(3399, 42, ' Pesanggaran'),
(3400, 42, ' Siliragung'),
(3401, 42, ' Bangorejo'),
(3402, 42, ' Purwoharjo'),
(3403, 42, ' Tegaldlimo'),
(3404, 42, ' Muncar'),
(3405, 42, ' Cluring'),
(3406, 42, ' Gambiran'),
(3407, 42, ' Tegalsari'),
(3408, 42, ' Glenmore'),
(3409, 42, ' Kalibaru'),
(3410, 42, ' Genteng'),
(3411, 42, ' Srono'),
(3412, 42, ' Rogojampi'),
(3413, 42, ' Kabat'),
(3414, 42, ' Singojuruh'),
(3415, 42, ' Sempu'),
(3416, 42, ' Songgon'),
(3417, 42, ' Glagah'),
(3418, 42, ' Licin'),
(3419, 42, ' Banyuwangi'),
(3420, 42, ' Giri'),
(3421, 42, ' Kalipuro'),
(3422, 42, ' Wongsorejo'),
(3423, 86, ' Maesan'),
(3424, 86, ' Grujugan'),
(3425, 86, ' Tamanan'),
(3426, 86, ' Jambesari Darus Sholah'),
(3427, 86, ' Pujer'),
(3428, 86, ' Tlogosari'),
(3429, 86, ' Sukosari'),
(3430, 86, ' Sumber Wringin'),
(3431, 86, ' Tapen'),
(3432, 86, ' Wonosari'),
(3433, 86, ' Tenggarang'),
(3434, 86, ' Bondowoso'),
(3435, 86, ' Curah Dami'),
(3436, 86, ' Binakal'),
(3437, 86, ' Pakem'),
(3438, 86, ' Wringin'),
(3439, 86, ' Tegalampel'),
(3440, 86, ' Taman Krocok'),
(3441, 86, ' Klabang'),
(3442, 86, ' Sempol'),
(3443, 86, ' Botolinggo'),
(3444, 86, ' Prajekan'),
(3445, 86, ' Cermee'),
(3446, 418, ' Sumbermalang'),
(3447, 418, ' Jatibanteng'),
(3448, 418, ' Banyuglugur'),
(3449, 418, ' Besuki'),
(3450, 418, ' Suboh'),
(3451, 418, ' Mlandingan'),
(3452, 418, ' Bungatan'),
(3453, 418, ' Kendit'),
(3454, 418, ' Panarukan'),
(3455, 418, ' Situbondo'),
(3456, 418, ' Mangaran'),
(3457, 418, ' Panji'),
(3458, 418, ' Kapongan'),
(3459, 418, ' Arjasa'),
(3460, 418, ' Jangkar'),
(3461, 418, ' Asembagus'),
(3462, 418, ' Banyuputih'),
(3463, 369, ' Sukapura'),
(3464, 369, ' Sumber'),
(3465, 369, ' Kuripan'),
(3466, 369, ' Bantaran'),
(3467, 369, ' Leces'),
(3468, 369, ' Tegalsiwalan'),
(3469, 369, ' Banyuanyar'),
(3470, 369, ' Tiris'),
(3471, 369, ' Krucil'),
(3472, 369, ' Gading'),
(3473, 369, ' Pakuniran'),
(3474, 369, ' Kotaanyar'),
(3475, 369, ' Paiton'),
(3476, 369, ' Besuk'),
(3477, 369, ' Kraksaan'),
(3478, 369, ' Krejengan'),
(3479, 369, ' Pajarakan'),
(3480, 369, ' Maron'),
(3481, 369, ' Gending'),
(3482, 369, ' Dringu'),
(3483, 369, ' Wonomerto'),
(3484, 369, ' Lumbang'),
(3485, 369, ' Tongas'),
(3486, 369, ' Sumberasih'),
(3487, 342, ' Purwodadi'),
(3488, 342, ' Tutur'),
(3489, 342, ' Puspo'),
(3490, 342, ' Tosari'),
(3491, 342, ' Lumbang'),
(3492, 342, ' Pasrepan'),
(3493, 342, ' Kejayan'),
(3494, 342, ' Wonorejo'),
(3495, 342, ' Purwosari'),
(3496, 342, ' Prigen'),
(3497, 342, ' Sukorejo'),
(3498, 342, ' Pandaan'),
(3499, 342, ' Gempol'),
(3500, 342, ' Beji'),
(3501, 342, ' Bangil'),
(3502, 342, ' Rembang'),
(3503, 342, ' Kraton'),
(3504, 342, ' Pohjentrek'),
(3505, 342, ' Gondang Wetan'),
(3506, 342, ' Rejoso'),
(3507, 342, ' Winongan'),
(3508, 342, ' Grati'),
(3509, 342, ' Lekok'),
(3510, 342, ' Nguling'),
(3511, 409, ' Tarik'),
(3512, 409, ' Prambon'),
(3513, 409, ' Krembung'),
(3514, 409, ' Porong'),
(3515, 409, ' Jabon'),
(3516, 409, ' Tanggulangin'),
(3517, 409, ' Candi'),
(3518, 409, ' Tulangan'),
(3519, 409, ' Wonoayu'),
(3520, 409, ' Sukodono'),
(3521, 409, ' Sidoarjo'),
(3522, 409, ' Buduran'),
(3523, 409, ' Sedati'),
(3524, 409, ' Waru'),
(3525, 409, ' Gedangan'),
(3526, 409, ' Taman'),
(3527, 409, ' Krian'),
(3528, 409, ' Balong Bendo'),
(3529, 289, ' Jatirejo'),
(3530, 289, ' Gondang'),
(3531, 289, ' Pacet'),
(3532, 289, ' Trawas'),
(3533, 289, ' Ngoro'),
(3534, 289, ' Pungging'),
(3535, 289, ' Kutorejo'),
(3536, 289, ' Mojosari'),
(3537, 289, ' Bangsal'),
(3538, 289, ' Mojoanyar'),
(3539, 289, ' Dlanggu'),
(3540, 289, ' Puri'),
(3541, 289, ' Trowulan'),
(3542, 289, ' Sooko'),
(3543, 289, ' Gedek'),
(3544, 289, ' Kemlagi'),
(3545, 289, ' Jetis'),
(3546, 289, ' Dawar Blandong'),
(3547, 164, ' Bandar Kedung Mulyo'),
(3548, 164, ' Perak'),
(3549, 164, ' Gudo'),
(3550, 164, ' Diwek'),
(3551, 164, ' Ngoro'),
(3552, 164, ' Mojowarno'),
(3553, 164, ' Bareng'),
(3554, 164, ' Wonosalam'),
(3555, 164, ' Mojoagung'),
(3556, 164, ' Sumobito'),
(3557, 164, ' Jogo Roto'),
(3558, 164, ' Peterongan'),
(3559, 164, ' Jombang'),
(3560, 164, ' Megaluh'),
(3561, 164, ' Tembelang'),
(3562, 164, ' Kesamben'),
(3563, 164, ' Kudu'),
(3564, 164, ' Ngusikan'),
(3565, 164, ' Ploso'),
(3566, 164, ' Kabuh'),
(3567, 164, ' Plandaan'),
(3568, 305, ' Sawahan'),
(3569, 305, ' Ngetos'),
(3570, 305, ' Berbek'),
(3571, 305, ' Loceret'),
(3572, 305, ' Pace'),
(3573, 305, ' Tanjunganom'),
(3574, 305, ' Prambon'),
(3575, 305, ' Ngronggot'),
(3576, 305, ' Kertosono'),
(3577, 305, ' Patianrowo'),
(3578, 305, ' Baron'),
(3579, 305, ' Gondang'),
(3580, 305, ' Sukomoro'),
(3581, 305, ' Nganjuk'),
(3582, 305, ' Bagor'),
(3583, 305, ' Wilangan'),
(3584, 305, ' Rejoso'),
(3585, 305, ' Ngluyu'),
(3586, 305, ' Lengkong'),
(3587, 305, ' Jatikalen'),
(3588, 247, ' Kebonsari'),
(3589, 247, ' Geger'),
(3590, 247, ' Dolopo'),
(3591, 247, ' Dagangan'),
(3592, 247, ' Wungu'),
(3593, 247, ' Kare'),
(3594, 247, ' Gemarang'),
(3595, 247, ' Saradan'),
(3596, 247, ' Pilangkenceng'),
(3597, 247, ' Mejayan'),
(3598, 247, ' Wonoasri'),
(3599, 247, ' Balerejo'),
(3600, 247, ' Madiun'),
(3601, 247, ' Sawahan'),
(3602, 247, ' Jiwan'),
(3603, 251, ' Poncol'),
(3604, 251, ' Parang'),
(3605, 251, ' Lembeyan'),
(3606, 251, ' Takeran'),
(3607, 251, ' Nguntoronadi'),
(3608, 251, ' Kawedanan'),
(3609, 251, ' Magetan'),
(3610, 251, ' Ngariboyo'),
(3611, 251, ' Plaosan'),
(3612, 251, ' Sidorejo'),
(3613, 251, ' Panekan'),
(3614, 251, ' Sukomoro'),
(3615, 251, ' Bendo'),
(3616, 251, ' Maospati'),
(3617, 251, ' Karangrejo'),
(3618, 251, ' Karas'),
(3619, 251, ' Barat'),
(3620, 251, ' Kartoharjo'),
(3621, 306, ' Sine'),
(3622, 306, ' Ngrambe'),
(3623, 306, ' Jogorogo'),
(3624, 306, ' Kendal'),
(3625, 306, ' Geneng'),
(3626, 306, ' Gerih'),
(3627, 306, ' Kwadungan'),
(3628, 306, ' Pangkur'),
(3629, 306, ' Karangjati'),
(3630, 306, ' Bringin'),
(3631, 306, ' Padas'),
(3632, 306, ' Kasreman'),
(3633, 306, ' Ngawi'),
(3634, 306, ' Paron'),
(3635, 306, ' Kedunggalar'),
(3636, 306, ' Pitu'),
(3637, 306, ' Widodaren'),
(3638, 306, ' Mantingan'),
(3639, 306, ' Karanganyar'),
(3640, 80, ' Margomulyo'),
(3641, 80, ' Ngraho'),
(3642, 80, ' Tambakrejo'),
(3643, 80, ' Ngambon'),
(3644, 80, ' Sekar'),
(3645, 80, ' Bubulan'),
(3646, 80, ' Gondang'),
(3647, 80, ' Temayang'),
(3648, 80, ' Sugihwaras'),
(3649, 80, ' Kedungadem'),
(3650, 80, ' Kepoh Baru'),
(3651, 80, ' Baureno'),
(3652, 80, ' Kanor'),
(3653, 80, ' Sumberejo'),
(3654, 80, ' Balen'),
(3655, 80, ' Sukosewu'),
(3656, 80, ' Kapas'),
(3657, 80, ' Bojonegoro'),
(3658, 80, ' Trucuk'),
(3659, 80, ' Dander'),
(3660, 80, ' Ngasem'),
(3661, 80, ' Gayam'),
(3662, 80, ' Kalitidu'),
(3663, 80, ' Malo'),
(3664, 80, ' Purwosari'),
(3665, 80, ' Padangan'),
(3666, 80, ' Kasiman'),
(3667, 80, ' Kedewan'),
(3668, 489, ' Kenduruan'),
(3669, 489, ' Bangilan'),
(3670, 489, ' Senori'),
(3671, 489, ' Singgahan'),
(3672, 489, ' Montong'),
(3673, 489, ' Parengan'),
(3674, 489, ' Soko'),
(3675, 489, ' Rengel'),
(3676, 489, ' Grabagan'),
(3677, 489, ' Plumpang'),
(3678, 489, ' Widang'),
(3679, 489, ' Palang'),
(3680, 489, ' Semanding'),
(3681, 489, ' Tuban'),
(3682, 489, ' Jenu'),
(3683, 489, ' Merakurak'),
(3684, 489, ' Kerek'),
(3685, 489, ' Tambakboyo'),
(3686, 489, ' Jatirogo'),
(3687, 489, ' Bancar'),
(3688, 222, ' Sukorame'),
(3689, 222, ' Bluluk'),
(3690, 222, ' Ngimbang'),
(3691, 222, ' Sambeng'),
(3692, 222, ' Mantup'),
(3693, 222, ' Kembangbahu'),
(3694, 222, ' Sugio'),
(3695, 222, ' Kedungpring'),
(3696, 222, ' Modo'),
(3697, 222, ' Babat'),
(3698, 222, ' Pucuk'),
(3699, 222, ' Sukodadi'),
(3700, 222, ' Lamongan'),
(3701, 222, ' Tikung'),
(3702, 222, ' Sarirejo'),
(3703, 222, ' Deket'),
(3704, 222, ' Glagah'),
(3705, 222, ' Karangbinangun'),
(3706, 222, ' Turi'),
(3707, 222, ' Kalitengah'),
(3708, 222, ' Karang Geneng'),
(3709, 222, ' Sekaran'),
(3710, 222, ' Maduran'),
(3711, 222, ' Laren'),
(3712, 222, ' Solokuro'),
(3713, 222, ' Paciran'),
(3714, 222, ' Brondong'),
(3715, 133, ' Wringinanom'),
(3716, 133, ' Driyorejo'),
(3717, 133, ' Kedamean'),
(3718, 133, ' Menganti'),
(3719, 133, ' Cerme'),
(3720, 133, ' Benjeng'),
(3721, 133, ' Balongpanggang'),
(3722, 133, ' Duduksampeyan'),
(3723, 133, ' Kebomas'),
(3724, 133, ' Gresik'),
(3725, 133, ' Manyar'),
(3726, 133, ' Bungah'),
(3727, 133, ' Sidayu'),
(3728, 133, ' Dukun'),
(3729, 133, ' Panceng'),
(3730, 133, ' Ujungpangkah'),
(3731, 133, ' Sangkapura'),
(3732, 133, ' Tambak'),
(3733, 31, ' Kamal'),
(3734, 31, ' Labang'),
(3735, 31, ' Kwanyar'),
(3736, 31, ' Modung'),
(3737, 31, ' Blega'),
(3738, 31, ' Konang'),
(3739, 31, ' Galis'),
(3740, 31, ' Tanah Merah'),
(3741, 31, ' Tragah'),
(3742, 31, ' Socah'),
(3743, 31, ' Bangkalan'),
(3744, 31, ' Burneh'),
(3745, 31, ' Arosbaya'),
(3746, 31, ' Geger'),
(3747, 31, ' Kokop'),
(3748, 31, ' Tanjungbumi'),
(3749, 31, ' Sepulu'),
(3750, 31, ' Klampis'),
(3751, 390, ' Sreseh'),
(3752, 390, ' Torjun'),
(3753, 390, ' Pangarengan'),
(3754, 390, ' Sampang'),
(3755, 390, ' Camplong'),
(3756, 390, ' Omben'),
(3757, 390, ' Kedungdung'),
(3758, 390, ' Jrengik'),
(3759, 390, ' Tambelangan'),
(3760, 390, ' Banyuates'),
(3761, 390, ' Robatal'),
(3762, 390, ' Karang Penang'),
(3763, 390, ' Ketapang'),
(3764, 390, ' Sokobanah'),
(3765, 330, ' Tlanakan'),
(3766, 330, ' Pademawu'),
(3767, 330, ' Galis'),
(3768, 330, ' Larangan'),
(3769, 330, ' Pamekasan'),
(3770, 330, ' Proppo'),
(3771, 330, ' Palengaan'),
(3772, 330, ' Pegantenan'),
(3773, 330, ' Kadur'),
(3774, 330, ' Pakong'),
(3775, 330, ' Waru'),
(3776, 330, ' Batu Marmar'),
(3777, 330, ' Pasean'),
(3778, 441, ' Pragaan'),
(3779, 441, ' Bluto'),
(3780, 441, ' Saronggi'),
(3781, 441, ' Giligenteng'),
(3782, 441, ' Talango'),
(3783, 441, ' Kalianget'),
(3784, 441, ' Kota Sumenep'),
(3785, 441, ' Batuan'),
(3786, 441, ' Lenteng'),
(3787, 441, ' Ganding'),
(3788, 441, ' Guluk Guluk'),
(3789, 441, ' Pasongsongan'),
(3790, 441, ' Ambunten'),
(3791, 441, ' Rubaru'),
(3792, 441, ' Dasuk'),
(3793, 441, ' Manding'),
(3794, 441, ' Batuputih'),
(3795, 441, ' Gapura'),
(3796, 441, ' Batang Batang'),
(3797, 441, ' Dungkek'),
(3798, 441, ' Nonggunong'),
(3799, 441, ' Gayam'),
(3800, 441, ' Raas'),
(3801, 441, ' Sapeken'),
(3802, 441, ' Arjasa'),
(3803, 441, ' Kangayan'),
(3804, 441, ' Masalembu'),
(3805, 179, ' Mojoroto'),
(3806, 179, ' Kota Kediri'),
(3807, 179, ' Pesantren'),
(3808, 75, ' Sukorejo'),
(3809, 75, ' Kepanjenkidul'),
(3810, 75, ' Sananwetan'),
(3811, 256, ' Kedungkandang'),
(3812, 256, ' Sukun'),
(3813, 256, ' Klojen'),
(3814, 256, ' Blimbing'),
(3815, 256, ' Lowokwaru'),
(3816, 370, ' Kademangan'),
(3817, 370, ' Kedopok'),
(3818, 370, ' Wonoasih'),
(3819, 370, ' Mayangan'),
(3820, 370, ' Kanigaran'),
(3821, 343, ' Gadingrejo'),
(3822, 343, ' Purworejo'),
(3823, 343, ' Bugulkidul'),
(3824, 343, ' Panggungrejo'),
(3825, 290, ' Prajurit Kulon'),
(3826, 290, ' Magersari'),
(3827, 248, ' Mangu Harjo'),
(3828, 248, ' Taman'),
(3829, 248, ' Kartoharjo'),
(3830, 444, ' Karang Pilang'),
(3831, 444, ' Jambangan'),
(3832, 444, ' Gayungan'),
(3833, 444, ' Wonocolo'),
(3834, 444, ' Tenggilis Mejoyo'),
(3835, 444, ' Gunung Anyar'),
(3836, 444, ' Rungkut'),
(3837, 444, ' Sukolilo'),
(3838, 444, ' Mulyorejo'),
(3839, 444, ' Gubeng'),
(3840, 444, ' Wonokromo'),
(3841, 444, ' Dukuh Pakis'),
(3842, 444, ' Wiyung'),
(3843, 444, ' Lakarsantri'),
(3844, 444, ' Sambikerep'),
(3845, 444, ' Tandes'),
(3846, 444, ' Suko Manunggal'),
(3847, 444, ' Sawahan'),
(3848, 444, ' Tegalsari'),
(3849, 444, ' Genteng'),
(3850, 444, ' Tambaksari'),
(3851, 444, ' Kenjeran'),
(3852, 444, ' Bulak'),
(3853, 444, ' Simokerto'),
(3854, 444, ' Semampir'),
(3855, 444, ' Pabean Cantian'),
(3856, 444, ' Bubutan'),
(3857, 444, ' Krembangan'),
(3858, 444, ' Asemrowo'),
(3859, 444, ' Benowo'),
(3860, 444, ' Pakal'),
(3861, 51, ' Batu'),
(3862, 51, ' Junrejo'),
(3863, 51, ' Bumiaji'),
(3864, 331, ' Sumur'),
(3865, 331, ' Cimanggu'),
(3866, 331, ' Cibaliung'),
(3867, 331, ' Cibitung'),
(3868, 331, ' Cikeusik'),
(3869, 331, ' Cigeulis'),
(3870, 331, ' Panimbang'),
(3871, 331, ' Sobang'),
(3872, 331, ' Munjul'),
(3873, 331, ' Angsana'),
(3874, 331, ' Sindangresmi'),
(3875, 331, ' Picung'),
(3876, 331, ' Bojong'),
(3877, 331, ' Saketi'),
(3878, 331, ' Cisata'),
(3879, 331, ' Pagelaran'),
(3880, 331, ' Patia'),
(3881, 331, ' Sukaresmi'),
(3882, 331, ' Labuan'),
(3883, 331, ' Carita'),
(3884, 331, ' Jiput'),
(3885, 331, ' Cikedal'),
(3886, 331, ' Menes'),
(3887, 331, ' Pulosari'),
(3888, 331, ' Mandalawangi'),
(3889, 331, ' Cimanuk'),
(3890, 331, ' Cipeucang'),
(3891, 331, ' Banjar'),
(3892, 331, ' Kaduhejo'),
(3893, 331, ' Mekarjaya'),
(3894, 331, ' Pandeglang'),
(3895, 331, ' Majasari'),
(3896, 331, ' Cadasari'),
(3897, 331, ' Karangtanjung'),
(3898, 331, ' Koroncong'),
(3899, 232, ' Malingping'),
(3900, 232, ' Wanasalam'),
(3901, 232, ' Panggarangan'),
(3902, 232, ' Cihara'),
(3903, 232, ' Bayah'),
(3904, 232, ' Cilograng'),
(3905, 232, ' Cibeber'),
(3906, 232, ' Cijaku'),
(3907, 232, ' Cigemblong'),
(3908, 232, ' Banjarsari'),
(3909, 232, ' Cileles'),
(3910, 232, ' Gunung Kencana'),
(3911, 232, ' Bojongmanik'),
(3912, 232, ' Cirinten'),
(3913, 232, ' Leuwidamar'),
(3914, 232, ' Muncang'),
(3915, 232, ' Sobang'),
(3916, 232, ' Cipanas'),
(3917, 232, ' Lebakgedong'),
(3918, 232, ' Sajira'),
(3919, 232, ' Cimarga'),
(3920, 232, ' Cikulur'),
(3921, 232, ' Warunggunung'),
(3922, 232, ' Cibadak'),
(3923, 232, ' Rangkasbitung'),
(3924, 232, ' Kalanganyar'),
(3925, 232, ' Maja'),
(3926, 232, ' Curugbitung'),
(3927, 455, ' Cisoka'),
(3928, 455, ' Solear'),
(3929, 455, ' Tigaraksa'),
(3930, 455, ' Jambe'),
(3931, 455, ' Cikupa'),
(3932, 455, ' Panongan'),
(3933, 455, ' Curug'),
(3934, 455, ' Kelapa Dua'),
(3935, 455, ' Legok'),
(3936, 455, ' Pagedangan'),
(3937, 455, ' Cisauk'),
(3938, 455, ' Pasarkemis'),
(3939, 455, ' Sindang Jaya'),
(3940, 455, ' Balaraja'),
(3941, 455, ' Jayanti'),
(3942, 455, ' Sukamulya'),
(3943, 455, ' Kresek'),
(3944, 455, ' Gunung Kaler'),
(3945, 455, ' Kronjo'),
(3946, 455, ' Mekar Baru'),
(3947, 455, ' Mauk'),
(3948, 455, ' Kemiri'),
(3949, 455, ' Sukadiri'),
(3950, 455, ' Rajeg'),
(3951, 455, ' Sepatan'),
(3952, 455, ' Sepatan Timur'),
(3953, 455, ' Pakuhaji'),
(3954, 455, ' Teluknaga'),
(3955, 455, ' Kosambi'),
(3956, 402, ' Cinangka'),
(3957, 402, ' Padarincang'),
(3958, 402, ' Ciomas'),
(3959, 402, ' Pabuaran'),
(3960, 402, ' Gunung Sari'),
(3961, 402, ' Baros'),
(3962, 402, ' Petir'),
(3963, 402, ' Tunjung Teja'),
(3964, 402, ' Cikeusal'),
(3965, 402, ' Pamarayan'),
(3966, 402, ' Bandung'),
(3967, 402, ' Jawilan'),
(3968, 402, ' Kopo'),
(3969, 402, ' Cikande'),
(3970, 402, ' Kibin'),
(3971, 402, ' Kragilan'),
(3972, 402, ' Waringinkurung'),
(3973, 402, ' Mancak');
INSERT INTO `kecamatan` (`id`, `kabupaten_id`, `nama`) VALUES
(3974, 402, ' Anyar'),
(3975, 402, ' Bojonegara'),
(3976, 402, ' Pulo Ampel'),
(3977, 402, ' Kramatwatu'),
(3978, 402, ' Ciruas'),
(3979, 402, ' Pontang'),
(3980, 402, ' Lebak Wangi'),
(3981, 402, ' Carenang'),
(3982, 402, ' Binuang'),
(3983, 402, ' Tirtayasa'),
(3984, 402, ' Tanara'),
(3985, 456, ' Ciledug'),
(3986, 456, ' Larangan'),
(3987, 456, ' Karang Tengah'),
(3988, 456, ' Cipondoh'),
(3989, 456, ' Pinang'),
(3990, 456, ' Tangerang'),
(3991, 456, ' Karawaci'),
(3992, 456, ' Jati Uwung'),
(3993, 456, ' Cibodas'),
(3994, 456, ' Periuk'),
(3995, 456, ' Batuceper'),
(3996, 456, ' Neglasari'),
(3997, 456, ' Benda'),
(3998, 106, ' Ciwandan'),
(3999, 106, ' Citangkil'),
(4000, 106, ' Pulomerak'),
(4001, 106, ' Purwakarta'),
(4002, 106, ' Grogol'),
(4003, 106, ' Cilegon'),
(4004, 106, ' Jombang'),
(4005, 106, ' Cibeber'),
(4006, 403, ' Curug'),
(4007, 403, ' Walantaka'),
(4008, 403, ' Cipocok Jaya'),
(4009, 403, ' Serang'),
(4010, 403, ' Taktakan'),
(4011, 403, ' Kasemen'),
(4012, 457, ' Setu'),
(4013, 457, ' Serpong'),
(4014, 457, ' Pamulang'),
(4015, 457, ' Ciputat'),
(4016, 457, ' Ciputat Timur'),
(4017, 457, ' Pondok Aren'),
(4018, 457, ' Serpong Utara'),
(4019, 161, ' Melaya'),
(4020, 161, ' Negara'),
(4021, 161, ' Jembrana'),
(4022, 161, ' Mendoyo'),
(4023, 161, ' Pekutatan'),
(4024, 447, ' Selemadeg'),
(4025, 447, ' Selemadeg Timur'),
(4026, 447, ' Selemadeg Barat'),
(4027, 447, ' Kerambitan'),
(4028, 447, ' Tabanan'),
(4029, 447, ' Kediri'),
(4030, 447, ' Marga'),
(4031, 447, ' Baturiti'),
(4032, 447, ' Penebel'),
(4033, 447, ' Pupuan'),
(4034, 17, ' Kuta Selatan'),
(4035, 17, ' Kuta'),
(4036, 17, ' Kuta Utara'),
(4037, 17, ' Mengwi'),
(4038, 17, ' Abiansemal'),
(4039, 17, ' Petang'),
(4040, 128, ' Sukawati'),
(4041, 128, ' Blahbatuh'),
(4042, 128, ' Gianyar'),
(4043, 128, ' Tampaksiring'),
(4044, 128, ' Ubud'),
(4045, 128, ' Tegallalang'),
(4046, 128, ' Payangan'),
(4047, 197, ' Nusapenida'),
(4048, 197, ' Banjarangkan'),
(4049, 197, ' Klungkung'),
(4050, 197, ' Dawan'),
(4051, 32, ' Susut'),
(4052, 32, ' Bangli'),
(4053, 32, ' Tembuku'),
(4054, 32, ' Kintamani'),
(4055, 170, ' Rendang'),
(4056, 170, ' Sidemen'),
(4057, 170, ' Manggis'),
(4058, 170, ' Karangasem'),
(4059, 170, ' Abang'),
(4060, 170, ' Bebandem'),
(4061, 170, ' Selat'),
(4062, 170, ' Kubu'),
(4063, 94, ' Gerokgak'),
(4064, 94, ' Seririt'),
(4065, 94, ' Busungbiu'),
(4066, 94, ' Banjar'),
(4067, 94, ' Sukasada'),
(4068, 94, ' Buleleng'),
(4069, 94, ' Sawan'),
(4070, 94, ' Kubutambahan'),
(4071, 94, ' Tejakula'),
(4072, 114, ' Denpasar Selatan'),
(4073, 114, ' Denpasar Timur'),
(4074, 114, ' Denpasar Barat'),
(4075, 114, ' Denpasar Utara'),
(4076, 238, ' Sekotong'),
(4077, 238, ' Lembar'),
(4078, 238, ' Gerung'),
(4079, 238, ' Labu Api'),
(4080, 238, ' Kediri'),
(4081, 238, ' Kuripan'),
(4082, 238, ' Narmada'),
(4083, 238, ' Lingsar'),
(4084, 238, ' Gunung Sari'),
(4085, 238, ' Batu Layar'),
(4086, 239, ' Praya Barat'),
(4087, 239, ' Praya Barat Daya'),
(4088, 239, ' Pujut'),
(4089, 239, ' Praya Timur'),
(4090, 239, ' Janapria'),
(4091, 239, ' Kopang'),
(4092, 239, ' Praya'),
(4093, 239, ' Praya Tengah'),
(4094, 239, ' Jonggat'),
(4095, 239, ' Pringgarata'),
(4096, 239, ' Batukliang'),
(4097, 239, ' Batukliang Utara'),
(4098, 240, ' Keruak'),
(4099, 240, ' Jerowaru'),
(4100, 240, ' Sakra'),
(4101, 240, ' Sakra Barat'),
(4102, 240, ' Sakra Timur'),
(4103, 240, ' Terara'),
(4104, 240, ' Montong Gading'),
(4105, 240, ' Sikur'),
(4106, 240, ' Masbagik'),
(4107, 240, ' Pringgasela'),
(4108, 240, ' Sukamulia'),
(4109, 240, ' Suralaga'),
(4110, 240, ' Selong'),
(4111, 240, ' Labuhan Haji'),
(4112, 240, ' Pringgabaya'),
(4113, 240, ' Suela'),
(4114, 240, ' Aikmel'),
(4115, 240, ' Wanasaba'),
(4116, 240, ' Sembalun'),
(4117, 240, ' Sambelia'),
(4118, 438, ' Lunyuk'),
(4119, 438, ' Orong Telu'),
(4120, 438, ' Alas'),
(4121, 438, ' Alas Barat'),
(4122, 438, ' Buer'),
(4123, 438, ' Utan'),
(4124, 438, ' Rhee'),
(4125, 438, ' Batulanteh'),
(4126, 438, ' Sumbawa'),
(4127, 438, ' Labuhan Badas'),
(4128, 438, ' Unter Iwes'),
(4129, 438, ' Moyohilir'),
(4130, 438, ' Moyo Utara'),
(4131, 438, ' Moyohulu'),
(4132, 438, ' Ropang'),
(4133, 438, ' Lenangguar'),
(4134, 438, ' Lantung'),
(4135, 438, ' Lape'),
(4136, 438, ' Lopok'),
(4137, 438, ' Plampang'),
(4138, 438, ' Labangka'),
(4139, 438, ' Maronge'),
(4140, 438, ' Empang'),
(4141, 438, ' Tarano'),
(4142, 118, ' Pajo'),
(4143, 118, ' Dompu'),
(4144, 118, ' Woja'),
(4145, 118, ' Kilo'),
(4146, 118, ' Kempo'),
(4147, 118, ' Manggalewa'),
(4148, 118, ' Pekat'),
(4149, 68, ' Monta'),
(4150, 68, ' Parado'),
(4151, 68, ' Bolo'),
(4152, 68, ' Mada Pangga'),
(4153, 68, ' Woha'),
(4154, 68, ' Belo'),
(4155, 68, ' Palibelo'),
(4156, 68, ' Wawo'),
(4157, 68, ' Langgudu'),
(4158, 68, ' Lambitu'),
(4159, 68, ' Sape'),
(4160, 68, ' Lambu'),
(4161, 68, ' Wera'),
(4162, 68, ' Ambalawi'),
(4163, 68, ' Donggo'),
(4164, 68, ' Soromandi'),
(4165, 68, ' Sanggar'),
(4166, 68, ' Tambora'),
(4167, 439, ' Sekongkang'),
(4168, 439, ' Jereweh'),
(4169, 439, ' Maluk'),
(4170, 439, ' Taliwang'),
(4171, 439, ' Brang Ene'),
(4172, 439, ' Brang Rea'),
(4173, 439, ' Seteluk'),
(4174, 439, ' Poto Tano'),
(4175, 241, ' Pemenang'),
(4176, 241, ' Tanjung'),
(4177, 241, ' Gangga'),
(4178, 241, ' Kayangan'),
(4179, 241, ' Bayan'),
(4180, 276, ' Ampenan'),
(4181, 276, ' Sekarbela'),
(4182, 276, ' Mataram'),
(4183, 276, ' Selaparang'),
(4184, 276, ' Cakranegara'),
(4185, 276, ' Sandubaya'),
(4186, 69, ' Rasanae Barat'),
(4187, 69, ' Mpunda'),
(4188, 69, ' Rasanae Timur'),
(4189, 69, ' Raba'),
(4190, 69, ' Asakota'),
(4191, 434, ' Lamboya'),
(4192, 434, ' Wanokaka'),
(4193, 434, ' Laboya Barat'),
(4194, 434, ' Loli'),
(4195, 434, ' Kota Waikabubak'),
(4196, 434, ' Tana Righu'),
(4197, 437, ' Lewa'),
(4198, 437, ' Nggaha Oriangu'),
(4199, 437, ' Lewa Tidahu'),
(4200, 437, ' Katala Hamu Lingu'),
(4201, 437, ' Tabundung'),
(4202, 437, ' Pinupahar'),
(4203, 437, ' Paberiwai'),
(4204, 437, ' Karera'),
(4205, 437, ' Matawai La Pawu'),
(4206, 437, ' Kahaungu Eti'),
(4207, 437, ' Mahu'),
(4208, 437, ' Ngadu Ngala'),
(4209, 437, ' Pahunga Lodu'),
(4210, 437, ' Wula Waijelu'),
(4211, 437, ' Rindi'),
(4212, 437, ' Umalulu'),
(4213, 437, ' Pandawai'),
(4214, 437, ' Kambata Mapambuhang'),
(4215, 437, ' Kota Waingapu'),
(4216, 437, ' Kambera'),
(4217, 437, ' Haharu'),
(4218, 437, ' Kanatang'),
(4219, 212, ' Semau'),
(4220, 212, ' Semau Selatan'),
(4221, 212, ' Kupang Barat'),
(4222, 212, ' Nekamese'),
(4223, 212, ' Kupang Tengah'),
(4224, 212, ' Taebenu'),
(4225, 212, ' Amarasi'),
(4226, 212, ' Amarasi Barat'),
(4227, 212, ' Amarasi Selatan'),
(4228, 212, ' Amarasi Timur'),
(4229, 212, ' Kupang Timur'),
(4230, 212, ' Amabi Oefeto Timur'),
(4231, 212, ' Amabi Oefeto'),
(4232, 212, ' Sulamu'),
(4233, 212, ' Fatuleu'),
(4234, 212, ' Fatuleu Tengah'),
(4235, 212, ' Fatuleu Barat'),
(4236, 212, ' Takari'),
(4237, 212, ' Amfoang Selatan'),
(4238, 212, ' Amfoang Barat Daya'),
(4239, 212, ' Amfoang Tengah'),
(4240, 212, ' Amfoang Utara'),
(4241, 212, ' Amfoang Barat Laut'),
(4242, 212, ' Amfoang Timur'),
(4243, 479, ' Mollo Utara'),
(4244, 479, ' Fatumnasi'),
(4245, 479, ' Tobu'),
(4246, 479, ' Nunbena'),
(4247, 479, ' Mollo Selatan'),
(4248, 479, ' Polen'),
(4249, 479, ' Mollo Barat'),
(4250, 479, ' Mollo Tengah'),
(4251, 479, ' Kota Soe'),
(4252, 479, ' Amanuban Barat'),
(4253, 479, ' Batu Putih'),
(4254, 479, ' Kuatnana'),
(4255, 479, ' Amanuban Selatan'),
(4256, 479, ' Noebeba'),
(4257, 479, ' Kuan Fatu'),
(4258, 479, ' Kualin'),
(4259, 479, ' Amanuban Tengah'),
(4260, 479, ' Kolbano'),
(4261, 479, ' Oenino'),
(4262, 479, ' Amanuban Timur'),
(4263, 479, ' Fautmolo'),
(4264, 479, ' Fatukopa'),
(4265, 479, ' Kie'),
(4266, 479, ' Amanatun Selatan'),
(4267, 479, ' Boking'),
(4268, 479, ' Nunkolo'),
(4269, 479, ' Noebana'),
(4270, 479, ' Santian'),
(4271, 479, ' Amanatun Utara'),
(4272, 479, ' Toianas'),
(4273, 479, ' Kokbaun'),
(4274, 480, ' Miomaffo Barat'),
(4275, 480, ' Miomaffo Tengah'),
(4276, 480, ' Musi'),
(4277, 480, ' Mutis'),
(4278, 480, ' Miomaffo Timur'),
(4279, 480, ' Noemuti'),
(4280, 480, ' Bikomi Selatan'),
(4281, 480, ' Bikomi Tengah'),
(4282, 480, ' Bikomi Nilulat'),
(4283, 480, ' Bikomi Utara'),
(4284, 480, ' Naibenu'),
(4285, 480, ' Noemuti Timur'),
(4286, 480, ' Kota Kefamenanu'),
(4287, 480, ' Insana'),
(4288, 480, ' Insana Utara'),
(4289, 480, ' Insana Barat'),
(4290, 480, ' Insana Tengah'),
(4291, 480, ' Insana Fafinesu'),
(4292, 480, ' Biboki Selatan'),
(4293, 480, ' Biboki Tanpah'),
(4294, 480, ' Biboki Moenleu'),
(4295, 480, ' Biboki Utara'),
(4296, 480, ' Biboki Anleu'),
(4297, 480, ' Biboki Feotleu'),
(4298, 58, ' Malaka Barat'),
(4299, 58, ' Rinhat'),
(4300, 58, ' Wewiku'),
(4301, 58, ' Weliman'),
(4302, 58, ' Malaka Tengah'),
(4303, 58, ' Sasita Mean'),
(4304, 58, ' Botin Leobele'),
(4305, 58, ' Io Kufeu'),
(4306, 58, ' Malaka Timur'),
(4307, 58, ' Laen Manen'),
(4308, 58, ' Rai Manuk'),
(4309, 58, ' Kobalima'),
(4310, 58, ' Kobalima Timur'),
(4311, 58, ' Tasifeto Barat'),
(4312, 58, ' Kakuluk Mesak'),
(4313, 58, ' Nanaet Dubesi'),
(4314, 58, ' Atambua'),
(4315, 58, ' Atambua Barat'),
(4316, 58, ' Atambua Selatan'),
(4317, 58, ' Tasifeto Timur'),
(4318, 58, ' Raihat'),
(4319, 58, ' Lasiolat'),
(4320, 58, ' Lamaknen'),
(4321, 58, ' Lamaknen Selatan'),
(4322, 13, ' Pantar'),
(4323, 13, ' Pantar Barat'),
(4324, 13, ' Pantar Timur'),
(4325, 13, ' Pantar Barat Laut'),
(4326, 13, ' Pantar Tengah'),
(4327, 13, ' Alor Barat Daya'),
(4328, 13, ' Mataru'),
(4329, 13, ' Alor Selatan'),
(4330, 13, ' Alor Timur'),
(4331, 13, ' Alor Timur Laut'),
(4332, 13, ' Pureman'),
(4333, 13, ' Teluk Mutiara'),
(4334, 13, ' Kabola'),
(4335, 13, ' Alor Barat Laut'),
(4336, 13, ' Alor Tengah Utara'),
(4337, 13, ' Pulau Pura'),
(4338, 13, ' Lembur'),
(4339, 234, ' Nagawutung'),
(4340, 234, ' Wulandoni'),
(4341, 234, ' Atadei'),
(4342, 234, ' Ile Ape'),
(4343, 234, ' Ile Ape Timur'),
(4344, 234, ' Lebatukan'),
(4345, 234, ' Nubatukan'),
(4346, 234, ' Omesuri'),
(4347, 234, ' Buyasari'),
(4348, 125, ' Wulanggitang'),
(4349, 125, ' Titehena'),
(4350, 125, ' Ilebura'),
(4351, 125, ' Tanjung Bunga'),
(4352, 125, ' Lewo Lema'),
(4353, 125, ' Larantuka'),
(4354, 125, ' Ile Mandiri'),
(4355, 125, ' Demon Pagong'),
(4356, 125, ' Solor Barat'),
(4357, 125, ' Solor Selatan'),
(4358, 125, ' Solor Timur'),
(4359, 125, ' Adonara Barat'),
(4360, 125, ' Wotan Ulu Mado'),
(4361, 125, ' Adonara Tengah'),
(4362, 125, ' Adonara Timur'),
(4363, 125, ' Ile Boleng'),
(4364, 125, ' Witihama'),
(4365, 125, ' Kelubagolit'),
(4366, 125, ' Adonara'),
(4367, 412, ' Paga'),
(4368, 412, ' Mego'),
(4369, 412, ' Tana Wawo'),
(4370, 412, ' Lela'),
(4371, 412, ' Bola'),
(4372, 412, ' Doreng'),
(4373, 412, ' Mapitara'),
(4374, 412, ' Talibura'),
(4375, 412, ' Waigete'),
(4376, 412, ' Waiblama'),
(4377, 412, ' Kewapante'),
(4378, 412, ' Hewokloang'),
(4379, 412, ' Kangae'),
(4380, 412, ' Palue'),
(4381, 412, ' Koting'),
(4382, 412, ' Nelle'),
(4383, 412, ' Nita'),
(4384, 412, ' Magepanda'),
(4385, 412, ' Alok'),
(4386, 412, ' Alok Barat'),
(4387, 412, ' Alok Timur'),
(4388, 122, ' Nangapanda'),
(4389, 122, ' Pulau Ende'),
(4390, 122, ' Maukaro'),
(4391, 122, ' Ende'),
(4392, 122, ' Ende Selatan'),
(4393, 122, ' Ende Timur'),
(4394, 122, ' Ende Tengah'),
(4395, 122, ' Ende Utara'),
(4396, 122, ' Ndona'),
(4397, 122, ' Ndona Timur'),
(4398, 122, ' Wolowaru'),
(4399, 122, ' Wolojita'),
(4400, 122, ' Lio Timur'),
(4401, 122, ' Kelimutu'),
(4402, 122, ' Ndori'),
(4403, 122, ' Maurole'),
(4404, 122, ' Kotabaru'),
(4405, 122, ' Detukeli'),
(4406, 122, ' Lepembusu Kelisoke'),
(4407, 122, ' Detusoko'),
(4408, 122, ' Wewaria'),
(4409, 304, ' Aimere'),
(4410, 304, ' Jerebuu'),
(4411, 304, ' Inerie'),
(4412, 304, ' Bajawa'),
(4413, 304, ' Golewa'),
(4414, 304, ' Golewa Selatan'),
(4415, 304, ' Golewa Barat'),
(4416, 304, ' Bajawa Utara'),
(4417, 304, ' Soa'),
(4418, 304, ' Riung'),
(4419, 304, ' Riung Barat'),
(4420, 304, ' Wolomeze'),
(4421, 269, ' Satar Mese'),
(4422, 269, ' Satar Mese Barat'),
(4423, 269, ' Langke Rembong'),
(4424, 269, ' Ruteng'),
(4425, 269, ' Wae Rii'),
(4426, 269, ' Lelak'),
(4427, 269, ' Rahong Utara'),
(4428, 269, ' Cibal'),
(4429, 269, ' Cibal Barat'),
(4430, 269, ' Reok'),
(4431, 269, ' Reok Barat'),
(4432, 383, ' Rote Barat Daya'),
(4433, 383, ' Rote Barat Laut'),
(4434, 383, ' Lobalain'),
(4435, 383, ' Rote Tengah'),
(4436, 383, ' Rote Selatan'),
(4437, 383, ' Pantai Baru'),
(4438, 383, ' Rote Timur'),
(4439, 383, ' Landu Leko'),
(4440, 383, ' Rote Barat'),
(4441, 383, ' Ndao Nuse'),
(4442, 270, ' Komodo'),
(4443, 270, ' Boleng'),
(4444, 270, ' Sano Nggoang'),
(4445, 270, ' Mbeliling'),
(4446, 270, ' Lembor'),
(4447, 270, ' Welak'),
(4448, 270, ' Lembor Selatan'),
(4449, 270, ' Kuwus'),
(4450, 270, ' Ndoso'),
(4451, 270, ' Macang Pacar'),
(4452, 436, ' Katikutana'),
(4453, 436, ' Katikutana Selatan'),
(4454, 436, ' Umbu Ratu Nggay Barat'),
(4455, 436, ' Umbu Ratu Nggay'),
(4456, 436, ' Mamboro'),
(4457, 435, ' Kodi Bangedo'),
(4458, 435, ' Kodi Balaghar'),
(4459, 435, ' Kodi'),
(4460, 435, ' Kodi Utara'),
(4461, 435, ' Wewewa Selatan'),
(4462, 435, ' Wewewa Barat'),
(4463, 435, ' Wewewa Timur'),
(4464, 435, ' Wewewa Tengah'),
(4465, 435, ' Wewewa Utara'),
(4466, 435, ' Loura'),
(4467, 435, ' Kota Tambolaka'),
(4468, 301, ' Mauponggo'),
(4469, 301, ' Keo Tengah'),
(4470, 301, ' Nangaroro'),
(4471, 301, ' Boawae'),
(4472, 301, ' Aesesa Selatan'),
(4473, 301, ' Aesesa'),
(4474, 301, ' Wolowae'),
(4475, 271, ' Borong'),
(4476, 271, ' Rana Mese'),
(4477, 271, ' Kota Komba'),
(4478, 271, ' Elar'),
(4479, 271, ' Elar Selatan'),
(4480, 271, ' Sambi Rampas'),
(4481, 271, ' Poco Ranaka'),
(4482, 271, ' Poco Ranaka Timur'),
(4483, 271, ' Lamba Leda'),
(4484, 385, ' Raijua'),
(4485, 385, ' Hawu Mehara'),
(4486, 385, ' Sabu Liae'),
(4487, 385, ' Sabu Barat'),
(4488, 385, ' Sabu Tengah'),
(4489, 385, ' Sabu Timur'),
(4490, 213, ' Alak'),
(4491, 213, ' Maulafa'),
(4492, 213, ' Oebobo'),
(4493, 213, ' Kota Raja'),
(4494, 213, ' Kelapa Lima'),
(4495, 213, ' Kota Lama'),
(4496, 388, ' Selakau'),
(4497, 388, ' Selakau Timur'),
(4498, 388, ' Pemangkat'),
(4499, 388, ' Semparuk'),
(4500, 388, ' Salatiga'),
(4501, 388, ' Tebas'),
(4502, 388, ' Tekarang'),
(4503, 388, ' Sambas'),
(4504, 388, ' Subah'),
(4505, 388, ' Sebawi'),
(4506, 388, ' Sajad'),
(4507, 388, ' Jawai'),
(4508, 388, ' Jawai Selatan'),
(4509, 388, ' Teluk Keramat'),
(4510, 388, ' Galing'),
(4511, 388, ' Tangaran'),
(4512, 388, ' Sejangkung'),
(4513, 388, ' Sajingan Besar'),
(4514, 388, ' Paloh'),
(4515, 61, ' Sungai Raya'),
(4516, 61, ' Capkala'),
(4517, 61, ' Sungai Raya Kepulauan'),
(4518, 61, ' Samalantan'),
(4519, 61, ' Monterado'),
(4520, 61, ' Lembah Bawang'),
(4521, 61, ' Bengkayang'),
(4522, 61, ' Teriak'),
(4523, 61, ' Sungai Betung'),
(4524, 61, ' Ledo'),
(4525, 61, ' Suti Semarang'),
(4526, 61, ' Lumar'),
(4527, 61, ' Sanggau Ledo'),
(4528, 61, ' Tujuhbelas'),
(4529, 61, ' Seluas'),
(4530, 61, ' Jagoi Babang'),
(4531, 61, ' Siding'),
(4532, 228, ' Sebangki'),
(4533, 228, ' Ngabang'),
(4534, 228, ' Jelimpo'),
(4535, 228, ' Sengah Temila'),
(4536, 228, ' Mandor'),
(4537, 228, ' Menjalin'),
(4538, 228, ' Mempawah Hulu'),
(4539, 228, ' Sompak'),
(4540, 228, ' Menyuke'),
(4541, 228, ' Banyuke Hulu'),
(4542, 228, ' Meranti'),
(4543, 228, ' Kuala Behe'),
(4544, 228, ' Air Besar'),
(4545, 364, ' Siantan'),
(4546, 364, ' Segedong'),
(4547, 364, ' Sungai Pinyuh'),
(4548, 364, ' Anjongan'),
(4549, 364, ' Mempawah Hilir'),
(4550, 364, ' Mempawah Timur'),
(4551, 364, ' Sungai Kunyit'),
(4552, 364, ' Toho'),
(4553, 364, ' Sadaniang'),
(4554, 391, ' Toba'),
(4555, 391, ' Meliau'),
(4556, 391, ' Kapuas'),
(4557, 391, ' Mukok'),
(4558, 391, ' Jangkang'),
(4559, 391, ' Bonti'),
(4560, 391, ' Parindu'),
(4561, 391, ' Tayan Hilir'),
(4562, 391, ' Balai'),
(4563, 391, ' Tayan Hulu'),
(4564, 391, ' Kembayan'),
(4565, 391, ' Beduwai'),
(4566, 391, ' Noyan'),
(4567, 391, ' Sekayam'),
(4568, 391, ' Entikong'),
(4569, 195, ' Kendawangan'),
(4570, 195, ' Manis Mata'),
(4571, 195, ' Marau'),
(4572, 195, ' Singkup'),
(4573, 195, ' Air Upas'),
(4574, 195, ' Jelai Hulu'),
(4575, 195, ' Tumbang Titi'),
(4576, 195, ' Pemahan'),
(4577, 195, ' Sungai Melayu Rayak'),
(4578, 195, ' Matan Hilir Selatan'),
(4579, 195, ' Benua Kayong'),
(4580, 195, ' Matan Hilir Utara'),
(4581, 195, ' Delta Pawan'),
(4582, 195, ' Muara Pawan'),
(4583, 195, ' Nanga Tayap'),
(4584, 195, ' Sandai'),
(4585, 195, ' Hulu Sungai'),
(4586, 195, ' Sungai Laur'),
(4587, 195, ' Simpang Hulu'),
(4588, 195, ' Simpang Dua'),
(4589, 417, ' Serawai'),
(4590, 417, ' Ambalau'),
(4591, 417, ' Kayan Hulu'),
(4592, 417, ' Sepauk'),
(4593, 417, ' Tempunak'),
(4594, 417, ' Sungai Tebelian'),
(4595, 417, ' Sintang'),
(4596, 417, ' Dedai'),
(4597, 417, ' Kayan Hilir'),
(4598, 417, ' Kelam Permai'),
(4599, 417, ' Binjai Hulu'),
(4600, 417, ' Ketungau Hilir'),
(4601, 417, ' Ketungau Tengah'),
(4602, 417, ' Ketungau Hulu'),
(4603, 168, ' Silat Hilir'),
(4604, 168, ' Silat Hulu'),
(4605, 168, ' Hulu Gurung'),
(4606, 168, ' Bunut Hulu'),
(4607, 168, ' Mentebah'),
(4608, 168, ' Bika'),
(4609, 168, ' Kalis'),
(4610, 168, ' Putussibau Selatan'),
(4611, 168, ' Hulu Kapuas'),
(4612, 168, ' Embaloh Hilir'),
(4613, 168, ' Bunut Hilir'),
(4614, 168, ' Boyan Tanjung'),
(4615, 168, ' Pengkadan'),
(4616, 168, ' Jongkong'),
(4617, 168, ' Selimbau'),
(4618, 168, ' Danau Sentarum'),
(4619, 168, ' Suhaid'),
(4620, 168, ' Seberuang'),
(4621, 168, ' Semitau'),
(4622, 168, ' Empanang'),
(4623, 168, ' Puring Kencana'),
(4624, 168, ' Badau'),
(4625, 168, ' Batang Lupar'),
(4626, 168, ' Embaloh Hulu'),
(4627, 168, ' Putussibau Utara'),
(4628, 395, ' Nanga Mahap'),
(4629, 395, ' Nanga Taman'),
(4630, 395, ' Sekadau Hulu'),
(4631, 395, ' Sekadau Hilir'),
(4632, 395, ' Belitang Hilir'),
(4633, 395, ' Belitang'),
(4634, 395, ' Belitang Hulu'),
(4635, 279, ' Sokan'),
(4636, 279, ' Tanah Pinoh'),
(4637, 279, ' Tanah Pinoh Barat'),
(4638, 279, ' Sayan'),
(4639, 279, ' Belimbing'),
(4640, 279, ' Belimbing Hulu'),
(4641, 279, ' Nanga Pinoh'),
(4642, 279, ' Pinoh Selatan'),
(4643, 279, ' Pinoh Utara'),
(4644, 279, ' Ella Hilir'),
(4645, 279, ' Menukung'),
(4646, 176, ' Pulau Maya'),
(4647, 176, ' Kepulauan Karimata'),
(4648, 176, ' Sukadana'),
(4649, 176, ' Simpang Hilir'),
(4650, 176, ' Teluk Batang'),
(4651, 176, ' Seponti'),
(4652, 208, ' Batu Ampar'),
(4653, 208, ' Terentang'),
(4654, 208, ' Kubu'),
(4655, 208, ' Sungai Kakap'),
(4656, 208, ' Rasau Jaya'),
(4657, 208, ' Sungai Raya'),
(4658, 208, ' Sungai Ambawang'),
(4659, 208, ' Kuala Mandor-b'),
(4660, 365, ' Pontianak Selatan'),
(4661, 365, ' Pontianak Tenggara'),
(4662, 365, ' Pontianak Timur'),
(4663, 365, ' Pontianak Barat'),
(4664, 365, ' Pontianak Kota'),
(4665, 365, ' Pontianak Utara'),
(4666, 415, ' Singkawang Selatan'),
(4667, 415, ' Singkawang Timur'),
(4668, 415, ' Singkawang Utara'),
(4669, 415, ' Singkawang Barat'),
(4670, 415, ' Singkawang Tengah'),
(4671, 205, ' Kotawaringin Lama'),
(4672, 205, ' Arut Selatan'),
(4673, 205, ' Kumai'),
(4674, 205, ' Pangkalan Banteng'),
(4675, 205, ' Pangkalan Lada'),
(4676, 205, ' Arut Utara'),
(4677, 206, ' Mentaya Hilir Selatan'),
(4678, 206, ' Teluk Sampit'),
(4679, 206, ' Pulau Hanaut'),
(4680, 206, ' Mentawa Baru/ketapang'),
(4681, 206, ' Seranau'),
(4682, 206, ' Mentaya Hilir Utara'),
(4683, 206, ' Kota Besi'),
(4684, 206, ' Telawang'),
(4685, 206, ' Baamang'),
(4686, 206, ' Cempaga'),
(4687, 206, ' Cempaga Hulu'),
(4688, 206, ' Parenggean'),
(4689, 206, ' Tualan Hulu'),
(4690, 206, ' Mentaya Hulu'),
(4691, 206, ' Bukit Santuai'),
(4692, 206, ' Antang Kalang'),
(4693, 206, ' Telaga Antang'),
(4694, 167, ' Kapuas Kuala'),
(4695, 167, ' Tamban Catur'),
(4696, 167, ' Kapuas Timur'),
(4697, 167, ' Selat'),
(4698, 167, ' Bataguh'),
(4699, 167, ' Basarang'),
(4700, 167, ' Kapuas Hilir'),
(4701, 167, ' Pulau Petak'),
(4702, 167, ' Kapuas Murung'),
(4703, 167, ' Dadahup'),
(4704, 167, ' Kapuas Barat'),
(4705, 167, ' Mantangai'),
(4706, 167, ' Timpah'),
(4707, 167, ' Kapuas Tengah'),
(4708, 167, ' Pasak Talawang'),
(4709, 167, ' Kapuas Hulu'),
(4710, 167, ' Mandau Talawang'),
(4711, 44, ' Jenamas'),
(4712, 44, ' Dusun Hilir'),
(4713, 44, ' Karau Kuala'),
(4714, 44, ' Dusun Selatan'),
(4715, 44, ' Dusun Utara'),
(4716, 44, ' Gunung Bintang Awai'),
(4717, 46, ' Montalat'),
(4718, 46, ' Gunung Timang'),
(4719, 46, ' Gunung Purei'),
(4720, 46, ' Teweh Timur'),
(4721, 46, ' Teweh Tengah'),
(4722, 46, ' Teweh  Baru'),
(4723, 46, ' Teweh Selatan'),
(4724, 46, ' Lahei'),
(4725, 46, ' Lahei Barat'),
(4726, 432, ' Jelai'),
(4727, 432, ' Pantai Lunci'),
(4728, 432, ' Sukamara'),
(4729, 432, ' Balai Riam'),
(4730, 432, ' Permata Kecubung'),
(4731, 221, ' Bulik'),
(4732, 221, ' Sematu Jaya'),
(4733, 221, ' Menthobi Raya'),
(4734, 221, ' Bulik Timur'),
(4735, 221, ' Lamandau'),
(4736, 221, ' Belantikan Raya'),
(4737, 221, ' Delang'),
(4738, 221, ' Batangkawa'),
(4739, 405, ' Seruyan Hilir'),
(4740, 405, ' Seruyan Hilir Timur'),
(4741, 405, ' Danau Sembuluh'),
(4742, 405, ' Seruyan Raya'),
(4743, 405, ' Hanau'),
(4744, 405, ' Danau Seluluk'),
(4745, 405, ' Seruyan Tengah'),
(4746, 405, ' Batu Ampar'),
(4747, 405, ' Seruyan Hulu'),
(4748, 405, ' Suling Tambun'),
(4749, 174, ' Katingan Kuala'),
(4750, 174, ' Mendawai'),
(4751, 174, ' Kamipang'),
(4752, 174, ' Tasik Payawan'),
(4753, 174, ' Katingan Hilir'),
(4754, 174, ' Tewang Sangalang Garing'),
(4755, 174, ' Pulau Malan'),
(4756, 174, ' Katingan Tengah'),
(4757, 174, ' Sanaman Mantikei'),
(4758, 174, ' Petak Malai'),
(4759, 174, ' Marikit'),
(4760, 174, ' Katingan Hulu'),
(4761, 174, ' Bukit Raya'),
(4762, 371, ' Kahayan Kuala'),
(4763, 371, ' Sebangau Kuala'),
(4764, 371, ' Pandih Batu'),
(4765, 371, ' Maliku'),
(4766, 371, ' Kahayan Hilir'),
(4767, 371, ' Jabiren Raya'),
(4768, 371, ' Kahayan Tengah'),
(4769, 371, ' Banama Tingang'),
(4770, 136, ' Manuhing'),
(4771, 136, ' Manuhing Raya'),
(4772, 136, ' Rungan'),
(4773, 136, ' Rungan Hulu'),
(4774, 136, ' Rungan Barat'),
(4775, 136, ' Sepang'),
(4776, 136, ' Mihing Raya'),
(4777, 136, ' Kurun'),
(4778, 136, ' Tewah'),
(4779, 136, ' Kahayan Hulu Utara'),
(4780, 136, ' Damang Batu'),
(4781, 136, ' Miri Manasa'),
(4782, 45, ' Benua Lima'),
(4783, 45, ' Dusun Timur'),
(4784, 45, ' Paju Epat'),
(4785, 45, ' Awang'),
(4786, 45, ' Patangkep Tutui'),
(4787, 45, ' Dusun Tengah'),
(4788, 45, ' Raren Batuah'),
(4789, 45, ' Paku'),
(4790, 45, ' Karusen Janang'),
(4791, 45, ' Pematang Karau'),
(4792, 296, ' Permata Intan'),
(4793, 296, ' Sungai Babuat'),
(4794, 296, ' Murung'),
(4795, 296, ' Laung Tuhup'),
(4796, 296, ' Barito Tuhup Raya'),
(4797, 296, ' Tanah Siang'),
(4798, 296, ' Tanah Siang Selatan'),
(4799, 296, ' Sumber Barito'),
(4800, 296, ' Seribu Riam'),
(4801, 296, ' Uut Murung'),
(4802, 326, ' Pahandut'),
(4803, 326, ' Sebangau'),
(4804, 326, ' Jekan Raya'),
(4805, 326, ' Bukit Batu'),
(4806, 326, ' Rakumpit'),
(4807, 454, ' Panyipatan'),
(4808, 454, ' Takisung'),
(4809, 454, ' Kurau'),
(4810, 454, ' Bumi Makmur'),
(4811, 454, ' Bati - Bati'),
(4812, 454, ' Tambang Ulang'),
(4813, 454, ' Pelaihari'),
(4814, 454, ' Bajuin'),
(4815, 454, ' Batu Ampar'),
(4816, 454, ' Jorong'),
(4817, 454, ' Kintap'),
(4818, 203, ' Pulau Sembilan'),
(4819, 203, ' Pulau Laut Barat'),
(4820, 203, ' Pulau Laut Tanjung Selayar'),
(4821, 203, ' Pulau Laut Selatan'),
(4822, 203, ' Pulau Laut Kepulauan'),
(4823, 203, ' Pulau Laut Timur'),
(4824, 203, ' Pulau Sebuku'),
(4825, 203, ' Pulau Laut Utara'),
(4826, 203, ' Pulau Laut Tengah'),
(4827, 203, ' Kelumpang Selatan'),
(4828, 203, ' Kelumpang Hilir'),
(4829, 203, ' Kelumpang Hulu'),
(4830, 203, ' Hampang'),
(4831, 203, ' Sungai Durian'),
(4832, 203, ' Kelumpang Tengah'),
(4833, 203, ' Kelumpang Barat'),
(4834, 203, ' Kelumpang Utara'),
(4835, 203, ' Pamukan Selatan'),
(4836, 203, ' Sampanahan'),
(4837, 203, ' Pamukan Utara'),
(4838, 203, ' Pamukan Barat'),
(4839, 33, ' Aluh - Aluh'),
(4840, 33, ' Beruntung Baru'),
(4841, 33, ' Gambut'),
(4842, 33, ' Kertak Hanyar'),
(4843, 33, ' Tatah Makmur'),
(4844, 33, ' Sungai Tabuk'),
(4845, 33, ' Martapura'),
(4846, 33, ' Martapura Timur'),
(4847, 33, ' Martapura Barat'),
(4848, 33, ' Astambul'),
(4849, 33, ' Karang Intan'),
(4850, 33, ' Aranio'),
(4851, 33, ' Sungai Pinang'),
(4852, 33, ' Paramasan'),
(4853, 33, ' Pengaron'),
(4854, 33, ' Sambung Makmur'),
(4855, 33, ' Mataraman'),
(4856, 33, ' Simpang Empat'),
(4857, 33, ' Telaga Bauntung'),
(4858, 43, ' Tabunganen'),
(4859, 43, ' Tamban'),
(4860, 43, ' Mekar Sari'),
(4861, 43, ' Anjir Pasar'),
(4862, 43, ' Anjir Muara'),
(4863, 43, ' Alalak'),
(4864, 43, ' Mandastana'),
(4865, 43, ' Jejangkit'),
(4866, 43, ' Belawang'),
(4867, 43, ' Wanaraya'),
(4868, 43, ' Barambai'),
(4869, 43, ' Rantau Badauh'),
(4870, 43, ' Cerbon'),
(4871, 43, ' Bakumpai'),
(4872, 43, ' Marabahan'),
(4873, 43, ' Tabukan'),
(4874, 43, ' Kuripan'),
(4875, 466, ' Binuang'),
(4876, 466, ' Hatungun'),
(4877, 466, ' Tapin Selatan'),
(4878, 466, ' Salam Babaris'),
(4879, 466, ' Tapin Tengah'),
(4880, 466, ' Bungur'),
(4881, 466, ' Piani'),
(4882, 466, ' Lokpaikat'),
(4883, 466, ' Tapin Utara'),
(4884, 466, ' Bakarangan'),
(4885, 466, ' Candi Laras Selatan'),
(4886, 466, ' Candi Laras Utara'),
(4887, 143, ' Padang Batung'),
(4888, 143, ' Loksado'),
(4889, 143, ' Telaga Langsat'),
(4890, 143, ' Angkinang'),
(4891, 143, ' Kandangan'),
(4892, 143, ' Sungai Raya'),
(4893, 143, ' Simpur'),
(4894, 143, ' Kalumpang'),
(4895, 143, ' Daha Selatan'),
(4896, 143, ' Daha Barat'),
(4897, 143, ' Daha Utara'),
(4898, 144, ' Haruyan'),
(4899, 144, ' Batu Benawa'),
(4900, 144, ' Hantakan'),
(4901, 144, ' Batang Alai Selatan'),
(4902, 144, ' Batang Alai Timur'),
(4903, 144, ' Barabai'),
(4904, 144, ' Labuan Amas Selatan'),
(4905, 144, ' Labuan Amas Utara'),
(4906, 144, ' Pandawan'),
(4907, 144, ' Batang Alai Utara'),
(4908, 144, ' Limpasu'),
(4909, 145, ' Danau Panggang'),
(4910, 145, ' Paminggir'),
(4911, 145, ' Babirik'),
(4912, 145, ' Sungai Pandan'),
(4913, 145, ' Sungai Tabukan'),
(4914, 145, ' Amuntai Selatan'),
(4915, 145, ' Amuntai Tengah'),
(4916, 145, ' Banjang'),
(4917, 145, ' Amuntai Utara'),
(4918, 145, ' Haur Gading'),
(4919, 446, ' Banua Lawas'),
(4920, 446, ' Pugaan'),
(4921, 446, ' Kelua'),
(4922, 446, ' Muara Harus'),
(4923, 446, ' Tanta'),
(4924, 446, ' Tanjung'),
(4925, 446, ' Murung Pudak'),
(4926, 446, ' Haruai'),
(4927, 446, ' Bintang Ara'),
(4928, 446, ' Upau'),
(4929, 446, ' Muara Uya'),
(4930, 446, ' Jaro'),
(4931, 452, ' Kusan Hilir'),
(4932, 452, ' Sungai Loban'),
(4933, 452, ' Satui'),
(4934, 452, ' Angsana'),
(4935, 452, ' Kusan Hulu'),
(4936, 452, ' Kuranji'),
(4937, 452, ' Batu Licin'),
(4938, 452, ' Karang Bintang'),
(4939, 452, ' Simpang Empat'),
(4940, 452, ' Mantewe'),
(4941, 18, ' Lampihong'),
(4942, 18, ' Batu Mandi'),
(4943, 18, ' Awayan'),
(4944, 18, ' Tebing Tinggi'),
(4945, 18, ' Paringin'),
(4946, 18, ' Paringin Selatan'),
(4947, 18, ' Juai'),
(4948, 18, ' Halong'),
(4949, 36, ' Banjarmasin Selatan'),
(4950, 36, ' Banjarmasin Timur'),
(4951, 36, ' Banjarmasin Barat'),
(4952, 36, ' Banjarmasin Tengah'),
(4953, 36, ' Banjarmasin Utara'),
(4954, 35, ' Landasan Ulin'),
(4955, 35, ' Liang Anggang'),
(4956, 35, ' Cempaka'),
(4957, 35, ' Banjar Baru Utara'),
(4958, 35, ' Banjar Baru Selatan'),
(4959, 341, ' Batu Sopang'),
(4960, 341, ' Muara Samu'),
(4961, 341, ' Batu Engau'),
(4962, 341, ' Tanjung Harapan'),
(4963, 341, ' Pasir Belengkong'),
(4964, 341, ' Tanah Grogot'),
(4965, 341, ' Kuaro'),
(4966, 341, ' Long Ikis'),
(4967, 341, ' Muara Komam'),
(4968, 341, ' Long Kali'),
(4969, 214, ' Bongan'),
(4970, 214, ' Jempang'),
(4971, 214, ' Penyinggahan'),
(4972, 214, ' Muara Pahu'),
(4973, 214, ' Siluq Ngurai'),
(4974, 214, ' Muara Lawa'),
(4975, 214, ' Bentian Besar'),
(4976, 214, ' Damai'),
(4977, 214, ' Nyuatan'),
(4978, 214, ' Barong Tongkok'),
(4979, 214, ' Linggang Bigung'),
(4980, 214, ' Melak'),
(4981, 214, ' Sekolaq Darat'),
(4982, 214, ' Manor Bulatn'),
(4983, 214, ' Long Iram'),
(4984, 214, ' Tering'),
(4985, 214, ' Long Hubung'),
(4986, 214, ' Laham'),
(4987, 214, ' Long Bagun'),
(4988, 214, ' Long Pahangai'),
(4989, 214, ' Long Apari'),
(4990, 215, ' Semboja'),
(4991, 215, ' Muara Jawa'),
(4992, 215, ' Sanga-sanga'),
(4993, 215, ' Loa Janan'),
(4994, 215, ' Loa Kulu'),
(4995, 215, ' Muara Muntai'),
(4996, 215, ' Muara Wis'),
(4997, 215, ' Kotabangun'),
(4998, 215, ' Tenggarong'),
(4999, 215, ' Sebulu'),
(5000, 215, ' Tenggarong Seberang'),
(5001, 215, ' Anggana'),
(5002, 215, ' Muara Badak'),
(5003, 215, ' Marang Kayu'),
(5004, 215, ' Muara Kaman'),
(5005, 215, ' Kenohan'),
(5006, 215, ' Kembang Janggut'),
(5007, 215, ' Tabang'),
(5008, 216, ' Muara Ancalong'),
(5009, 216, ' Busang'),
(5010, 216, ' Long Mesangat'),
(5011, 216, ' Muara Wahau'),
(5012, 216, ' Telen'),
(5013, 216, ' Kongbeng'),
(5014, 216, ' Muara Bengkal'),
(5015, 216, ' Batu Ampar'),
(5016, 216, ' Sangatta Utara'),
(5017, 216, ' Bengalon'),
(5018, 216, ' Teluk Pandan'),
(5019, 216, ' Sangatta Selatan'),
(5020, 216, ' Rantau Pulung'),
(5021, 216, ' Sangkulirang'),
(5022, 216, ' Kaliorang'),
(5023, 216, ' Sandaran'),
(5024, 216, ' Kaubun'),
(5025, 216, ' Karangan'),
(5026, 66, ' Kelay'),
(5027, 66, ' Talisayan'),
(5028, 66, ' Tabalar'),
(5029, 66, ' Biduk Biduk'),
(5030, 66, ' Pulau Derawan'),
(5031, 66, ' Maratua'),
(5032, 66, ' Sambaliung'),
(5033, 66, ' Tanjung Redeb'),
(5034, 66, ' Gunung Tabur'),
(5035, 66, ' Segah'),
(5036, 66, ' Teluk Bayur'),
(5037, 66, ' Batu Putih'),
(5038, 66, ' Biatan'),
(5039, 354, ' Babulu'),
(5040, 354, ' Waru'),
(5041, 354, ' Penajam'),
(5042, 354, ' Sepaku'),
(5043, 19, ' Balikpapan Selatan'),
(5044, 19, ' Balikpapan Timur'),
(5045, 19, ' Balikpapan Utara'),
(5046, 19, ' Balikpapan Tengah'),
(5047, 19, ' Balikpapan Barat'),
(5048, 387, ' Palaran'),
(5049, 387, ' Samarinda Ilir'),
(5050, 387, ' Samarinda Kota'),
(5051, 387, ' Sambutan'),
(5052, 387, ' Samarinda Seberang'),
(5053, 387, ' Loa Janan Ilir'),
(5054, 387, ' Sungai Kunjang'),
(5055, 387, ' Samarinda Ulu'),
(5056, 387, ' Samarinda Utara'),
(5057, 387, ' Sungai Pinang'),
(5058, 89, ' Bontang Selatan'),
(5059, 89, ' Bontang Utara'),
(5060, 89, ' Bontang Barat'),
(5061, 257, ' Kayan Hulu'),
(5062, 257, ' Sungai Boh'),
(5063, 257, ' Kayan Selatan'),
(5064, 257, ' Kayan Hilir'),
(5065, 257, ' Pujungan'),
(5066, 257, ' Bahau Hulu'),
(5067, 257, ' Malinau Kota'),
(5068, 257, ' Malinau Selatan'),
(5069, 257, ' Malinau Barat'),
(5070, 257, ' Malinau Utara'),
(5071, 257, ' Malinau Selatan Hilir'),
(5072, 257, ' Malinau Selatan Hulu'),
(5073, 257, ' Mentarang'),
(5074, 257, ' Mentarang Hulu'),
(5075, 257, ' Sungai Tubu'),
(5076, 96, ' Peso'),
(5077, 96, ' Peso Hilir'),
(5078, 96, ' Tanjung Palas Barat'),
(5079, 96, ' Tanjung Palas'),
(5080, 96, ' Tanjung Selor'),
(5081, 96, ' Tanjung Palas Timur'),
(5082, 96, ' Tanjung Palas Tengah'),
(5083, 96, ' Tanjung Palas Utara'),
(5084, 96, ' Sekatak'),
(5085, 96, ' Bunyu'),
(5086, 450, ' Sesayap'),
(5087, 450, ' Sesayap Hilir'),
(5088, 450, ' Tana Lia'),
(5089, 311, ' Krayan'),
(5090, 311, ' Krayan Selatan'),
(5091, 311, ' Lumbis'),
(5092, 311, ' Lumbis Ogong'),
(5093, 311, ' Sembakung'),
(5094, 311, ' Sembakung Atulai'),
(5095, 311, ' Nunukan'),
(5096, 311, ' Sebuku'),
(5097, 311, ' Nunukan Selatan'),
(5098, 311, ' Sei Menggaris'),
(5099, 311, ' Tulin Onsoi'),
(5100, 311, ' Sebatik'),
(5101, 311, ' Sebatik Barat'),
(5102, 311, ' Sebatik Tengah'),
(5103, 311, ' Sebatik Utara'),
(5104, 311, ' Sebatik Timur'),
(5105, 467, ' Tarakan Timur'),
(5106, 467, ' Tarakan Tengah'),
(5107, 467, ' Tarakan Barat'),
(5108, 467, ' Tarakan Utara'),
(5109, 81, ' Dumoga Barat'),
(5110, 81, ' Dumoga Utara'),
(5111, 81, ' Dumoga Timur'),
(5112, 81, ' Lolayan'),
(5113, 81, ' Passi Barat'),
(5114, 81, ' Passi Timur'),
(5115, 81, ' Bilalang'),
(5116, 81, ' Poigar'),
(5117, 81, ' Bolaang'),
(5118, 81, ' Bolaang Timur'),
(5119, 81, ' Lolak'),
(5120, 81, ' Sangtombolang'),
(5121, 285, ' Langowan Timur'),
(5122, 285, ' Langowan Barat'),
(5123, 285, ' Langowan Selatan'),
(5124, 285, ' Langowan Utara'),
(5125, 285, ' Tompaso'),
(5126, 285, ' Tompaso Barat'),
(5127, 285, ' Kawangkoan'),
(5128, 285, ' Kawangkoan Barat'),
(5129, 285, ' Kawangkoan Utara'),
(5130, 285, ' Sonder'),
(5131, 285, ' Tombariri'),
(5132, 285, ' Tombariri Timur'),
(5133, 285, ' Pineleng'),
(5134, 285, ' Tombulu'),
(5135, 285, ' Mandolang'),
(5136, 285, ' Tondano Barat'),
(5137, 285, ' Tondano Selatan'),
(5138, 285, ' Remboken'),
(5139, 285, ' Kakas'),
(5140, 285, ' Kakas Barat'),
(5141, 285, ' Lembean Timur'),
(5142, 285, ' Eris'),
(5143, 285, ' Kombi'),
(5144, 285, ' Tondano Timur'),
(5145, 285, ' Tondano Utara'),
(5146, 188, ' Manganitu Selatan'),
(5147, 188, ' Tatoareng'),
(5148, 188, ' Tamako'),
(5149, 188, ' Tabukan Selatan'),
(5150, 188, ' Tabukan Selatan Tengah'),
(5151, 188, ' Tabukan Selatan Tenggara'),
(5152, 188, ' Tabukan Tengah'),
(5153, 188, ' Manganitu'),
(5154, 188, ' Tahuna'),
(5155, 188, ' Tahuna Timur'),
(5156, 188, ' Tahuna Barat'),
(5157, 188, ' Tabukan Utara'),
(5158, 188, ' Nusa Tabukan'),
(5159, 188, ' Kepulauan Marore'),
(5160, 188, ' Kendahe'),
(5161, 192, ' Kabaruan'),
(5162, 192, ' Damau'),
(5163, 192, ' Lirung'),
(5164, 192, ' Salibabu'),
(5165, 192, ' Kalongan'),
(5166, 192, ' Moronge'),
(5167, 192, ' Melonguane'),
(5168, 192, ' Melonguane Timur'),
(5169, 192, ' Beo'),
(5170, 192, ' Beo Utara'),
(5171, 192, ' Beo Selatan'),
(5172, 192, ' Rainis'),
(5173, 192, ' Pulutan'),
(5174, 192, ' Essang'),
(5175, 192, ' Essang Selatan'),
(5176, 192, ' Gemeh'),
(5177, 192, ' Nanusa'),
(5178, 192, ' Miangas'),
(5179, 286, ' Modoinding'),
(5180, 286, ' Tompaso Baru'),
(5181, 286, ' Maesaan'),
(5182, 286, ' Ranoyapo'),
(5183, 286, ' Motoling'),
(5184, 286, ' Kumelembuai'),
(5185, 286, ' Motoling Barat'),
(5186, 286, ' Motoling Timur'),
(5187, 286, ' Sinonsayang'),
(5188, 286, ' Tenga'),
(5189, 286, ' Amurang'),
(5190, 286, ' Amurang Barat'),
(5191, 286, ' Amurang Timur'),
(5192, 286, ' Tareran'),
(5193, 286, ' Sulta'),
(5194, 286, ' Tumpaan'),
(5195, 286, ' Tatapaan'),
(5196, 288, ' Kema'),
(5197, 288, ' Kauditan'),
(5198, 288, ' Airmadidi'),
(5199, 288, ' Kalawat'),
(5200, 288, ' Dimembe'),
(5201, 288, ' Talawaan'),
(5202, 288, ' Wori'),
(5203, 288, ' Likupang Barat'),
(5204, 288, ' Likupang Timur'),
(5205, 288, ' Likupang Selatan'),
(5206, 84, ' Sangkub'),
(5207, 84, ' Bintauna'),
(5208, 84, ' Bolang Itang Timur'),
(5209, 84, ' Bolang Itang Barat'),
(5210, 84, ' Kaidipang'),
(5211, 84, ' Pinogaluman'),
(5212, 190, ' Biaro'),
(5213, 190, ' Tagulandang Selatan'),
(5214, 190, ' Tagulandang'),
(5215, 190, ' Tagulandang Utara'),
(5216, 190, ' Siau Barat Selatan'),
(5217, 190, ' Siau Timur Selatan'),
(5218, 190, ' Siau Barat'),
(5219, 190, ' Siau Tengah'),
(5220, 190, ' Siau Timur'),
(5221, 190, ' Siau Barat Utara'),
(5222, 287, ' Ratatotok'),
(5223, 287, ' Pusomaen'),
(5224, 287, ' Belang'),
(5225, 287, ' Ratahan'),
(5226, 287, ' Pasan'),
(5227, 287, ' Ratahan Timur'),
(5228, 287, ' Tombatu'),
(5229, 287, ' Tombatu Timur'),
(5230, 287, ' Tombatu Utara'),
(5231, 287, ' Touluaan'),
(5232, 287, ' Touluaan Selatan'),
(5233, 287, ' Silian Raya'),
(5234, 82, ' Posigadan'),
(5235, 82, ' Bolang Uki'),
(5236, 82, ' Pinolosian'),
(5237, 82, ' Pinolosian Tengah'),
(5238, 82, ' Pinolosian Timur'),
(5239, 83, ' Nuangan'),
(5240, 83, ' Tutuyan'),
(5241, 83, ' Kotabunan'),
(5242, 83, ' Modayag'),
(5243, 83, ' Modayag Barat'),
(5244, 267, ' Malalayang'),
(5245, 267, ' Sario'),
(5246, 267, ' Wanea'),
(5247, 267, ' Wenang'),
(5248, 267, ' Tikala'),
(5249, 267, ' Paal Dua'),
(5250, 267, ' Mapanget'),
(5251, 267, ' Singkil'),
(5252, 267, ' Tuminting'),
(5253, 267, ' Bunaken'),
(5254, 267, ' Bunaken Kepulauan'),
(5255, 73, ' Madidir'),
(5256, 73, ' Matuari'),
(5257, 73, ' Girian'),
(5258, 73, ' Lembeh Selatan'),
(5259, 73, ' Lembeh Utara'),
(5260, 73, ' Aertembaga'),
(5261, 73, ' Maesa'),
(5262, 73, ' Ranowulu'),
(5263, 485, ' Tomohon Selatan'),
(5264, 485, ' Tomohon Tengah'),
(5265, 485, ' Tomohon Timur'),
(5266, 485, ' Tomohon Barat'),
(5267, 485, ' Tomohon Utara'),
(5268, 204, ' Kotamobagu Selatan'),
(5269, 204, ' Kotamobagu Timur'),
(5270, 204, ' Kotamobagu Barat'),
(5271, 204, ' Kotamobagu Utara'),
(5272, 26, ' Labobo'),
(5273, 26, ' Bokan Kepulauan'),
(5274, 26, ' Bangkurung'),
(5275, 26, ' Banggai'),
(5276, 26, ' Banggai Utara'),
(5277, 26, ' Banggai Tengah'),
(5278, 26, ' Banggai Selatan'),
(5279, 26, ' Totikum'),
(5280, 26, ' Totikum Selatan'),
(5281, 26, ' Tinangkung'),
(5282, 26, ' Tinangkung Selatan'),
(5283, 26, ' Tinangkung Utara'),
(5284, 26, ' Liang'),
(5285, 26, ' Peling Tengah'),
(5286, 26, ' Bulagi'),
(5287, 26, ' Bulagi Selatan'),
(5288, 26, ' Bulagi Utara'),
(5289, 26, ' Buko'),
(5290, 26, ' Buko Selatan'),
(5291, 25, ' Toili'),
(5292, 25, ' Toili Barat'),
(5293, 25, ' Moilong'),
(5294, 25, ' Batui'),
(5295, 25, ' Batui Selatan'),
(5296, 25, ' Bunta'),
(5297, 25, ' Nuhon'),
(5298, 25, ' Simpang Raya'),
(5299, 25, ' Kintom'),
(5300, 25, ' Luwuk'),
(5301, 25, ' Luwuk Timur'),
(5302, 25, ' Luwuk Utara'),
(5303, 25, ' Luwuk Selatan'),
(5304, 25, ' Nambo'),
(5305, 25, ' Pagimana'),
(5306, 25, ' Bualemo'),
(5307, 25, ' Lobu'),
(5308, 25, ' Lamala'),
(5309, 25, ' Masama'),
(5310, 25, ' Mantoh'),
(5311, 25, ' Balantak'),
(5312, 25, ' Balantak Selatan'),
(5313, 25, ' Balantak Utara'),
(5314, 291, ' Menui Kepulauan'),
(5315, 291, ' Bungku Selatan'),
(5316, 291, ' Bahodopi'),
(5317, 291, ' Bungku Pesisir'),
(5318, 291, ' Bungku Tengah'),
(5319, 291, ' Bungku Timur'),
(5320, 291, ' Bungku Barat'),
(5321, 291, ' Bumi Raya'),
(5322, 291, ' Wita Ponda'),
(5323, 291, ' Lembo'),
(5324, 291, ' Lembo Raya'),
(5325, 291, ' Mori Atas'),
(5326, 291, ' Mori Utara'),
(5327, 291, ' Petasia'),
(5328, 291, ' Soyo Jaya'),
(5329, 291, ' Petasia Timur'),
(5330, 291, ' Bungku Utara'),
(5331, 291, ' Mamosalato'),
(5332, 366, ' Pamona Selatan'),
(5333, 366, ' Pamona Barat'),
(5334, 366, ' Pamona Tenggara'),
(5335, 366, ' Lore Selatan'),
(5336, 366, ' Lore Barat'),
(5337, 366, ' Pamona Pusalemba'),
(5338, 366, ' Pamona Timur'),
(5339, 366, ' Pamona Utara'),
(5340, 366, ' Lore Utara'),
(5341, 366, ' Lore Tengah'),
(5342, 366, ' Lore Timur'),
(5343, 366, ' Lore Peore'),
(5344, 366, ' Poso Pesisir'),
(5345, 366, ' Poso Pesisir Selatan'),
(5346, 366, ' Poso Pesisir Utara'),
(5347, 366, ' Lage'),
(5348, 366, ' Poso Kota'),
(5349, 366, ' Poso Kota Utara'),
(5350, 366, ' Poso Kota Selatan'),
(5351, 119, ' Rio Pakava'),
(5352, 119, ' Pinembani'),
(5353, 119, ' Banawa'),
(5354, 119, ' Banawa Selatan'),
(5355, 119, ' Banawa Tengah'),
(5356, 119, ' Labuan'),
(5357, 119, ' Tanantovea'),
(5358, 119, ' Sindue'),
(5359, 119, ' Sindue Tombusabora'),
(5360, 119, ' Sindue Tobata'),
(5361, 119, ' Sirenja'),
(5362, 119, ' Balaesang'),
(5363, 119, ' Balaesang Tanjung'),
(5364, 119, ' Damsol'),
(5365, 119, ' Sojol'),
(5366, 119, ' Sojol Utara'),
(5367, 483, ' Dampal Selatan'),
(5368, 483, ' Dampal Utara'),
(5369, 483, ' Dondo'),
(5370, 483, ' Ogodeide'),
(5371, 483, ' Basidondo'),
(5372, 483, ' Baolan'),
(5373, 483, ' Lampasio'),
(5374, 483, ' Galang'),
(5375, 483, ' Tolitoli Utara'),
(5376, 483, ' Dako Pamean'),
(5377, 98, ' Lakea'),
(5378, 98, ' Biau'),
(5379, 98, ' Karamat'),
(5380, 98, ' Momunu'),
(5381, 98, ' Tiloan'),
(5382, 98, ' Bokat'),
(5383, 98, ' Bukal'),
(5384, 98, ' Bunobogu'),
(5385, 98, ' Gadung'),
(5386, 98, ' Paleleh'),
(5387, 98, ' Paleleh Barat'),
(5388, 338, ' Sausu'),
(5389, 338, ' Torue'),
(5390, 338, ' Balinggi'),
(5391, 338, ' Parigi'),
(5392, 338, ' Parigi Selatan'),
(5393, 338, ' Parigi Barat'),
(5394, 338, ' Parigi Utara'),
(5395, 338, ' Parigi Tengah'),
(5396, 338, ' Ampibabo'),
(5397, 338, ' Kasimbar'),
(5398, 338, ' Toribulu'),
(5399, 338, ' Siniu'),
(5400, 338, ' Tinombo'),
(5401, 338, ' Tinombo Selatan'),
(5402, 338, ' Tomini'),
(5403, 338, ' Mepanga'),
(5404, 338, ' Palasa'),
(5405, 338, ' Moutong'),
(5406, 338, ' Bolano Lambunu'),
(5407, 338, ' Taopa'),
(5408, 338, ' Bolano'),
(5409, 338, ' Ongka Malino'),
(5410, 482, ' Tojo Barat'),
(5411, 482, ' Tojo'),
(5412, 482, ' Ulubongka'),
(5413, 482, ' Ampana Tete'),
(5414, 482, ' Ampana Kota'),
(5415, 482, ' Una - Una'),
(5416, 482, ' Togean'),
(5417, 482, ' Walea Kepulauan'),
(5418, 482, ' Walea Besar'),
(5419, 410, ' Pipikoro'),
(5420, 410, ' Kulawi Selatan'),
(5421, 410, ' Kulawi'),
(5422, 410, ' Lindu'),
(5423, 410, ' Nokilalaki'),
(5424, 410, ' Palolo'),
(5425, 410, ' Gumbasa'),
(5426, 410, ' Dolo Selatan'),
(5427, 410, ' Dolo Barat'),
(5428, 410, ' Tanambulava'),
(5429, 410, ' Dolo'),
(5430, 410, ' Sigi Biromaru'),
(5431, 410, ' Marawola'),
(5432, 410, ' Marawola Barat'),
(5433, 410, ' Kinovaro'),
(5434, 329, ' Palu Barat'),
(5435, 329, ' Tatanga'),
(5436, 329, ' Ulujadi'),
(5437, 329, ' Palu Selatan'),
(5438, 329, ' Palu Timur'),
(5439, 329, ' Mantikulore'),
(5440, 329, ' Palu Utara'),
(5441, 329, ' Tawaeli'),
(5442, 396, ' Pasimarannu'),
(5443, 396, ' Pasilambena'),
(5444, 396, ' Pasimassunggu'),
(5445, 396, ' Takabonerate'),
(5446, 396, ' Pasimassunggu Timur'),
(5447, 396, ' Bontosikuyu'),
(5448, 396, ' Bontoharu'),
(5449, 396, ' Benteng'),
(5450, 396, ' Bontomanai'),
(5451, 396, ' Bontomatene'),
(5452, 396, ' Buki'),
(5453, 95, ' Gantarang'),
(5454, 95, ' Ujung Bulu'),
(5455, 95, ' Ujung Loe'),
(5456, 95, ' Bonto Bahari'),
(5457, 95, ' Bontotiro'),
(5458, 95, ' Hero Lange-lange'),
(5459, 95, ' Kajang'),
(5460, 95, ' Bulukumpa'),
(5461, 95, ' Rilau Ale'),
(5462, 95, ' Kindang'),
(5463, 38, ' Bissappu'),
(5464, 38, ' Uluere'),
(5465, 38, ' Sinoa'),
(5466, 38, ' Bantaeng'),
(5467, 38, ' Eremerasa'),
(5468, 38, ' Tompobulu'),
(5469, 38, ' Gantarangkeke'),
(5470, 162, ' Bangkala'),
(5471, 162, ' Bangkala Barat'),
(5472, 162, ' Tamalatea'),
(5473, 162, ' Bontoramba'),
(5474, 162, ' Binamu'),
(5475, 162, ' Turatea'),
(5476, 162, ' Batang'),
(5477, 162, ' Arungkeke'),
(5478, 162, ' Tarowang'),
(5479, 162, ' Kelara'),
(5480, 162, ' Rumbia'),
(5481, 448, ' Mangara Bombang'),
(5482, 448, ' Mappakasunggu'),
(5483, 448, ' Sanrobone'),
(5484, 448, ' Polombangkeng Selatan'),
(5485, 448, ' Pattallassang'),
(5486, 448, ' Polombangkeng Utara'),
(5487, 448, ' Galesong Selatan'),
(5488, 448, ' Galesong'),
(5489, 448, ' Galesong Utara'),
(5490, 132, ' Bontonompo'),
(5491, 132, ' Bontonompo Selatan'),
(5492, 132, ' Bajeng'),
(5493, 132, ' Bajeng Barat'),
(5494, 132, ' Pallangga'),
(5495, 132, ' Barombong'),
(5496, 132, ' Somba Opu'),
(5497, 132, ' Bontomarannu'),
(5498, 132, ' Pattallassang'),
(5499, 132, ' Parangloe'),
(5500, 132, ' Manuju'),
(5501, 132, ' Tinggimoncong'),
(5502, 132, ' Tombolo Pao'),
(5503, 132, ' Parigi'),
(5504, 132, ' Bungaya'),
(5505, 132, ' Bontolempangan'),
(5506, 132, ' Tompobulu'),
(5507, 132, ' Biringbulu'),
(5508, 416, ' Sinjai Barat'),
(5509, 416, ' Sinjai Borong'),
(5510, 416, ' Sinjai Selatan'),
(5511, 416, ' Tellu Limpoe'),
(5512, 416, ' Sinjai Timur'),
(5513, 416, ' Sinjai Tengah'),
(5514, 416, ' Sinjai Utara'),
(5515, 416, ' Bulupoddo'),
(5516, 416, ' Pulau Sembilan'),
(5517, 275, ' Mandai'),
(5518, 275, ' Moncongloe'),
(5519, 275, ' Maros Baru'),
(5520, 275, ' Marusu'),
(5521, 275, ' Turikale'),
(5522, 275, ' Lau'),
(5523, 275, ' Bontoa'),
(5524, 275, ' Bantimurung'),
(5525, 275, ' Simbang'),
(5526, 275, ' Tanralili'),
(5527, 275, ' Tompu Bulu'),
(5528, 275, ' Camba'),
(5529, 275, ' Cenrana'),
(5530, 275, ' Mallawa'),
(5531, 333, ' Liukang Tangaya'),
(5532, 333, ' Liukang Kalmas'),
(5533, 333, ' Liukang Tupabbiring'),
(5534, 333, ' Liukang Tupabbiring Utara'),
(5535, 333, ' Pangkajene'),
(5536, 333, ' Minasatene'),
(5537, 333, ' Balocci'),
(5538, 333, ' Tondong Tallasa'),
(5539, 333, ' Bungoro'),
(5540, 333, ' Labakkang'),
(5541, 333, ' Segeri'),
(5542, 333, ' Mandalle'),
(5543, 47, ' Tanete Riaja'),
(5544, 47, ' Pujananting'),
(5545, 47, ' Tanete Rilau'),
(5546, 47, ' Barru'),
(5547, 47, ' Soppeng Riaja'),
(5548, 47, ' Balusu'),
(5549, 47, ' Mallusetasi'),
(5550, 87, ' Bontocani'),
(5551, 87, ' Kahu'),
(5552, 87, ' Kajuara'),
(5553, 87, ' Salomekko'),
(5554, 87, ' Tonra'),
(5555, 87, ' Patimpeng'),
(5556, 87, ' Libureng'),
(5557, 87, ' Mare'),
(5558, 87, ' Sibulue'),
(5559, 87, ' Cina'),
(5560, 87, ' Barebbo'),
(5561, 87, ' Ponre'),
(5562, 87, ' Lappariaja'),
(5563, 87, ' Lamuru'),
(5564, 87, ' Tellu Limpoe'),
(5565, 87, ' Bengo'),
(5566, 87, ' Ulaweng'),
(5567, 87, ' Palakka'),
(5568, 87, ' Awangpone'),
(5569, 87, ' Tellu Siattinge'),
(5570, 87, ' Amali'),
(5571, 87, ' Ajangale'),
(5572, 87, ' Dua Boccoe'),
(5573, 87, ' Cenrana'),
(5574, 87, ' Tanete Riattang Barat'),
(5575, 87, ' Tanete Riattang'),
(5576, 87, ' Tanete Riattang Timur'),
(5577, 423, ' Mario Riwawo'),
(5578, 423, ' Lalabata'),
(5579, 423, ' Lili Riaja'),
(5580, 423, ' Ganra'),
(5581, 423, ' Citta'),
(5582, 423, ' Lili Rilau'),
(5583, 423, ' Donri Donri'),
(5584, 423, ' Mario Riawa'),
(5585, 493, ' Sabbang Paru'),
(5586, 493, ' Tempe'),
(5587, 493, ' Pammana'),
(5588, 493, ' Bola'),
(5589, 493, ' Takkalalla'),
(5590, 493, ' Sajoanging'),
(5591, 493, ' Penrang'),
(5592, 493, ' Majauleng'),
(5593, 493, ' Tana Sitolo'),
(5594, 493, ' Belawa'),
(5595, 493, ' Maniang Pajo'),
(5596, 493, ' Gilireng'),
(5597, 493, ' Keera'),
(5598, 493, ' Pitumpanua'),
(5599, 408, ' Panca Lautang'),
(5600, 408, ' Tellulimpo E'),
(5601, 408, ' Watang Pulu'),
(5602, 408, ' Baranti'),
(5603, 408, ' Panca Rijang'),
(5604, 408, ' Kulo'),
(5605, 408, ' Maritengngae'),
(5606, 408, ' Watang Sidenreng'),
(5607, 408, ' Pitu Riawa'),
(5608, 408, ' Duapitue'),
(5609, 408, ' Pitu Riase'),
(5610, 360, ' Suppa'),
(5611, 360, ' Mattirosompe'),
(5612, 360, ' Lanrisang'),
(5613, 360, ' Mattiro Bulu'),
(5614, 360, ' Watang Sawitto'),
(5615, 360, ' Paleteang'),
(5616, 360, ' Tiroang'),
(5617, 360, ' Patampanua'),
(5618, 360, ' Cempa'),
(5619, 360, ' Duampanua'),
(5620, 360, ' Batulappa'),
(5621, 360, ' Lembang'),
(5622, 123, ' Maiwa'),
(5623, 123, ' Bungin'),
(5624, 123, ' Enrekang'),
(5625, 123, ' Cendana'),
(5626, 123, ' Baraka'),
(5627, 123, ' Buntu Batu'),
(5628, 123, ' Anggeraja'),
(5629, 123, ' Malua'),
(5630, 123, ' Alla'),
(5631, 123, ' Curio'),
(5632, 123, ' Masalle'),
(5633, 123, ' Baroko'),
(5634, 244, ' Larompong'),
(5635, 244, ' Larompong Selatan'),
(5636, 244, ' Suli'),
(5637, 244, ' Suli Barat'),
(5638, 244, ' Belopa'),
(5639, 244, ' Kamanre'),
(5640, 244, ' Belopa Utara'),
(5641, 244, ' Bajo'),
(5642, 244, ' Bajo Barat'),
(5643, 244, ' Bassesangtempe'),
(5644, 244, ' Latimojong'),
(5645, 244, ' Bassesangtempe Utara'),
(5646, 244, ' Bupon'),
(5647, 244, ' Ponrang'),
(5648, 244, ' Ponrang Selatan'),
(5649, 244, ' Bua'),
(5650, 244, ' Walenrang'),
(5651, 244, ' Walenrang Timur'),
(5652, 244, ' Lamasi'),
(5653, 244, ' Walenrang Utara'),
(5654, 244, ' Walenrang Barat'),
(5655, 244, ' Lamasi Timur'),
(5656, 451, ' Bonggakaradeng'),
(5657, 451, ' Simbuang'),
(5658, 451, ' Rano'),
(5659, 451, ' Mappak'),
(5660, 451, ' Mengkendek'),
(5661, 451, ' Gandang Batu Silanan'),
(5662, 451, ' Sangalla'),
(5663, 451, ' Sangala Selatan'),
(5664, 451, ' Sangalla Utara'),
(5665, 451, ' Makale'),
(5666, 451, ' Makale Selatan'),
(5667, 451, ' Makale Utara'),
(5668, 451, ' Saluputti'),
(5669, 451, ' Bittuang'),
(5670, 451, ' Rembon'),
(5671, 451, ' Masanda'),
(5672, 451, ' Malimbong Balepe'),
(5673, 451, ' Rantetayo'),
(5674, 451, ' Kurra'),
(5675, 246, ' Sabbang'),
(5676, 246, ' Baebunta'),
(5677, 246, ' Malangke'),
(5678, 246, ' Malangke Barat'),
(5679, 246, ' Sukamaju'),
(5680, 246, ' Bone-bone'),
(5681, 246, ' Tana Lili'),
(5682, 246, ' Masamba'),
(5683, 246, ' Mappedeceng'),
(5684, 246, ' Rampi'),
(5685, 246, ' Limbong'),
(5686, 246, ' Seko'),
(5687, 245, ' Burau'),
(5688, 245, ' Wotu'),
(5689, 245, ' Tomoni'),
(5690, 245, ' Tomoni Timur'),
(5691, 245, ' Angkona'),
(5692, 245, ' Malili'),
(5693, 245, ' Towuti'),
(5694, 245, ' Nuha'),
(5695, 245, ' Wasuponda'),
(5696, 245, ' Mangkutana'),
(5697, 245, ' Kalaena'),
(5698, 486, ' Sopai'),
(5699, 486, ' Kesu'),
(5700, 486, ' Sanggalangi'),
(5701, 486, ' Buntao'),
(5702, 486, ' Rantebua'),
(5703, 486, ' Nanggala'),
(5704, 486, ' Tondon'),
(5705, 486, ' Tallunglipu'),
(5706, 486, ' Rantepao'),
(5707, 486, ' Tikala'),
(5708, 486, ' Sesean'),
(5709, 486, ' Balusu'),
(5710, 486, ' Bengkelekila'),
(5711, 486, ' Sesean Suloara'),
(5712, 486, ' Kapala Pitu'),
(5713, 486, ' Dende Piongan Napo'),
(5714, 486, ' Awan Rante Karua'),
(5715, 486, ' Rindingalo'),
(5716, 486, ' Buntu Pepasan'),
(5717, 486, ' Baruppu'),
(5718, 254, ' Mariso'),
(5719, 254, ' Mamajang'),
(5720, 254, ' Tamalate'),
(5721, 254, ' Rappocini'),
(5722, 254, ' Makassar'),
(5723, 254, ' Ujung Pandang'),
(5724, 254, ' Wajo'),
(5725, 254, ' Bontoala'),
(5726, 254, ' Ujung Tanah'),
(5727, 254, ' Tallo'),
(5728, 254, ' Panakkukang'),
(5729, 254, ' Manggala'),
(5730, 254, ' Biring Kanaya'),
(5731, 254, ' Tamalanrea'),
(5732, 336, ' Bacukiki'),
(5733, 336, ' Bacukiki Barat'),
(5734, 336, ' Ujung'),
(5735, 336, ' Soreang'),
(5736, 328, ' Wara Selatan'),
(5737, 328, ' Sendana'),
(5738, 328, ' Wara'),
(5739, 328, ' Wara Timur'),
(5740, 328, ' Mungkajang'),
(5741, 328, ' Wara Utara'),
(5742, 328, ' Bara'),
(5743, 328, ' Telluwanua'),
(5744, 328, ' Wara Barat'),
(5745, 101, ' Lasalimu'),
(5746, 101, ' Lasalimu Selatan'),
(5747, 101, ' Siontapina'),
(5748, 101, ' Pasar Wajo'),
(5749, 101, ' Wolowa'),
(5750, 101, ' Wabula'),
(5751, 101, ' Sampolawa'),
(5752, 101, ' Batu Atas'),
(5753, 101, ' Lapandewa'),
(5754, 101, ' Batauga'),
(5755, 101, ' Siompu'),
(5756, 101, ' Kadatua'),
(5757, 101, ' Siompu Barat'),
(5758, 101, ' Kapontori'),
(5759, 101, ' Gu'),
(5760, 101, ' Sangia Wambulu'),
(5761, 101, ' Lakudo'),
(5762, 101, ' Mawasangka'),
(5763, 101, ' Mawasangka Timur'),
(5764, 101, ' Mawasangka Tengah'),
(5765, 101, ' Talaga Raya'),
(5766, 295, ' Tongkuno'),
(5767, 295, ' Tongkuno Selatan'),
(5768, 295, ' Parigi'),
(5769, 295, ' Bone'),
(5770, 295, ' Marobo'),
(5771, 295, ' Kabawo'),
(5772, 295, ' Kabangka'),
(5773, 295, ' Kontukowuna'),
(5774, 295, ' Tiworo Kepulauan'),
(5775, 295, ' Maginti'),
(5776, 295, ' Tiworo Tengah'),
(5777, 295, ' Tiworo Selatan'),
(5778, 295, ' Tiworo Utara'),
(5779, 295, ' Lawa'),
(5780, 295, ' Sawerigadi'),
(5781, 295, ' Barangka'),
(5782, 295, ' Wa Daga'),
(5783, 295, ' Kusambi'),
(5784, 295, ' Kontunaga'),
(5785, 295, ' Watopute'),
(5786, 295, ' Katobu'),
(5787, 295, ' Lohia'),
(5788, 295, ' Duruka'),
(5789, 295, ' Batalaiworu'),
(5790, 295, ' Napabalano'),
(5791, 295, ' Lasalepa'),
(5792, 295, ' Napano Kusambi'),
(5793, 295, ' Towea'),
(5794, 295, ' Wakorumba Selatan'),
(5795, 295, ' Pasir Putih'),
(5796, 295, ' Pasi Kolaga'),
(5797, 295, ' Maligano'),
(5798, 295, ' Batukara'),
(5799, 200, ' Wawonii Selatan'),
(5800, 200, ' Wawonii Barat'),
(5801, 200, ' Wawonii Tengah'),
(5802, 200, ' Wawonii Tenggara'),
(5803, 200, ' Wawonii Timur'),
(5804, 200, ' Wawonii Utara'),
(5805, 200, ' Wawonii Timur Laut'),
(5806, 200, ' Soropia'),
(5807, 200, ' Lalonggasumeeto'),
(5808, 200, ' Sampara'),
(5809, 200, ' Bondoala'),
(5810, 200, ' Besulutu'),
(5811, 200, ' Kapoiala'),
(5812, 200, ' Lambuya'),
(5813, 200, ' Uepai'),
(5814, 200, ' Puriala'),
(5815, 200, ' Onembute'),
(5816, 200, ' Pondidaha'),
(5817, 200, ' Wonggeduku'),
(5818, 200, ' Amonggedo'),
(5819, 200, ' Wawotobi'),
(5820, 200, ' Meluhu'),
(5821, 200, ' Konawe'),
(5822, 200, ' Unaaha'),
(5823, 200, ' Anggaberi'),
(5824, 200, ' Abuki'),
(5825, 200, ' Latoma'),
(5826, 200, ' Tongauna'),
(5827, 200, ' Asinua'),
(5828, 200, ' Routa'),
(5829, 198, ' Watubangga'),
(5830, 198, ' Tanggetada'),
(5831, 198, ' Toari'),
(5832, 198, ' Polinggona'),
(5833, 198, ' Pomalaa'),
(5834, 198, ' Wundulako'),
(5835, 198, ' Baula'),
(5836, 198, ' Ladongi'),
(5837, 198, ' Lambandia'),
(5838, 198, ' Poli-polia'),
(5839, 198, ' Dangia'),
(5840, 198, ' Aere'),
(5841, 198, ' Tirawuta'),
(5842, 198, ' Lalolae'),
(5843, 198, ' Loea'),
(5844, 198, ' Kolaka'),
(5845, 198, ' Latambaga'),
(5846, 198, ' Wolo'),
(5847, 198, ' Samaturu'),
(5848, 198, ' Iwoimendaa'),
(5849, 198, ' Mowewe'),
(5850, 198, ' Uluiwoi'),
(5851, 198, ' Tinondo'),
(5852, 198, ' Ueesi'),
(5853, 201, ' Tinanggea'),
(5854, 201, ' Lalembuu'),
(5855, 201, ' Andoolo'),
(5856, 201, ' Buke'),
(5857, 201, ' Palangga'),
(5858, 201, ' Palangga Selatan'),
(5859, 201, ' Baito'),
(5860, 201, ' Lainea'),
(5861, 201, ' Laeya'),
(5862, 201, ' Kolono'),
(5863, 201, ' Laonti'),
(5864, 201, ' Moramo'),
(5865, 201, ' Moramo Utara'),
(5866, 201, ' Konda'),
(5867, 201, ' Wolasi'),
(5868, 201, ' Ranomeeto'),
(5869, 201, ' Ranomeeto Barat'),
(5870, 201, ' Landono'),
(5871, 201, ' Mowila'),
(5872, 201, ' Angata'),
(5873, 201, ' Benua'),
(5874, 201, ' Basala'),
(5875, 85, ' Kabaena'),
(5876, 85, ' Kabaena Utara'),
(5877, 85, ' Kabaena Selatan'),
(5878, 85, ' Kabaena Barat'),
(5879, 85, ' Kabaena Timur'),
(5880, 85, ' Kabaena Tengah'),
(5881, 85, ' Rumbia'),
(5882, 85, ' Mata Oleo'),
(5883, 85, ' Kep. Masaloka Raya'),
(5884, 85, ' Rumbia Tengah'),
(5885, 85, ' Rarowatu'),
(5886, 85, ' Rarowatu Utara'),
(5887, 85, ' Mata Usu'),
(5888, 85, ' Lantari Jaya'),
(5889, 85, ' Poleang Timur'),
(5890, 85, ' Poleang Utara'),
(5891, 85, ' Poleang Selatan'),
(5892, 85, ' Poleang Tenggara'),
(5893, 85, ' Poleang'),
(5894, 85, ' Poleang Barat'),
(5895, 85, ' Tontonunu'),
(5896, 85, ' Poleang Tengah'),
(5897, 494, ' Binongko'),
(5898, 494, ' Togo Binongko'),
(5899, 494, ' Tomia'),
(5900, 494, ' Tomia Timur'),
(5901, 494, ' Kaledupa'),
(5902, 494, ' Kaledupa Selatan'),
(5903, 494, ' Wangi-wangi'),
(5904, 494, ' Wangi-wangi Selatan'),
(5905, 199, ' Ranteangin'),
(5906, 199, ' Lambai'),
(5907, 199, ' Wawo'),
(5908, 199, ' Lasusua'),
(5909, 199, ' Katoi'),
(5910, 199, ' Kodeoha'),
(5911, 199, ' Tiwu'),
(5912, 199, ' Ngapa'),
(5913, 199, ' Watunohu'),
(5914, 199, ' Pakue'),
(5915, 199, ' Pakue Utara'),
(5916, 199, ' Pakue Tengah'),
(5917, 199, ' Batu Putih'),
(5918, 199, ' Porehu'),
(5919, 199, ' Tolala'),
(5920, 102, ' Bonegunu'),
(5921, 102, ' Kambowa');
INSERT INTO `kecamatan` (`id`, `kabupaten_id`, `nama`) VALUES
(5922, 102, ' Wakorumba'),
(5923, 102, ' Kulisusu'),
(5924, 102, ' Kulisusu Barat'),
(5925, 102, ' Kulisusu Utara'),
(5926, 202, ' Sawa'),
(5927, 202, ' Motui'),
(5928, 202, ' Lembo'),
(5929, 202, ' Lasolo'),
(5930, 202, ' Molawe'),
(5931, 202, ' Asera'),
(5932, 202, ' Andowia'),
(5933, 202, ' Oheo'),
(5934, 202, ' Langgikima'),
(5935, 202, ' Wiwirano'),
(5936, 182, ' Mandonga'),
(5937, 182, ' Baruga'),
(5938, 182, ' Puuwatu'),
(5939, 182, ' Kadia'),
(5940, 182, ' Wua-wua'),
(5941, 182, ' Poasia'),
(5942, 182, ' Abeli'),
(5943, 182, ' Kambu'),
(5944, 182, ' Kendari'),
(5945, 182, ' Kendari Barat'),
(5946, 53, ' Betoambari'),
(5947, 53, ' Murhum'),
(5948, 53, ' Batupoaro'),
(5949, 53, ' Wolio'),
(5950, 53, ' Kokalukuna'),
(5951, 53, ' Sorawolio'),
(5952, 53, ' Bungi'),
(5953, 53, ' Lea-lea'),
(5954, 77, ' Mananggu'),
(5955, 77, ' Tilamuta'),
(5956, 77, ' Dulupi'),
(5957, 77, ' Botumoito'),
(5958, 77, ' Paguyaman'),
(5959, 77, ' Wonosari'),
(5960, 77, ' Paguyaman Pantai'),
(5961, 129, ' Batudaa Pantai'),
(5962, 129, ' Biluhu'),
(5963, 129, ' Batudaa'),
(5964, 129, ' Bongomeme'),
(5965, 129, ' Tabongo'),
(5966, 129, ' Dungaliyo'),
(5967, 129, ' Tibawa'),
(5968, 129, ' Pulubala'),
(5969, 129, ' Boliyohuto'),
(5970, 129, ' Mootilango'),
(5971, 129, ' Tolangohula'),
(5972, 129, ' Asparaga'),
(5973, 129, ' Bilato'),
(5974, 129, ' Limboto'),
(5975, 129, ' Limboto Barat'),
(5976, 129, ' Telaga'),
(5977, 129, ' Telaga Biru'),
(5978, 129, ' Tilango'),
(5979, 129, ' Telaga Jaya'),
(5980, 361, ' Popayato'),
(5981, 361, ' Popayato Barat'),
(5982, 361, ' Popayato Timur'),
(5983, 361, ' Lemito'),
(5984, 361, ' Wanggarasi'),
(5985, 361, ' Marisa'),
(5986, 361, ' Patilanggio'),
(5987, 361, ' Buntulia'),
(5988, 361, ' Duhiadaa'),
(5989, 361, ' Randangan'),
(5990, 361, ' Taluditi'),
(5991, 361, ' Paguat'),
(5992, 361, ' Dengilo'),
(5993, 88, ' Tapa'),
(5994, 88, ' Bulango Utara'),
(5995, 88, ' Bulango Selatan'),
(5996, 88, ' Bulango Timur'),
(5997, 88, ' Bulango Ulu'),
(5998, 88, ' Kabila'),
(5999, 88, ' Botu Pingge'),
(6000, 88, ' Tilongkabila'),
(6001, 88, ' Suwawa'),
(6002, 88, ' Suwawa Selatan'),
(6003, 88, ' Suwawa Timur'),
(6004, 88, ' Suwawa Tengah'),
(6005, 88, ' Pinogu'),
(6006, 88, ' Bonepantai'),
(6007, 88, ' Kabila Bone'),
(6008, 88, ' Bone Raya'),
(6009, 88, ' Bone'),
(6010, 88, ' Bulawa'),
(6011, 131, ' Atinggola'),
(6012, 131, ' Gentuma Raya'),
(6013, 131, ' Kwandang'),
(6014, 131, ' Tomilito'),
(6015, 131, ' Ponelo Kepulauan'),
(6016, 131, ' Anggrek'),
(6017, 131, ' Monano'),
(6018, 131, ' Sumalata'),
(6019, 131, ' Sumalata Timur'),
(6020, 131, ' Tolinggula'),
(6021, 131, ' Biau'),
(6022, 130, ' Kota Barat'),
(6023, 130, ' Dungingi'),
(6024, 130, ' Kota Selatan'),
(6025, 130, ' Kota Timur'),
(6026, 130, ' Hulonthalangi'),
(6027, 130, ' Dumbo Raya'),
(6028, 130, ' Kota Utara'),
(6029, 130, ' Kota Tengah'),
(6030, 130, ' Sipatana'),
(6031, 253, ' Banggae'),
(6032, 253, ' Banggae Timur'),
(6033, 253, ' Pamboang'),
(6034, 253, ' Sendana'),
(6035, 253, ' Tammerodo'),
(6036, 253, ' Tubo Sendana'),
(6037, 253, ' Malunda'),
(6038, 253, ' Ulumanda'),
(6039, 362, ' Tinambung'),
(6040, 362, ' Balanipa'),
(6041, 362, ' Limboro'),
(6042, 362, ' Tubbi Taramanu'),
(6043, 362, ' Alu'),
(6044, 362, ' Campalagian'),
(6045, 362, ' Luyo'),
(6046, 362, ' Wonomulyo'),
(6047, 362, ' Mapilli'),
(6048, 362, ' Tapango'),
(6049, 362, ' Matakali'),
(6050, 362, ' B U L O'),
(6051, 362, ' Polewali'),
(6052, 362, ' Binuang'),
(6053, 362, ' Anreapi'),
(6054, 362, ' Matangnga'),
(6055, 262, ' Sumarorong'),
(6056, 262, ' Messawa'),
(6057, 262, ' Pana'),
(6058, 262, ' Nosu'),
(6059, 262, ' Tabang'),
(6060, 262, ' Mamasa'),
(6061, 262, ' Tanduk Kalua'),
(6062, 262, ' Balla'),
(6063, 262, ' Sesenapadang'),
(6064, 262, ' Tawalian'),
(6065, 262, ' Mambi'),
(6066, 262, ' Bambang'),
(6067, 262, ' Rantebulahan Timur'),
(6068, 262, ' Mehalaan'),
(6069, 262, ' Aralle'),
(6070, 262, ' Buntu Malangka'),
(6071, 262, ' Tabulahan'),
(6072, 265, ' Tapalang'),
(6073, 265, ' Tapalang Barat'),
(6074, 265, ' Mamuju'),
(6075, 265, ' Simboro'),
(6076, 265, ' Balabalakang'),
(6077, 265, ' Kalukku'),
(6078, 265, ' Papalang'),
(6079, 265, ' Sampaga'),
(6080, 265, ' Tommo'),
(6081, 265, ' Kalumpang'),
(6082, 265, ' Bonehau'),
(6083, 265, ' Budong-budong'),
(6084, 265, ' Pangale'),
(6085, 265, ' Topoyo'),
(6086, 265, ' Karossa'),
(6087, 265, ' Tobadak'),
(6088, 266, ' Sarudu'),
(6089, 266, ' Dapurang'),
(6090, 266, ' Duripoku'),
(6091, 266, ' Baras'),
(6092, 266, ' Bulu Taba'),
(6093, 266, ' Lariang'),
(6094, 266, ' Pasangkayu'),
(6095, 266, ' Tikke Raya'),
(6096, 266, ' Pedongga'),
(6097, 266, ' Bambalamotu'),
(6098, 266, ' Bambaira'),
(6099, 266, ' Sarjo'),
(6100, 261, ' Tanimbar Selatan'),
(6101, 261, ' Wer Tamrian'),
(6102, 261, ' Wer Maktian'),
(6103, 261, ' Selaru'),
(6104, 261, ' Tanimbar Utara'),
(6105, 261, ' Yaru'),
(6106, 261, ' Wuar Labobar'),
(6107, 261, ' Nirunmas'),
(6108, 261, ' Kormomolin'),
(6109, 261, ' Molu Maru'),
(6110, 260, ' Kei Kecil'),
(6111, 260, ' Kei Kecil Barat'),
(6112, 260, ' Kei Kecil Timur'),
(6113, 260, ' Kei Besar'),
(6114, 260, ' Kei Besar Utara Timur'),
(6115, 260, ' Kei Besar Selatan'),
(6116, 259, ' Banda'),
(6117, 259, ' Tehoru'),
(6118, 259, ' Telutih'),
(6119, 259, ' Amahai'),
(6120, 259, ' Kota Masohi'),
(6121, 259, ' Teluk Elpaputih'),
(6122, 259, ' Teon Nila Serua'),
(6123, 259, ' Saparua'),
(6124, 259, ' Nusalaut'),
(6125, 259, ' P. Haruku'),
(6126, 259, ' Salahutu'),
(6127, 259, ' Leihitu'),
(6128, 259, ' Leihitu Barat'),
(6129, 259, ' Seram Utara'),
(6130, 259, ' Seram Utara Barat'),
(6131, 259, ' Seram Utara Timur Kobi'),
(6132, 259, ' Seram Utara Timur Seti'),
(6133, 99, ' Namlea'),
(6134, 99, ' Waeapo'),
(6135, 99, ' Waplau'),
(6136, 99, ' Bata Bual'),
(6137, 99, ' Teluk Kaiely'),
(6138, 99, ' Waelata'),
(6139, 99, ' Lolong Guba'),
(6140, 99, ' Lilialy'),
(6141, 99, ' Air Buaya'),
(6142, 99, ' Fena Leisela'),
(6143, 185, ' Aru Selatan'),
(6144, 185, ' Aru Selatan Timur'),
(6145, 185, ' Aru Tengah'),
(6146, 185, ' Aru Tengah Timur'),
(6147, 185, ' Aru Tengah Selatan'),
(6148, 185, ' Pulau-pulau Aru'),
(6149, 185, ' Aru Utara'),
(6150, 400, ' Huamual Belakang'),
(6151, 400, ' Kepulauan Manipa'),
(6152, 400, ' Seram Barat'),
(6153, 400, ' Huamual'),
(6154, 400, ' Kairatu'),
(6155, 400, ' Kairatu Barat'),
(6156, 400, ' Inamosol'),
(6157, 400, ' Amalatu'),
(6158, 400, ' Elpaputih'),
(6159, 400, ' Taniwel'),
(6160, 400, ' Taniwel Timur'),
(6161, 401, ' Pulau Gorom'),
(6162, 401, ' Wakate'),
(6163, 401, ' Teor'),
(6164, 401, ' Gorom Timur'),
(6165, 401, ' Pulau Panjang'),
(6166, 401, ' Seram Timur'),
(6167, 401, ' Tutuk Tolu'),
(6168, 401, ' Kilmury'),
(6169, 401, ' Werinama'),
(6170, 401, ' Siwalalat'),
(6171, 401, ' Bula'),
(6172, 401, ' Bula Barat'),
(6173, 258, ' Pp. Wetar'),
(6174, 258, ' Pp. Terselatan'),
(6175, 258, ' Leti Moa Lakor'),
(6176, 258, ' Moa Lakor'),
(6177, 258, ' Damer'),
(6178, 258, ' Mdona Hiera'),
(6179, 258, ' Pp. Babar'),
(6180, 258, ' Babar Timur'),
(6181, 100, ' Kepala Madan'),
(6182, 100, ' Leksula'),
(6183, 100, ' Namrole'),
(6184, 100, ' Waisama'),
(6185, 100, ' Ambalau'),
(6186, 14, ' Nusaniwe'),
(6187, 14, ' Sirimau'),
(6188, 14, ' Leitimur Selatan'),
(6189, 14, ' Teluk Ambon Baguala'),
(6190, 14, ' Teluk Ambon'),
(6191, 488, ' Pp. Kur'),
(6192, 488, ' Tayando Tam'),
(6193, 488, ' Pulau Dullah Utara'),
(6194, 488, ' Pulau Dullah Selatan'),
(6195, 138, ' Jailolo'),
(6196, 138, ' Jailolo Selatan'),
(6197, 138, ' Sahu'),
(6198, 138, ' Sahu Timur'),
(6199, 138, ' Ibu'),
(6200, 138, ' Ibu Selatan'),
(6201, 138, ' Ibu Utara'),
(6202, 138, ' Loloda'),
(6203, 140, ' Weda'),
(6204, 140, ' Weda Selatan'),
(6205, 140, ' Weda Utara'),
(6206, 140, ' Weda Tengah'),
(6207, 140, ' Pulau Gebe'),
(6208, 140, ' Patani'),
(6209, 140, ' Patani Utara'),
(6210, 140, ' Patani Barat'),
(6211, 191, ' Sula Besi Barat'),
(6212, 191, ' Sulabesi Selatan'),
(6213, 191, ' Sanana'),
(6214, 191, ' Sula Besi Tengah'),
(6215, 191, ' Sulabesi Timur'),
(6216, 191, ' Sanana Utara'),
(6217, 191, ' Mangoli Timur'),
(6218, 191, ' Mangoli Tengah'),
(6219, 191, ' Mangoli Utara Timur'),
(6220, 191, ' Mangoli Barat'),
(6221, 191, ' Mangoli Utara'),
(6222, 191, ' Mangoli Selatan'),
(6223, 191, ' Taliabu Timur'),
(6224, 191, ' Taliabu Timur Selatan'),
(6225, 191, ' Taliabu Barat'),
(6226, 191, ' Taliabu Utara'),
(6227, 191, ' Taliabu Barat Laut'),
(6228, 191, ' Lede'),
(6229, 191, ' Taliabu Selatan'),
(6230, 139, ' Obi Selatan'),
(6231, 139, ' Obi'),
(6232, 139, ' Obi Barat'),
(6233, 139, ' Obi Timur'),
(6234, 139, ' Obi Utara'),
(6235, 139, ' Bacan'),
(6236, 139, ' Mandioli Selatan'),
(6237, 139, ' Mandioli Utara'),
(6238, 139, ' Bacan Selatan'),
(6239, 139, ' Batang Lomang'),
(6240, 139, ' Bacan Timur'),
(6241, 139, ' Bacan Timur Selatan'),
(6242, 139, ' Bacan Timur Tengah'),
(6243, 139, ' Bacan Barat'),
(6244, 139, ' Kasiruta Barat'),
(6245, 139, ' Kasiruta Timur'),
(6246, 139, ' Bacan Barat Utara'),
(6247, 139, ' Kayoa'),
(6248, 139, ' Kayoa Barat'),
(6249, 139, ' Kayoa Selatan'),
(6250, 139, ' Kayoa Utara'),
(6251, 139, ' Pulau Makian'),
(6252, 139, ' Makian Barat'),
(6253, 139, ' Gane Barat'),
(6254, 139, ' Gane Barat Selatan'),
(6255, 139, ' Gane Barat Utara'),
(6256, 139, ' Kepulauan Joronga'),
(6257, 139, ' Gane Timur'),
(6258, 139, ' Gane Timur Tengah'),
(6259, 139, ' Gane Timur Selatan'),
(6260, 142, ' Malifut'),
(6261, 142, ' Kao Teluk'),
(6262, 142, ' Kao'),
(6263, 142, ' Kao Barat'),
(6264, 142, ' Kao Utara'),
(6265, 142, ' Tobelo Selatan'),
(6266, 142, ' Tobelo Barat'),
(6267, 142, ' Tobelo Timur'),
(6268, 142, ' Tobelo'),
(6269, 142, ' Tobelo Tengah'),
(6270, 142, ' Tobelo Utara'),
(6271, 142, ' Galela'),
(6272, 142, ' Galela Selatan'),
(6273, 142, ' Galela Barat'),
(6274, 142, ' Galela Utara'),
(6275, 142, ' Loloda Utara'),
(6276, 142, ' Loloda Kepulauan'),
(6277, 141, ' Maba Selatan'),
(6278, 141, ' Kota Maba'),
(6279, 141, ' Wasile Selatan'),
(6280, 141, ' Wasile'),
(6281, 141, ' Wasile Timur'),
(6282, 141, ' Wasile Tengah'),
(6283, 141, ' Wasile Utara'),
(6284, 141, ' Maba'),
(6285, 141, ' Maba Tengah'),
(6286, 141, ' Maba Utara'),
(6287, 372, ' Morotai Selatan'),
(6288, 372, ' Morotai Timur'),
(6289, 372, ' Morotai Selatan Barat'),
(6290, 372, ' Morotai Jaya'),
(6291, 372, ' Morotai Utara'),
(6292, 477, ' Pulau Ternate'),
(6293, 477, ' Moti'),
(6294, 477, ' Pulau Batang Dua'),
(6295, 477, ' Pulau Hiri'),
(6296, 477, ' Ternate Selatan'),
(6297, 477, ' Ternate Tengah'),
(6298, 477, ' Ternate Utara'),
(6299, 478, ' Tidore Selatan'),
(6300, 478, ' Tidore Utara'),
(6301, 478, ' Tidore'),
(6302, 478, ' Tidore Timur'),
(6303, 478, ' Oba'),
(6304, 478, ' Oba Selatan'),
(6305, 478, ' Oba Utara'),
(6306, 478, ' Oba Tengah'),
(6307, 124, ' Fakfak Timur'),
(6308, 124, ' Karas'),
(6309, 124, ' Fakfak'),
(6310, 124, ' Fakfak Tengah'),
(6311, 124, ' Fakfak Barat'),
(6312, 124, ' Kokas'),
(6313, 124, ' Teluk Patipi'),
(6314, 124, ' Kramongmongga'),
(6315, 124, ' Bomberay'),
(6316, 165, ' Buruway'),
(6317, 165, ' Teluk Arguni'),
(6318, 165, ' Teluk Arguni Bawah'),
(6319, 165, ' Kaimana'),
(6320, 165, ' Kambrau'),
(6321, 165, ' Teluk Etna'),
(6322, 165, ' Yamor'),
(6323, 475, ' Naikere'),
(6324, 475, ' Wondiboy'),
(6325, 475, ' Rasiey'),
(6326, 475, ' Kuri Wamesa'),
(6327, 475, ' Wasior'),
(6328, 475, ' Duairi'),
(6329, 475, ' Roon'),
(6330, 475, ' Windesi'),
(6331, 475, ' Nikiwar'),
(6332, 475, ' Wamesa'),
(6333, 475, ' Roswar'),
(6334, 475, ' Rumberpon'),
(6335, 475, ' Soug Jaya'),
(6336, 474, ' Fafurwar'),
(6337, 474, ' Babo'),
(6338, 474, ' Sumuri'),
(6339, 474, ' Aroba'),
(6340, 474, ' Kaitaro'),
(6341, 474, ' Kuri'),
(6342, 474, ' Wamesa'),
(6343, 474, ' Bintuni'),
(6344, 474, ' Manimeri'),
(6345, 474, ' Tuhiba'),
(6346, 474, ' Dataran Beimes'),
(6347, 474, ' Tembuni'),
(6348, 474, ' Aranday'),
(6349, 474, ' Kamundan'),
(6350, 474, ' Tomu'),
(6351, 474, ' Weriagar'),
(6352, 474, ' Moskona Selatan'),
(6353, 474, ' Meyado'),
(6354, 474, ' Moskona Barat'),
(6355, 474, ' Merdey'),
(6356, 474, ' Biscoop'),
(6357, 474, ' Masyeta'),
(6358, 474, ' Moskona Utara'),
(6359, 474, ' Moskona Timur'),
(6360, 272, ' Ransiki'),
(6361, 272, ' Momi Waren'),
(6362, 272, ' Nenei'),
(6363, 272, ' Sururey'),
(6364, 272, ' Anggi'),
(6365, 272, ' Taige'),
(6366, 272, ' Membey'),
(6367, 272, ' Oransbari'),
(6368, 272, ' Warmare'),
(6369, 272, ' Prafi'),
(6370, 272, ' Menyambouw'),
(6371, 272, ' Catubouw'),
(6372, 272, ' Manokwari Barat'),
(6373, 272, ' Manokwari Timur'),
(6374, 272, ' Manokwari Utara'),
(6375, 272, ' Manokwari Selatan'),
(6376, 272, ' Testega'),
(6377, 272, ' Tanah Rubu'),
(6378, 272, ' Kebar'),
(6379, 272, ' Senopi'),
(6380, 272, ' Amberbaken'),
(6381, 272, ' Mubarni / Arfu'),
(6382, 272, ' Masni'),
(6383, 272, ' Sidey'),
(6384, 272, ' Tahosta'),
(6385, 272, ' Didohu'),
(6386, 272, ' Dataran Isim'),
(6387, 272, ' Anggi Gida'),
(6388, 272, ' Hingk'),
(6389, 426, ' Inanwatan'),
(6390, 426, ' Metemani'),
(6391, 426, ' Kokoda'),
(6392, 426, ' Kais'),
(6393, 426, ' Kokoda Utara'),
(6394, 426, ' Moswaren'),
(6395, 426, ' Teminabuan'),
(6396, 426, ' Seremuk'),
(6397, 426, ' Wayer'),
(6398, 426, ' Konda'),
(6399, 426, ' Saifi'),
(6400, 426, ' Sawiat'),
(6401, 426, ' Fokour'),
(6402, 424, ' Moraid'),
(6403, 424, ' Klaso'),
(6404, 424, ' Makbon'),
(6405, 424, ' Klayili'),
(6406, 424, ' Beraur'),
(6407, 424, ' Klamono'),
(6408, 424, ' Klabot'),
(6409, 424, ' Klawak'),
(6410, 424, ' Salawati'),
(6411, 424, ' Mayamuk'),
(6412, 424, ' Salawati Timur'),
(6413, 424, ' Seget'),
(6414, 424, ' Segun'),
(6415, 424, ' Salawati Selatan'),
(6416, 424, ' Aimas'),
(6417, 424, ' Mariat'),
(6418, 424, ' Sorong'),
(6419, 424, ' Sayosa'),
(6420, 424, ' Maudus'),
(6421, 378, ' Misool Selatan'),
(6422, 378, ' Misool Barat'),
(6423, 378, ' Misool'),
(6424, 378, ' Kofiau'),
(6425, 378, ' Misool Timur'),
(6426, 378, ' Kepulauan Sembilan'),
(6427, 378, ' Salawati Utara'),
(6428, 378, ' Salawati Tengah'),
(6429, 378, ' Salawati Barat'),
(6430, 378, ' Batanta Selatan'),
(6431, 378, ' Batanta Utara'),
(6432, 378, ' Waigeo Selatan'),
(6433, 378, ' Teluk Mayalibit'),
(6434, 378, ' Meos Mansar'),
(6435, 378, ' Kota Waisai'),
(6436, 378, ' Tiplol Mayalibit'),
(6437, 378, ' Waigeo Barat'),
(6438, 378, ' Waigeo Barat Kepulauan'),
(6439, 378, ' Waigeo Utara'),
(6440, 378, ' Warwarbomi'),
(6441, 378, ' Supnin'),
(6442, 378, ' Kepulauan Ayau'),
(6443, 378, ' Ayau'),
(6444, 378, ' Waigeo Timur'),
(6445, 449, ' Fef'),
(6446, 449, ' Syujak'),
(6447, 449, ' Miyah'),
(6448, 449, ' Abun'),
(6449, 449, ' Kwoor'),
(6450, 449, ' Sausapor'),
(6451, 449, ' Yembun'),
(6452, 277, ' Aitinyo Barat/athabu'),
(6453, 277, ' Ayamaru Selatan Jaya'),
(6454, 277, ' Aitinyo'),
(6455, 277, ' Aitinyo Tengah'),
(6456, 277, ' Aifat Selatan'),
(6457, 277, ' Aifat Timur Selatan'),
(6458, 277, ' Aifat'),
(6459, 277, ' Aitinyo Utara'),
(6460, 277, ' Aitinyo Raya'),
(6461, 277, ' Ayamaru Timur'),
(6462, 277, ' Ayamaru Timur Selatan'),
(6463, 277, ' Ayamaru'),
(6464, 277, ' Ayamaru Selatan'),
(6465, 277, ' Ayamaru Jaya'),
(6466, 277, ' Ayamaru Tengah'),
(6467, 277, ' Ayamaru Barat'),
(6468, 277, ' Ayamaru Utara'),
(6469, 277, ' Ayamaru Utara Timur'),
(6470, 277, ' Mare'),
(6471, 277, ' Mare Selatan'),
(6472, 277, ' Aifat Utara'),
(6473, 277, ' Aifat Timur'),
(6474, 277, ' Aifat Timur Tengah'),
(6475, 277, ' Aifat Timur Jauh'),
(6476, 425, ' Sorong Barat'),
(6477, 425, ' Sorong Kepulauan'),
(6478, 425, ' Sorong Timur'),
(6479, 425, ' Sorong Utara'),
(6480, 425, ' Sorong'),
(6481, 425, ' Sorong Manoi'),
(6482, 281, ' Kimaam'),
(6483, 281, ' Waan'),
(6484, 281, ' Tabonji'),
(6485, 281, ' Ilwayab'),
(6486, 281, ' Okaba'),
(6487, 281, ' Tubang'),
(6488, 281, ' Ngguti'),
(6489, 281, ' Kaptel'),
(6490, 281, ' Kurik'),
(6491, 281, ' Malind'),
(6492, 281, ' Animha'),
(6493, 281, ' Merauke'),
(6494, 281, ' Semangga'),
(6495, 281, ' Tanah Miring'),
(6496, 281, ' Jagebob'),
(6497, 281, ' Sota'),
(6498, 281, ' Naukenjerai'),
(6499, 281, ' Muting'),
(6500, 281, ' Eligobel'),
(6501, 281, ' Ulilin'),
(6502, 159, ' Wamena'),
(6503, 159, ' Asolokobal'),
(6504, 159, ' Walelagama'),
(6505, 159, ' Hubikosi'),
(6506, 159, ' Pelebaga'),
(6507, 159, ' Asologaima'),
(6508, 159, ' Musatfak'),
(6509, 159, ' Kurulu'),
(6510, 159, ' Bolakme'),
(6511, 159, ' Wollo'),
(6512, 159, ' Yalengga'),
(6513, 157, ' Kaureh'),
(6514, 157, ' Airu'),
(6515, 157, ' Yapsi'),
(6516, 157, ' Kemtuk'),
(6517, 157, ' Kemtuk Gresi'),
(6518, 157, ' Gresi Selatan'),
(6519, 157, ' Nimboran'),
(6520, 157, ' Nimboran Timur / Namblong'),
(6521, 157, ' Nimbokrang'),
(6522, 157, ' Unurum Guay'),
(6523, 157, ' Demta'),
(6524, 157, ' Yokari'),
(6525, 157, ' Depapre'),
(6526, 157, ' Ravenirara'),
(6527, 157, ' Sentani Barat'),
(6528, 157, ' Waibu'),
(6529, 157, ' Sentani'),
(6530, 157, ' Ebungfau'),
(6531, 157, ' Sentani Timur'),
(6532, 299, ' Uwapa'),
(6533, 299, ' Menou'),
(6534, 299, ' Dipa'),
(6535, 299, ' Yaur'),
(6536, 299, ' Teluk Umar'),
(6537, 299, ' Wanggar'),
(6538, 299, ' Nabire Barat'),
(6539, 299, ' Nabire'),
(6540, 299, ' Teluk Kimi'),
(6541, 299, ' Napan'),
(6542, 299, ' Makimi'),
(6543, 299, ' Wapoga'),
(6544, 299, ' Siriwo'),
(6545, 299, ' Yaro'),
(6546, 193, ' Yapen Timur'),
(6547, 193, ' Pantura Yapen'),
(6548, 193, ' Teluk Ampimoi'),
(6549, 193, ' Raimbawi'),
(6550, 193, ' Pulau Kurudu'),
(6551, 193, ' Angkaisera'),
(6552, 193, ' Kep. Ambai'),
(6553, 193, ' Yapen Selatan'),
(6554, 193, ' Kosiwo'),
(6555, 193, ' Yapen Barat'),
(6556, 193, ' Wonawa'),
(6557, 193, ' Pulau Yerui'),
(6558, 193, ' Poom'),
(6559, 193, ' Windesi'),
(6560, 67, ' Numfor Barat'),
(6561, 67, ' Orkeri'),
(6562, 67, ' Numfor Timur'),
(6563, 67, ' Bruyadori'),
(6564, 67, ' Poiru'),
(6565, 67, ' Padaido'),
(6566, 67, ' Aimando Padaido'),
(6567, 67, ' Biak Timur'),
(6568, 67, ' Oridek'),
(6569, 67, ' Biak Kota'),
(6570, 67, ' Samofa'),
(6571, 67, ' Yendidori'),
(6572, 67, ' Biak Utara'),
(6573, 67, ' Andey'),
(6574, 67, ' Warsa'),
(6575, 67, ' Yawosi'),
(6576, 67, ' Bondifuar'),
(6577, 67, ' Biak Barat'),
(6578, 67, ' Swandiwe'),
(6579, 335, ' Paniai Timur'),
(6580, 335, ' Yatamo'),
(6581, 335, ' Kebo'),
(6582, 335, ' Bibida'),
(6583, 335, ' Dumadama'),
(6584, 335, ' Aradide'),
(6585, 335, ' Ekadide'),
(6586, 335, ' Paniai Barat'),
(6587, 335, ' Siriwo'),
(6588, 335, ' Bogobaida'),
(6589, 374, ' Fawi'),
(6590, 374, ' Mulia'),
(6591, 374, ' Mewoluk'),
(6592, 374, ' Yamo'),
(6593, 374, ' Ilu'),
(6594, 374, ' Torere'),
(6595, 374, ' Jigonikme'),
(6596, 374, ' Tingginambut'),
(6597, 284, ' Mimika Barat'),
(6598, 284, ' Mimika Barat Jauh'),
(6599, 284, ' Mimika Barat Tengah'),
(6600, 284, ' Mimika Timur'),
(6601, 284, ' Mimika Tengah'),
(6602, 284, ' Mimika Timur Jauh'),
(6603, 284, ' Mimika Baru'),
(6604, 284, ' Kuala Kencana'),
(6605, 284, ' Tembagapura'),
(6606, 284, ' Agimuga'),
(6607, 284, ' Jila'),
(6608, 284, ' Jita'),
(6609, 90, ' Jair'),
(6610, 90, ' Subur'),
(6611, 90, ' Kia'),
(6612, 90, ' Mindiptana'),
(6613, 90, ' Iniyandit'),
(6614, 90, ' Kombut'),
(6615, 90, ' Sesnuk'),
(6616, 90, ' Mandobo'),
(6617, 90, ' Fofi'),
(6618, 90, ' Arimop'),
(6619, 90, ' Kouh'),
(6620, 90, ' Bomakia'),
(6621, 90, ' Firiwage'),
(6622, 90, ' Manggelum'),
(6623, 90, ' Yaniruma'),
(6624, 90, ' Kawagit'),
(6625, 90, ' Kombay'),
(6626, 90, ' Waropko'),
(6627, 90, ' Ambatkwi'),
(6628, 90, ' Ninati'),
(6629, 274, ' Nambioman Bapai'),
(6630, 274, ' Minyamur'),
(6631, 274, ' Edera'),
(6632, 274, ' Venaha'),
(6633, 274, ' Obaa'),
(6634, 274, ' Passue'),
(6635, 274, ' Haju'),
(6636, 274, ' Assue'),
(6637, 274, ' Citakmitak'),
(6638, 274, ' Kaibar'),
(6639, 16, ' Pantai Kasuari'),
(6640, 16, ' Fayit'),
(6641, 16, ' Atsy'),
(6642, 16, ' Suator'),
(6643, 16, ' Kolf Braza'),
(6644, 16, ' Akat'),
(6645, 16, ' Agats'),
(6646, 16, ' Sawa Erma'),
(6647, 16, ' Suru-suru'),
(6648, 16, ' Unir Sirau'),
(6649, 499, ' Kurima'),
(6650, 499, ' Musaik'),
(6651, 499, ' Dekai'),
(6652, 499, ' Obio'),
(6653, 499, ' Pasema'),
(6654, 499, ' Amuma'),
(6655, 499, ' Suru-suru'),
(6656, 499, ' Wusama'),
(6657, 499, ' Silimo'),
(6658, 499, ' Ninia'),
(6659, 499, ' Holuwon'),
(6660, 499, ' Lolat'),
(6661, 499, ' Langda'),
(6662, 499, ' Bomela'),
(6663, 499, ' Suntamon'),
(6664, 499, ' Sobaham'),
(6665, 499, ' Korupun'),
(6666, 499, ' Sela'),
(6667, 499, ' Kwelamdua'),
(6668, 499, ' Anggruk'),
(6669, 499, ' Panggema'),
(6670, 499, ' Walma'),
(6671, 499, ' Kosarek'),
(6672, 499, ' Ubahak'),
(6673, 499, ' Nalca'),
(6674, 499, ' Puldama'),
(6675, 499, ' Nipsan'),
(6676, 499, ' Samenage'),
(6677, 499, ' Tangma'),
(6678, 499, ' Soba'),
(6679, 499, ' Mugi'),
(6680, 499, ' Yogosem'),
(6681, 499, ' Kayo'),
(6682, 499, ' Sumo'),
(6683, 499, ' Hogio'),
(6684, 499, ' Ukha'),
(6685, 499, ' Werima'),
(6686, 499, ' Soloikma'),
(6687, 499, ' Seradala'),
(6688, 499, ' Kabianggama'),
(6689, 499, ' Kwikma'),
(6690, 499, ' Hilipuk'),
(6691, 499, ' Yahuliambut'),
(6692, 499, ' Hereapini'),
(6693, 499, ' Ubalihi'),
(6694, 499, ' Talambo'),
(6695, 499, ' Pronggoli'),
(6696, 499, ' Endomen'),
(6697, 499, ' Kona'),
(6698, 499, ' Duram'),
(6699, 499, ' Dirwemna'),
(6700, 347, ' Iwur'),
(6701, 347, ' Kawor'),
(6702, 347, ' Tarup'),
(6703, 347, ' Awinbon'),
(6704, 347, ' Oksibil'),
(6705, 347, ' Pepera'),
(6706, 347, ' Alemsom'),
(6707, 347, ' Serambakon'),
(6708, 347, ' Kolomdol'),
(6709, 347, ' Oksop'),
(6710, 347, ' Ok Bape'),
(6711, 347, ' Ok Aon'),
(6712, 347, ' Borme'),
(6713, 347, ' Bime'),
(6714, 347, ' Epumek'),
(6715, 347, ' Weime'),
(6716, 347, ' Pamek'),
(6717, 347, ' Nongme'),
(6718, 347, ' Batani'),
(6719, 347, ' Okbi'),
(6720, 347, ' Aboy'),
(6721, 347, ' Okbab'),
(6722, 347, ' Teiraplu'),
(6723, 347, ' Yefta'),
(6724, 347, ' Kiwirok'),
(6725, 347, ' Kiwirok Timur'),
(6726, 347, ' Oksebang'),
(6727, 347, ' Okhika'),
(6728, 347, ' Oklip'),
(6729, 347, ' Oksamol'),
(6730, 347, ' Okbemta'),
(6731, 347, ' Batom'),
(6732, 347, ' Murkim'),
(6733, 347, ' Mofinop'),
(6734, 484, ' Kanggime'),
(6735, 484, ' Woniki'),
(6736, 484, ' Nabunage'),
(6737, 484, ' Gilubandu'),
(6738, 484, ' Wakuo'),
(6739, 484, ' Karubaga'),
(6740, 484, ' Goyage'),
(6741, 484, ' Wunin'),
(6742, 484, ' Kondaga'),
(6743, 484, ' Nelawi'),
(6744, 484, ' Kuari'),
(6745, 484, ' Bokondini'),
(6746, 484, ' Bokoneri'),
(6747, 484, ' Bewani'),
(6748, 484, ' Kembu'),
(6749, 484, ' Wina'),
(6750, 484, ' Umagi'),
(6751, 484, ' Panaga'),
(6752, 484, ' Poganeri'),
(6753, 484, ' Kamboneri'),
(6754, 484, ' Air Garam'),
(6755, 484, ' Dow'),
(6756, 484, ' Wari / Taiyeve'),
(6757, 484, ' Egiam'),
(6758, 484, ' Nunggawi'),
(6759, 484, ' Kubu'),
(6760, 484, ' Geya'),
(6761, 484, ' Numba'),
(6762, 484, ' Dundu'),
(6763, 484, ' Gundagi'),
(6764, 484, ' Timori'),
(6765, 484, ' Yuneri'),
(6766, 484, ' Tagineri'),
(6767, 484, ' Dorman'),
(6768, 484, ' Sbey'),
(6769, 392, ' Pantai Timur Bagian Barat'),
(6770, 392, ' Pantai Timur'),
(6771, 392, ' Bonggo'),
(6772, 392, ' Bonggo Timur'),
(6773, 392, ' Tor Atas'),
(6774, 392, ' Sarmi'),
(6775, 392, ' Sarmi Timur'),
(6776, 392, ' Sarmi Selatan'),
(6777, 392, ' Pantai Barat'),
(6778, 392, ' Apawer Hulu'),
(6779, 180, ' Web'),
(6780, 180, ' Towe Hitam'),
(6781, 180, ' Senggi'),
(6782, 180, ' Waris'),
(6783, 180, ' Arso'),
(6784, 180, ' Arso Timur'),
(6785, 180, ' Skanto'),
(6786, 495, ' Waropen Bawah'),
(6787, 495, ' Inggerus'),
(6788, 495, ' Urei Faisei'),
(6789, 495, ' Oudate'),
(6790, 495, ' Wapoga'),
(6791, 495, ' Masirei'),
(6792, 495, ' Risei Sayati'),
(6793, 495, ' Demba'),
(6794, 495, ' Walani'),
(6795, 495, ' Kirihi'),
(6796, 443, ' Supiori Selatan'),
(6797, 443, ' Kepulauan Aruri'),
(6798, 443, ' Supiori Utara'),
(6799, 443, ' Supiori Barat'),
(6800, 443, ' Supiori Timur'),
(6801, 263, ' Waropen Atas'),
(6802, 263, ' Benuki'),
(6803, 263, ' Sawai'),
(6804, 263, ' Mamberamo Ilir'),
(6805, 263, ' Mamberamo Tengah'),
(6806, 263, ' Mamberamo Tengah Timur'),
(6807, 263, ' Rofaer'),
(6808, 263, ' Mamberamo Ulu'),
(6809, 303, ' Wosak'),
(6810, 303, ' Kenyam'),
(6811, 303, ' Geselma'),
(6812, 303, ' Mapenduma'),
(6813, 303, ' Mugi'),
(6814, 303, ' Yigi'),
(6815, 303, ' Mbuwa'),
(6816, 303, ' Gearek'),
(6817, 231, ' Makki'),
(6818, 231, ' Pirime'),
(6819, 231, ' Tiom'),
(6820, 231, ' Balingga'),
(6821, 231, ' Kuyawage'),
(6822, 231, ' Malagaineri'),
(6823, 231, ' Tiomneri'),
(6824, 231, ' Dimba'),
(6825, 231, ' Gamelia'),
(6826, 231, ' Poga'),
(6827, 264, ' Kobakma'),
(6828, 264, ' Ilugwa'),
(6829, 264, ' Kelila'),
(6830, 264, ' Eragayam'),
(6831, 264, ' Megambilis'),
(6832, 500, ' Welarek'),
(6833, 500, ' Apalapsili'),
(6834, 500, ' Abenaho'),
(6835, 500, ' Elelim'),
(6836, 500, ' Benawa'),
(6837, 373, ' Agadugume'),
(6838, 373, ' Gome'),
(6839, 373, ' Ilaga'),
(6840, 373, ' Sinak'),
(6841, 373, ' Pogoma'),
(6842, 373, ' Wangbe'),
(6843, 373, ' Beoga'),
(6844, 373, ' Doufo'),
(6845, 117, ' Sukikai Selatan'),
(6846, 117, ' Piyaiye'),
(6847, 117, ' Mapia Barat'),
(6848, 117, ' Mapia Tengah'),
(6849, 117, ' Mapia'),
(6850, 117, ' Dogiyai'),
(6851, 117, ' Kamu Selatan'),
(6852, 117, ' Kamu'),
(6853, 117, ' Kamu Timur'),
(6854, 117, ' Kamu Utara'),
(6855, 150, ' Homeyo'),
(6856, 150, ' Sugapa'),
(6857, 150, ' Hitadipa'),
(6858, 150, ' Agisiga'),
(6859, 150, ' Biandoga'),
(6860, 150, ' Wandai'),
(6861, 111, ' Kapiraya'),
(6862, 111, ' Tigi Barat'),
(6863, 111, ' Tigi'),
(6864, 111, ' Tigi Timur'),
(6865, 111, ' Bowobado'),
(6866, 158, ' Muara Tami'),
(6867, 158, ' Abepura'),
(6868, 158, ' Heram'),
(6869, 158, ' Jayapura Selatan'),
(6870, 158, ' Jayapura Utara');

-- --------------------------------------------------------

--
-- Struktur dari tabel `keranjang`
--

CREATE TABLE `keranjang` (
  `id_keranjang` int(11) NOT NULL,
  `id_user` int(11) NOT NULL,
  `id_produk` int(11) NOT NULL,
  `catatan` text NOT NULL,
  `kuantitas` int(11) NOT NULL,
  `status` int(1) NOT NULL
) ENGINE=InnoDB DEFAULT CHARSET=latin1;

-- --------------------------------------------------------

--
-- Struktur dari tabel `menu`
--

CREATE TABLE `menu` (
  `id` int(11) NOT NULL,
  `menu` varchar(100) NOT NULL,
  `title` varchar(128) NOT NULL,
  `icon` varchar(128) NOT NULL,
  `tipe` int(1) NOT NULL,
  `urutan` int(11) NOT NULL,
  `is_active` int(1) NOT NULL
) ENGINE=MyISAM DEFAULT CHARSET=utf8;

--
-- Dumping data untuk tabel `menu`
--

INSERT INTO `menu` (`id`, `menu`, `title`, `icon`, `tipe`, `urutan`, `is_active`) VALUES
(7, 'dashboard', 'Dashboard', 'fas fa-tachometer-alt', 1, 1, 1),
(20, 'sistem', 'Modul system', 'fas fa-cogs', 2, 7, 1),
(89, 'kasir', 'kasir', 'fas fa-shopping-basket', 1, 3, 1),
(24, 'master', 'Data Master', 'fas fa-folder-open', 2, 8, 1),
(25, 'home', 'Home', 'fas fa-user', 1, 2, 1),
(73, 'produk', 'Management Produk', 'fas fa-box', 2, 4, 1),
(77, 'laporan', 'Laporan', 'fas fa-file-alt', 2, 9, 1),
(79, 'setting', 'Settings', 'fas fa-fw fa fa-cogs', 2, 10, 1),
(87, 'transaksi', 'transaksi', 'fas fa-shopping-cart', 2, 5, 1),
(90, 'ulasan', 'review pembeli', 'fas fa-fw fa-star', 1, 6, 1),
(92, 'qrcode', 'QR Code', 'fas fa-fw fa-qrcode', 1, 11, 1);

-- --------------------------------------------------------

--
-- Struktur dari tabel `notifikasi`
--

CREATE TABLE `notifikasi` (
  `id` int(11) NOT NULL,
  `judul` varchar(100) NOT NULL,
  `subjudul` varchar(128) NOT NULL,
  `link` varchar(100) NOT NULL,
  `icon` varchar(50) NOT NULL,
  `tgl_buat` datetime DEFAULT NULL,
  `id_user` int(11) NOT NULL
) ENGINE=MyISAM DEFAULT CHARSET=utf8;

--
-- Dumping data untuk tabel `notifikasi`
--

INSERT INTO `notifikasi` (`id`, `judul`, `subjudul`, `link`, `icon`, `tgl_buat`, `id_user`) VALUES
(89, 'Pesanan Dikirim', '521627581261', 'riwayat/pesanan/detail/521627581261', 'fas fa-truck-loading', '2021-08-14 10:10:04', 52),
(88, 'Pesanan Diterima', '521627613745', 'riwayat/pesanan/detail/521627613745', 'fas fa-check', '2021-07-30 19:02:50', 52),
(84, 'Pesanan Selesai', '521627580282', 'riwayat/booking/detail/521627580282', 'fas fa-box-open', '2021-07-30 13:17:45', 52),
(85, 'Pesanan Diterima', '521627613578', 'riwayat/booking/detail/521627613578', 'fas fa-check', '2021-07-30 13:18:02', 52),
(39, 'Pesanan Diterima', '21627009011', 'riwayat/booking/detail/21627009011', 'fas fa-check', '2021-07-23 10:57:39', 2),
(86, 'Pesanan Selesai', '521627613578', 'riwayat/booking/detail/521627613578', 'fas fa-box-open', '2021-07-30 13:18:11', 52),
(87, 'Pesanan Ditolak', '521627613633', 'riwayat/booking/detail/521627613633', 'fas fa-ban', '2021-07-30 13:19:23', 52);

-- --------------------------------------------------------

--
-- Struktur dari tabel `pengaturan`
--

CREATE TABLE `pengaturan` (
  `id` int(11) NOT NULL,
  `key` varchar(225) NOT NULL,
  `konten` text NOT NULL
) ENGINE=MyISAM DEFAULT CHARSET=utf8;

--
-- Dumping data untuk tabel `pengaturan`
--

INSERT INTO `pengaturan` (`id`, `key`, `konten`) VALUES
(1, 'nama_toko', 'Coffe Shop'),
(2, 'logo_toko', 'logo_toko.jpeg'),
(3, 'wa_toko', '083107396037'),
(4, 'email_toko', 'vdfsfg@gmail.com'),
(5, 'alamat_toko', '{\"prov\":\"9\",\"kab\":\"211\",\"kec\":\"2202\",\"detail_alamat\":\"Belakang SMK Pertiwi Kuningan\"}'),
(6, 'embed_map_toko', 'https://www.google.com/maps/embed?pb=!1m18!1m12!1m3!1d3973.5163396534954!2d119.46124341426685!3d-5.1811866962403315!2m3!1f0!2f0!3f0!3m2!1i1024!2i768!4f13.1!3m3!1m2!1s0x2dbee36c6bc89d4d%3A0x9bf868590377e776!2sKafe%20Pagihari%20-%20coffee%20%26%20tea!5e0!3m2!1sid!2sid!4v1620315004899!5m2!1sid!2sid'),
(7, 'email_config', '{\"smtp_host\":\"ssl://smtp.googlemail.com\",\"smtp_port\":\"465\",\"smtp_username\":\"topngpengembang@gmail.com\",\"smtp_password\":\"AkunFake987\",\"smtp_encryption\":\"\",\"from_address\":\"topngpengembang@gmail.com\",\"from_name\":\"Coffe Shop\"}');

-- --------------------------------------------------------

--
-- Struktur dari tabel `pesanan`
--

CREATE TABLE `pesanan` (
  `id_pesanan` bigint(20) NOT NULL,
  `id_user` int(11) NOT NULL,
  `bayar` int(11) NOT NULL,
  `ongkir` int(11) NOT NULL,
  `total_bayar` int(11) NOT NULL,
  `kurir` varchar(200) NOT NULL,
  `layanan` varchar(200) NOT NULL,
  `resi` varchar(200) NOT NULL,
  `status` varchar(128) NOT NULL,
  `opsi_beli` int(1) NOT NULL,
  `nilai` tinyint(1) NOT NULL,
  `catatan_penjual` text NOT NULL,
  `catatan_pembeli` text NOT NULL,
  `data_penerima` text NOT NULL,
  `tgl_buat_pesanan` datetime DEFAULT NULL,
  `tgl_bayar_pesanan` datetime DEFAULT NULL,
  `tgl_kirim_pesanan` datetime DEFAULT NULL,
  `tgl_selesai_pesanan` datetime DEFAULT NULL,
  `tgl_batal_pesanan` datetime DEFAULT NULL,
  `dihapus_penjual` int(1) NOT NULL,
  `dihapus_pembeli` int(1) NOT NULL
) ENGINE=MyISAM DEFAULT CHARSET=utf8;

--
-- Dumping data untuk tabel `pesanan`
--

INSERT INTO `pesanan` (`id_pesanan`, `id_user`, `bayar`, `ongkir`, `total_bayar`, `kurir`, `layanan`, `resi`, `status`, `opsi_beli`, `nilai`, `catatan_penjual`, `catatan_pembeli`, `data_penerima`, `tgl_buat_pesanan`, `tgl_bayar_pesanan`, `tgl_kirim_pesanan`, `tgl_selesai_pesanan`, `tgl_batal_pesanan`, `dihapus_penjual`, `dihapus_pembeli`) VALUES
(951626271375, 95, 15000, 8000, 23000, 'jne', 'OKE(Ongkos Kirim Ekonomis)', '8827722030541463', 'selesai', 1, 0, '', '', '{\"customer\":{\"name\":\"Wkwk Awokawok\",\"phone\":\"0895336368076\"},\"address\":{\"prov\":\"9\",\"kab\":\"108\",\"kec\":\"2229\",\"kode_pos\":\"23124\",\"detail\":\"desa durajaya\"}}', '2021-07-14 21:02:55', '2021-07-14 21:03:23', '2021-07-14 22:18:02', '2021-07-14 22:25:19', NULL, 1, 0),
(951626276602, 95, 60000, 0, 60000, '', '-', '', 'selesai', 2, 0, 'Terimakasih Telah Berbelanja Dikami', '', '{\"customer\":{\"name\":\"Wkwk Awokawok\",\"phone\":\"0895336368076\"},\"address\":{\"prov\":\"\",\"kab\":\"\",\"kec\":\"\",\"kode_pos\":\"\",\"detail\":\"\"}}', '2021-07-14 22:30:02', '2021-07-14 22:30:42', NULL, '2021-07-14 22:53:46', NULL, 0, 0),
(951626277159, 95, 15000, 15000, 30000, 'jne', 'OKE(Ongkos Kirim Ekonomis)', '8823902066238952', 'selesai', 1, 0, '', '', '{\"customer\":{\"name\":\"Wkwk Awokawok\",\"phone\":\"0895336368076\"},\"address\":{\"prov\":\"9\",\"kab\":\"34\",\"kec\":\"2546\",\"kode_pos\":\"23124\",\"detail\":\"dffgdf\"}}', '2021-07-14 22:39:19', '2021-07-14 22:39:44', '2021-07-14 22:58:56', '2021-07-14 23:43:20', NULL, 0, 0),
(951626277219, 95, 30000, 0, 30000, '', '-', '', 'selesai', 2, 0, 'Terimakasih Telah Berbelanja Dikami', '', '{\"customer\":{\"name\":\"Wkwk Awokawok\",\"phone\":\"0895336368076\"},\"address\":{\"prov\":\"\",\"kab\":\"\",\"kec\":\"\",\"kode_pos\":\"\",\"detail\":\"\"}}', '2021-07-14 22:40:19', '2021-07-14 22:42:24', NULL, '2021-07-14 22:53:39', NULL, 0, 0),
(361626277953, 36, 23000, 0, 23000, '', '', '', 'selesai', 0, 0, '', '', '{\"customer\":{\"name\":\"offline\",\"phone\":\"0\"},\"address\":{\"prov\":\"\",\"kab\":\"\",\"kec\":\"\",\"kode_pos\":\"\",\"detail\":\"\"}}', '2021-07-14 22:52:33', '2021-07-14 22:52:33', '2021-07-14 22:52:33', '2021-07-14 22:52:33', NULL, 0, 0),
(971626279465, 97, 25500, 10000, 35500, 'tiki', 'REG(Regular Service)', '8823902066238952', 'selesai', 1, 1, '', '', '{\"customer\":{\"name\":\"Wkwk Awokawok\",\"phone\":\"0895336368076\"},\"address\":{\"prov\":\"6\",\"kab\":\"154\",\"kec\":\"1894\",\"kode_pos\":\"23124\",\"detail\":\"dssdddddddddd\"}}', '2021-07-14 23:17:45', '2021-07-14 23:19:24', '2021-07-14 23:26:43', '2021-07-14 23:43:25', NULL, 0, 1),
(971626280496, 97, 25500, 0, 25500, '', '-', '', 'selesai', 2, 0, 'Terimakasih Telah Berbelanja Dikami', '', '{\"customer\":{\"name\":\"Wkwk Awokawok\",\"phone\":\"0895336368076\"},\"address\":{\"prov\":\"\",\"kab\":\"\",\"kec\":\"\",\"kode_pos\":\"\",\"detail\":\"\"}}', '2021-07-14 23:34:56', '2021-07-14 23:38:15', NULL, '2021-07-14 23:42:46', NULL, 0, 1),
(521626284889, 52, 15000, 0, 15000, 'jne', 'REG(Regular Service)', '8823902066238952', 'selesai', 1, 1, '', '', '{\"customer\":{\"name\":\"ewww\",\"phone\":\"76567\"},\"address\":{\"prov\":\"6\",\"kab\":\"155\",\"kec\":\"1920\",\"kode_pos\":\"1\",\"detail\":\"tttttttttt\"}}', '2021-07-15 00:48:09', '2021-07-15 00:48:43', '2021-07-15 00:51:19', '2021-07-15 00:54:44', NULL, 0, 1),
(521627580192, 52, 35000, 18000, 53000, 'jne', '18000,REG(Layanan Reguler)', '5647556', 'kirim', 1, 0, '', '', '{\"customer\":{\"name\":\"vdfsv\",\"phone\":\"6y56765\"},\"address\":{\"prov\":\"9\",\"kab\":\"109\",\"kec\":\"2506\",\"kode_pos\":\"765\",\"detail\":\"fddgdf\"}}', '2021-07-30 00:36:32', '2021-07-30 00:37:17', '2021-07-30 00:53:23', NULL, NULL, 0, 0),
(521627580282, 52, 23000, 0, 23000, '', '', '', 'selesai', 2, 0, 'Terimakasih Telah Berbelanja Dikami', '', '{\"customer\":{\"name\":\"fgfg\",\"phone\":\"756745\"},\"address\":{\"prov\":\"\",\"kab\":\"\",\"kec\":\"\",\"kode_pos\":\"\",\"detail\":\"\"}}', '2021-07-30 00:38:02', '2021-07-30 00:38:38', NULL, '2021-07-30 13:17:45', NULL, 0, 0),
(951626312108, 95, 74000, 0, 74000, '', '-', '', 'selesai', 2, 0, 'Terimakasih Telah Berbelanja Dikami', '', '{\"customer\":{\"name\":\"Wkwk Awokawok\",\"phone\":\"0895336368076\"},\"address\":{\"prov\":\"\",\"kab\":\"\",\"kec\":\"\",\"kode_pos\":\"\",\"detail\":\"\"}}', '2021-07-15 08:21:48', '2021-07-15 08:23:21', NULL, '2021-07-15 08:24:03', NULL, 1, 0),
(521626835437, 52, 68600, 78000, 146600, 'jne', '78000,OKE(Ongkos Kirim Ekonomis)', '8827722030541463', 'selesai', 1, 0, '', '', '{\"customer\":{\"name\":\"rtd\",\"phone\":\"6556\"},\"address\":{\"prov\":\"11\",\"kab\":\"51\",\"kec\":\"3862\",\"kode_pos\":\"564\",\"detail\":\"ty tygjg gj fh f\"}}', '2021-07-21 09:43:57', '2021-07-21 09:44:30', '2021-07-21 09:45:04', '2021-07-21 10:27:34', NULL, 0, 1),
(361627006600, 36, 35000, 0, 35000, '', '', '', 'selesai', 0, 0, '', '', '{\"customer\":{\"name\":\"offline\",\"phone\":\"0\"},\"address\":{\"prov\":\"\",\"kab\":\"\",\"kec\":\"\",\"kode_pos\":\"\",\"detail\":\"\"}}', '2021-07-23 09:16:40', '2021-07-23 09:16:40', '2021-07-23 09:16:40', '2021-07-23 09:16:40', NULL, 0, 0),
(21627009011, 2, 67300, 0, 67300, '', '', '', 'terima', 0, 0, '', '', '{\"customer\":{\"name\":\"Muhammad Alhiqny\",\"phone\":\"0\"},\"address\":{\"prov\":\"\",\"kab\":\"\",\"kec\":\"\",\"kode_pos\":\"\",\"detail\":\"\"}}', '2021-07-23 09:56:51', '2021-07-23 09:56:51', '2021-07-23 09:56:51', '2021-07-23 09:56:51', NULL, 0, 0),
(521627011903, 52, 43300, 0, 43300, '', '', '', 'selesai', 0, 0, '', '', '{\"customer\":{\"name\":\"user\",\"phone\":\"0\"},\"address\":{\"prov\":\"\",\"kab\":\"\",\"kec\":\"\",\"kode_pos\":\"\",\"detail\":\"\"}}', '2021-07-23 10:45:03', '2021-07-23 10:45:03', '2021-07-23 10:45:03', '2021-07-23 10:57:24', NULL, 0, 0),
(521627529515, 52, 20000, 8000, 28000, 'jne', '8000,OKE(Ongkos Kirim Ekonomis)', '0112852015879892', 'kirim', 1, 0, '', '', '{\"customer\":{\"name\":\"dfsf\",\"phone\":\"656\"},\"address\":{\"prov\":\"9\",\"kab\":\"108\",\"kec\":\"2229\",\"kode_pos\":\"6554\",\"detail\":\"ftgfdh dfh\"}}', '2021-07-29 10:31:55', '2021-07-29 10:32:34', '2021-07-29 14:26:55', NULL, NULL, 0, 0),
(521627035237, 52, 55800, 0, 55800, '', '', '', 'selesai', 0, 0, '', '', '{\"customer\":{\"name\":\"abror\",\"phone\":\"0\"},\"address\":{\"prov\":\"\",\"kab\":\"\",\"kec\":\"\",\"kode_pos\":\"\",\"detail\":\"\"}}', '2021-07-23 17:13:57', '2021-07-23 17:13:57', '2021-07-23 17:13:57', '2021-07-23 17:15:57', NULL, 0, 0),
(361627578420, 36, 47000, 0, 47000, '', '', '', 'selesai', 0, 0, '', '', '{\"customer\":{\"name\":\"offline\",\"phone\":\"0\"},\"address\":{\"prov\":\"\",\"kab\":\"\",\"kec\":\"\",\"kode_pos\":\"\",\"detail\":\"\"}}', '2021-07-30 00:07:00', '2021-07-30 00:07:00', '2021-07-30 00:07:00', '2021-07-30 00:07:00', NULL, 0, 0),
(521627036490, 52, 24300, 0, 24300, '', '', '', 'selesai', 0, 0, '', '', '{\"customer\":{\"name\":\"Bil\",\"phone\":\"0\"},\"address\":{\"prov\":\"\",\"kab\":\"\",\"kec\":\"\",\"kode_pos\":\"\",\"detail\":\"\"}}', '2021-07-23 17:34:50', '2021-07-23 17:34:50', '2021-07-23 17:34:50', '2021-07-23 17:35:19', NULL, 0, 0),
(521627046846, 52, 25500, 0, 25500, '', '', '', 'selesai', 2, 0, '', '', '{\"customer\":{\"name\":\"Wkwk\",\"phone\":\"0895336368076\"},\"address\":{\"prov\":\"\",\"kab\":\"\",\"kec\":\"\",\"kode_pos\":\"\",\"detail\":\"\"}}', '2021-07-23 20:27:26', '2021-07-23 20:27:50', NULL, '2021-07-23 20:35:17', NULL, 0, 1),
(521627047612, 52, 20000, 0, 20000, '', '', '', 'selesai', 2, 0, '', '', '{\"customer\":{\"name\":\"Wkwk\",\"phone\":\"0895336368076\"},\"address\":{\"prov\":\"\",\"kab\":\"\",\"kec\":\"\",\"kode_pos\":\"\",\"detail\":\"\"}}', '2021-07-23 20:40:12', '2021-07-23 20:40:38', NULL, '2021-07-23 20:47:39', NULL, 0, 1),
(521627048232, 52, 24300, 0, 24300, '', '', '', 'selesai', 2, 0, '', '', '{\"customer\":{\"name\":\"Wkwk\",\"phone\":\"098576747\"},\"address\":{\"prov\":\"\",\"kab\":\"\",\"kec\":\"\",\"kode_pos\":\"\",\"detail\":\"\"}}', '2021-07-23 20:50:32', '2021-07-23 20:50:56', NULL, '2021-07-23 20:51:29', NULL, 0, 0),
(521627049400, 52, 24300, 0, 24300, '', '', '', 'selesai', 2, 0, '', '', '{\"customer\":{\"name\":\"Wkwk\",\"phone\":\"655375\"},\"address\":{\"prov\":\"\",\"kab\":\"\",\"kec\":\"\",\"kode_pos\":\"\",\"detail\":\"\"}}', '2021-07-23 21:10:00', '2021-07-23 21:10:34', NULL, '2021-07-23 21:11:04', NULL, 0, 0),
(521627049505, 52, 15000, 0, 15000, '', '', '', 'tolak', 2, 0, '', '', '{\"customer\":{\"name\":\"Wkwk\",\"phone\":\"0895336368076\"},\"address\":{\"prov\":\"\",\"kab\":\"\",\"kec\":\"\",\"kode_pos\":\"\",\"detail\":\"\"}}', '2021-07-23 21:11:45', '2021-07-23 21:12:03', NULL, NULL, NULL, 0, 1),
(521627049929, 52, 31500, 15000, 46500, 'jne', '15000,OKE(Ongkos Kirim Ekonomis)', '597830475724764433', 'selesai', 1, 0, '', '', '{\"customer\":{\"name\":\"Wkwk\",\"phone\":\"0895336368076\"},\"address\":{\"prov\":\"5\",\"kab\":\"419\",\"kec\":\"3175\",\"kode_pos\":\"23124\",\"detail\":\"gfhdghf fggh\"}}', '2021-07-23 21:18:49', '2021-07-23 21:19:07', '2021-07-23 21:41:47', '2021-07-23 21:45:05', NULL, 0, 1),
(521627052880, 52, 24300, 0, 24300, '', '', '', 'selesai', 0, 0, '', '', '{\"customer\":{\"name\":\"Dera\",\"phone\":\"0\"},\"address\":{\"prov\":\"\",\"kab\":\"\",\"kec\":\"\",\"kode_pos\":\"\",\"detail\":\"\"}}', '2021-07-23 22:08:00', '2021-07-23 22:08:00', '2021-07-23 22:08:00', '2021-07-23 22:42:22', NULL, 1, 0),
(521627055024, 52, 47300, 0, 47300, '', '', '', 'selesai', 0, 0, '', '', '{\"customer\":{\"name\":\"Ratna\",\"phone\":\"0\"},\"address\":{\"prov\":\"\",\"kab\":\"\",\"kec\":\"\",\"kode_pos\":\"\",\"detail\":\"\"}}', '2021-07-23 22:43:44', '2021-07-23 22:43:44', '2021-07-23 22:43:44', '2021-07-23 22:48:09', NULL, 1, 0),
(361627055624, 36, 23000, 0, 23000, '', '', '', 'selesai', 0, 0, '', '', '{\"customer\":{\"name\":\"offline\",\"phone\":\"0\"},\"address\":{\"prov\":\"\",\"kab\":\"\",\"kec\":\"\",\"kode_pos\":\"\",\"detail\":\"\"}}', '2021-07-23 22:53:44', '2021-07-23 22:53:44', '2021-07-23 22:53:44', '2021-07-23 22:53:44', NULL, 0, 0),
(521627062793, 52, 24300, 0, 24300, '', '', '', 'selesai', 0, 0, '', '', '{\"customer\":{\"name\":\"Ratna\",\"phone\":\"0\"},\"address\":{\"prov\":\"\",\"kab\":\"\",\"kec\":\"\",\"kode_pos\":\"\",\"detail\":\"\"}}', '2021-07-24 00:53:13', '2021-07-24 00:53:13', '2021-07-24 00:53:13', '2021-07-25 10:09:14', NULL, 0, 0),
(521627062873, 52, 24300, 0, 24300, '', '', '', 'selesai', 0, 0, '', '', '{\"customer\":{\"name\":\"Ratna\",\"phone\":\"0\"},\"address\":{\"prov\":\"\",\"kab\":\"\",\"kec\":\"\",\"kode_pos\":\"\",\"detail\":\"\"}}', '2021-07-24 00:54:33', '2021-07-24 00:54:33', '2021-07-24 00:54:33', '2021-07-25 10:09:22', NULL, 0, 0),
(21627062895, 2, 24300, 0, 24300, '', '', '', 'selesai', 0, 0, '', '', '{\"customer\":{\"name\":\"Dina\",\"phone\":\"0\"},\"address\":{\"prov\":\"\",\"kab\":\"\",\"kec\":\"\",\"kode_pos\":\"\",\"detail\":\"\"}}', '2021-07-24 00:54:55', '2021-07-24 00:54:55', '2021-07-24 00:54:55', '2021-07-25 10:09:33', NULL, 0, 0),
(361627182855, 36, 32000, 0, 32000, '', '', '', 'selesai', 0, 0, '', '', '{\"customer\":{\"name\":\"offline\",\"phone\":\"0\"},\"address\":{\"prov\":\"\",\"kab\":\"\",\"kec\":\"\",\"kode_pos\":\"\",\"detail\":\"\"}}', '2021-07-25 10:14:15', '2021-07-25 10:14:15', '2021-07-25 10:14:15', '2021-07-25 10:14:15', NULL, 0, 0),
(521627436091, 52, 49800, 0, 49800, '', '', '', 'selesai', 0, 0, '', '', '{\"customer\":{\"name\":\"abror\",\"phone\":\"0\"},\"address\":{\"prov\":\"\",\"kab\":\"\",\"kec\":\"\",\"kode_pos\":\"\",\"detail\":\"\"}}', '2021-07-28 08:34:51', '2021-07-28 08:34:51', '2021-07-28 08:34:51', '2021-07-28 08:38:27', NULL, 1, 0),
(521627436138, 52, 49800, 0, 49800, '', '', '', 'selesai', 0, 0, '', '', '{\"customer\":{\"name\":\"abror\",\"phone\":\"0\"},\"address\":{\"prov\":\"\",\"kab\":\"\",\"kec\":\"\",\"kode_pos\":\"\",\"detail\":\"\"}}', '2021-07-28 08:35:38', '2021-07-28 08:35:38', '2021-07-28 08:35:38', '2021-07-28 08:38:31', NULL, 1, 0),
(521627436522, 52, 39000, 24000, 63000, 'jne', '24000,OKE(Ongkos Kirim Ekonomis)', '676767u', 'selesai', 1, 0, '', '', '{\"customer\":{\"name\":\"Wkwk\",\"phone\":\"0895336368076\"},\"address\":{\"prov\":\"9\",\"kab\":\"24\",\"kec\":\"2440\",\"kode_pos\":\"23124\",\"detail\":\"ghdfghdffgh\"}}', '2021-07-28 08:42:02', '2021-07-28 08:44:15', '2021-07-28 08:48:01', '2021-07-28 08:48:07', NULL, 0, 1),
(521627436700, 52, 24000, 0, 24000, '', '', '', 'selesai', 2, 0, 'Terimakasih Telah Berbelanja Dikami', '', '{\"customer\":{\"name\":\"Wkwk\",\"phone\":\"5634546\"},\"address\":{\"prov\":\"\",\"kab\":\"\",\"kec\":\"\",\"kode_pos\":\"\",\"detail\":\"\"}}', '2021-07-28 08:45:00', '2021-07-28 08:45:44', NULL, '2021-07-28 08:48:33', NULL, 0, 0),
(361627436940, 36, 23000, 0, 23000, '', '', '', 'selesai', 0, 0, '', '', '{\"customer\":{\"name\":\"offline\",\"phone\":\"0\"},\"address\":{\"prov\":\"\",\"kab\":\"\",\"kec\":\"\",\"kode_pos\":\"\",\"detail\":\"\"}}', '2021-07-28 08:49:00', '2021-07-28 08:49:00', '2021-07-28 08:49:00', '2021-07-28 08:49:00', NULL, 0, 0),
(521627484180, 52, 43000, 0, 43000, '', '', '', 'selesai', 2, 0, 'Terimakasih Telah Berbelanja Dikami', '', '{\"customer\":{\"name\":\"gfds\",\"phone\":\"765647\"},\"address\":{\"prov\":\"\",\"kab\":\"\",\"kec\":\"\",\"kode_pos\":\"\",\"detail\":\"\"}}', '2021-07-28 21:56:20', '2021-07-28 21:57:56', NULL, '2021-07-28 22:46:30', NULL, 1, 0),
(361627578392, 36, 23000, 0, 23000, '', '', '', 'selesai', 0, 0, '', '', '{\"customer\":{\"name\":\"offline\",\"phone\":\"0\"},\"address\":{\"prov\":\"\",\"kab\":\"\",\"kec\":\"\",\"kode_pos\":\"\",\"detail\":\"\"}}', '2021-07-30 00:06:32', '2021-07-30 00:06:32', '2021-07-30 00:06:32', '2021-07-30 00:06:32', NULL, 0, 0),
(521627487491, 52, 25500, 0, 25500, '', '', '', 'selesai', 2, 0, '', '', '{\"customer\":{\"name\":\"543\",\"phone\":\"765654\"},\"address\":{\"prov\":\"\",\"kab\":\"\",\"kec\":\"\",\"kode_pos\":\"\",\"detail\":\"\"}}', '2021-07-28 22:51:31', '2021-07-28 22:51:55', NULL, '2021-07-28 22:54:46', NULL, 1, 0),
(361627577529, 36, 23000, 0, 23000, '', '', '', 'selesai', 0, 0, '', '', '{\"customer\":{\"name\":\"offline\",\"phone\":\"0\"},\"address\":{\"prov\":\"\",\"kab\":\"\",\"kec\":\"\",\"kode_pos\":\"\",\"detail\":\"\"}}', '2021-07-29 23:52:09', '2021-07-29 23:52:09', '2021-07-29 23:52:09', '2021-07-29 23:52:09', NULL, 0, 0),
(361627577984, 36, 23000, 0, 23000, '', '', '', 'selesai', 0, 0, '', '', '{\"customer\":{\"name\":\"offline\",\"phone\":\"0\"},\"address\":{\"prov\":\"\",\"kab\":\"\",\"kec\":\"\",\"kode_pos\":\"\",\"detail\":\"\"}}', '2021-07-29 23:59:44', '2021-07-29 23:59:44', '2021-07-29 23:59:44', '2021-07-29 23:59:44', NULL, 0, 0),
(521627488478, 52, 20000, 13000, 33000, 'jne', '13000,REG(Layanan Reguler)', '', 'tolak', 1, 0, 'pembayaran tidak valid', '', '{\"customer\":{\"name\":\"rtr\",\"phone\":\"5654\"},\"address\":{\"prov\":\"6\",\"kab\":\"153\",\"kec\":\"1884\",\"kode_pos\":\"7657\",\"detail\":\"dffgddfg\"}}', '2021-07-28 23:07:58', '2021-07-29 10:30:35', NULL, NULL, NULL, 0, 0),
(521627488595, 52, 20000, 9000, 29000, 'jne', '9000,REG(Layanan Reguler)', '12345678', 'selesai', 1, 0, '', '', '{\"customer\":{\"name\":\"565456\",\"phone\":\"rftygrtg\"},\"address\":{\"prov\":\"9\",\"kab\":\"109\",\"kec\":\"2507\",\"kode_pos\":\"567564\",\"detail\":\"rtgfdh\"}}', '2021-07-28 23:09:55', '2021-07-28 23:10:34', '2021-07-28 23:22:11', '2021-07-28 23:26:31', NULL, 0, 0),
(521627581261, 52, 45500, 38000, 83500, 'jne', '38000,REG(Layanan Reguler)', '597830475724764', 'kirim', 1, 0, '', '', '{\"customer\":{\"name\":\"fdsd\",\"phone\":\"5656543\"},\"address\":{\"prov\":\"5\",\"kab\":\"419\",\"kec\":\"3173\",\"kode_pos\":\"6747\",\"detail\":\"dfghdffg fdgh\"}}', '2021-07-30 00:54:21', '2021-07-30 00:54:41', '2021-08-14 10:10:04', NULL, NULL, 0, 0),
(361627581322, 36, 12000, 0, 12000, '', '', '', 'selesai', 0, 0, '', '', '{\"customer\":{\"name\":\"offline\",\"phone\":\"0\"},\"address\":{\"prov\":\"\",\"kab\":\"\",\"kec\":\"\",\"kode_pos\":\"\",\"detail\":\"\"}}', '2021-07-30 00:55:22', '2021-07-30 00:55:22', '2021-07-30 00:55:22', '2021-07-30 00:55:22', NULL, 0, 0),
(361627581345, 36, 35000, 0, 35000, '', '', '', 'selesai', 0, 0, '', '', '{\"customer\":{\"name\":\"offline\",\"phone\":\"0\"},\"address\":{\"prov\":\"\",\"kab\":\"\",\"kec\":\"\",\"kode_pos\":\"\",\"detail\":\"\"}}', '2021-07-30 00:55:45', '2021-07-30 00:55:45', '2021-07-30 00:55:45', '2021-07-30 00:55:45', NULL, 0, 0),
(361627581796, 36, 87000, 0, 87000, '', '', '', 'selesai', 0, 0, '', '', '{\"customer\":{\"name\":\"offline\",\"phone\":\"0\"},\"address\":{\"prov\":\"\",\"kab\":\"\",\"kec\":\"\",\"kode_pos\":\"\",\"detail\":\"\"}}', '2021-07-30 01:03:16', '2021-07-30 01:03:16', '2021-07-30 01:03:16', '2021-07-30 01:03:16', NULL, 0, 0),
(521627581956, 52, 72800, 0, 72800, '', '', '', 'selesai', 0, 0, '', '', '{\"customer\":{\"name\":\"user1\",\"phone\":\"0\"},\"address\":{\"prov\":\"\",\"kab\":\"\",\"kec\":\"\",\"kode_pos\":\"\",\"detail\":\"\"}}', '2021-07-30 01:05:56', '2021-07-30 01:05:56', '2021-07-30 01:05:56', '2021-07-30 01:06:43', NULL, 0, 0),
(521627613578, 52, 100000, 0, 100000, '', '', '', 'selesai', 2, 0, 'Terimakasih Telah Berbelanja Dikami', '', '{\"customer\":{\"name\":\"ghgh\",\"phone\":\"6554\"},\"address\":{\"prov\":\"\",\"kab\":\"\",\"kec\":\"\",\"kode_pos\":\"\",\"detail\":\"\"}}', '2021-07-30 09:52:58', '2021-07-30 09:53:17', NULL, '2021-07-30 13:18:11', NULL, 0, 0),
(521627613633, 52, 20000, 0, 20000, '', '', '', 'tolak', 2, 0, '', '', '{\"customer\":{\"name\":\"5656\",\"phone\":\"fgght\"},\"address\":{\"prov\":\"\",\"kab\":\"\",\"kec\":\"\",\"kode_pos\":\"\",\"detail\":\"\"}}', '2021-07-30 09:53:53', '2021-07-30 09:54:49', NULL, NULL, NULL, 0, 0),
(521627613745, 52, 100000, 49000, 149000, 'jne', '49000,OKE(Ongkos Kirim Ekonomis)', '', 'terima', 1, 0, '', '', '{\"customer\":{\"name\":\"gerrg\",\"phone\":\"566\"},\"address\":{\"prov\":\"4\",\"kab\":\"65\",\"kec\":\"1447\",\"kode_pos\":\"54765\",\"detail\":\"egtrhe rh th r\"}}', '2021-07-30 09:55:45', '2021-07-30 09:57:27', NULL, NULL, NULL, 0, 0),
(361627690472, 36, 99000, 0, 99000, '', '', '', 'selesai', 0, 0, '', '', '{\"customer\":{\"name\":\"offline\",\"phone\":\"0\"},\"address\":{\"prov\":\"\",\"kab\":\"\",\"kec\":\"\",\"kode_pos\":\"\",\"detail\":\"\"}}', '2021-07-31 07:14:32', '2021-07-31 07:14:32', '2021-07-31 07:14:32', '2021-07-31 07:14:32', NULL, 0, 0),
(361628906603, 36, 23000, 0, 23000, '', '', '', 'selesai', 0, 0, '', '', '{\"customer\":{\"name\":\"offline\",\"phone\":\"0\"},\"address\":{\"prov\":\"\",\"kab\":\"\",\"kec\":\"\",\"kode_pos\":\"\",\"detail\":\"\"}}', '2021-08-14 09:03:23', '2021-08-14 09:03:23', '2021-08-14 09:03:23', '2021-08-14 09:03:23', NULL, 0, 0),
(361628907051, 36, 23000, 0, 23000, '', '', '', 'selesai', 0, 0, '', '', '{\"customer\":{\"name\":\"offline\",\"phone\":\"0\"},\"address\":{\"prov\":\"\",\"kab\":\"\",\"kec\":\"\",\"kode_pos\":\"\",\"detail\":\"\"}}', '2021-08-14 09:10:51', '2021-08-14 09:10:51', '2021-08-14 09:10:51', '2021-08-14 09:10:51', NULL, 0, 0),
(361628907272, 36, 0, 0, 0, '', '', '', 'selesai', 0, 0, '', '', '{\"customer\":{\"name\":\"offline\",\"phone\":\"0\"},\"address\":{\"prov\":\"\",\"kab\":\"\",\"kec\":\"\",\"kode_pos\":\"\",\"detail\":\"\"}}', '2021-08-14 09:14:32', '2021-08-14 09:14:32', '2021-08-14 09:14:32', '2021-08-14 09:14:32', NULL, 1, 0),
(361630830185, 36, 32000, 0, 32000, '', '', '', 'selesai', 0, 0, '', '', '{\"customer\":{\"name\":\"offline\",\"phone\":\"0\"},\"address\":{\"prov\":\"\",\"kab\":\"\",\"kec\":\"\",\"kode_pos\":\"\",\"detail\":\"\"}}', '2021-09-05 15:23:05', '2021-09-05 15:23:05', '2021-09-05 15:23:05', '2021-09-05 15:23:05', NULL, 0, 0),
(361630830377, 36, 43000, 0, 43000, '', '', '', 'selesai', 0, 0, '', '', '{\"customer\":{\"name\":\"offline\",\"phone\":\"0\"},\"address\":{\"prov\":\"\",\"kab\":\"\",\"kec\":\"\",\"kode_pos\":\"\",\"detail\":\"\"}}', '2021-09-05 15:26:17', '2021-09-05 15:26:17', '2021-09-05 15:26:17', '2021-09-05 15:26:17', NULL, 0, 0);

-- --------------------------------------------------------

--
-- Struktur dari tabel `poin`
--

CREATE TABLE `poin` (
  `id_poin` int(11) NOT NULL,
  `poin` int(11) NOT NULL,
  `id_user` int(11) NOT NULL
) ENGINE=MyISAM DEFAULT CHARSET=utf8;

--
-- Dumping data untuk tabel `poin`
--

INSERT INTO `poin` (`id_poin`, `poin`, `id_user`) VALUES
(1, 0, 79),
(2, 0, 80),
(3, 0, 81),
(4, 0, 82),
(5, 0, 83),
(6, 0, 84),
(7, 0, 85),
(8, 0, 86),
(9, 0, 87),
(10, 0, 88),
(11, 0, 89),
(12, 0, 90),
(13, 703, 52),
(14, 1, 65),
(16, 0, 36),
(17, 1, 63),
(18, 100, 66),
(19, 0, 67),
(20, 0, 78),
(21, 0, 70),
(22, 0, 90),
(23, 0, 91),
(24, 0, 92),
(25, 0, 93),
(26, 2, 95),
(27, 0, 96),
(35, 0, 105),
(29, 0, 98),
(34, 0, 104),
(33, 0, 102);

-- --------------------------------------------------------

--
-- Struktur dari tabel `produk`
--

CREATE TABLE `produk` (
  `id_produk` int(11) NOT NULL,
  `nama_produk` varchar(200) NOT NULL,
  `deskripsi_produk` text NOT NULL,
  `harga_produk` int(11) NOT NULL,
  `diskon_produk` int(11) NOT NULL,
  `total_harga_produk` int(11) NOT NULL,
  `berat_produk` int(11) NOT NULL,
  `stok_produk` int(11) NOT NULL,
  `gambar_produk` varchar(300) NOT NULL,
  `tgl_buat_produk` datetime DEFAULT NULL,
  `slug_produk` varchar(300) NOT NULL,
  `id_kategori` int(11) NOT NULL,
  `is_active` tinyint(1) NOT NULL
) ENGINE=MyISAM DEFAULT CHARSET=utf8;

--
-- Dumping data untuk tabel `produk`
--

INSERT INTO `produk` (`id_produk`, `nama_produk`, `deskripsi_produk`, `harga_produk`, `diskon_produk`, `total_harga_produk`, `berat_produk`, `stok_produk`, `gambar_produk`, `tgl_buat_produk`, `slug_produk`, `id_kategori`, `is_active`) VALUES
(1, 'Cappucion', 'kopi kopi kopi', 30000, 15, 25500, 1000, 110, 'produk_1625543268.jpg', '2021-07-06 10:47:48', 'cappucion', 14, 0),
(2, 'Latte', 'Wkwwkkwkwkw', 27000, 10, 24300, 1000, 93, 'produk_1625543358.jpg', '2021-07-06 10:49:18', 'latte', 14, 0),
(3, 'Americano', 'kopi americano merupakan kopi termahal yang ada di amerika sana', 23000, 0, 23000, 1000, 69, 'produk_1625543463.jpg', '2021-07-06 10:51:03', 'americano', 14, 0),
(4, 'Espresso', 'Kakwkwkwkksd', 25000, 20, 20000, 1000, 116, 'produk_1625543545.jpg', '2021-07-06 10:52:25', 'espresso', 14, 0),
(5, 'Kopi Tubruk', 'Aowkaojdjwd', 23000, 0, 23000, 1000, 103, 'produk_1625543647.jpg', '2021-07-06 10:54:07', 'kopi-tubruk', 15, 0),
(6, 'Kopi Susu', 'Wox eocn lsnf', 20000, 0, 20000, 1000, 107, 'produk_1625543762.jpg', '2021-07-06 10:56:02', 'kopi-susu', 15, 0),
(7, 'Caramel Latte', 'Ev wmdje ref', 35000, 10, 31500, 1000, 100, 'produk_1625543894.jpg', '2021-07-06 10:58:14', 'caramel-latte', 16, 0),
(8, 'Vanila Latte', 'W cow fkw  s', 30000, 0, 30000, 1000, 100, 'produk_1625544047.jpg', '2021-07-06 11:00:47', 'vanila-latte', 16, 0),
(9, 'Coffe Moca', 'W ckejdk esw', 30000, 5, 28500, 1000, 106, 'produk_1625544149.png', '2021-07-06 11:02:29', 'coffe-moca', 16, 0),
(10, 'Taro Latte', 'Wovwmfkekdd', 25000, 4, 24000, 1000, 102, 'produk_1625544256.jpg', '2021-07-06 11:04:16', 'taro-latte', 17, 0),
(11, 'Chocolate', 'Ekdjwjdjwjed ', 25000, 10, 22500, 1000, 100, 'produk_1625544344.jpeg', '2021-07-06 11:05:44', 'chocolate', 17, 0),
(12, 'Tea Non Sugar', 'Dkwkdkdkjc', 15000, 40, 9000, 1000, 101, 'produk_1625544454.jpg', '2021-07-06 11:07:34', 'tea-non-sugar', 18, 0),
(13, 'Green Tea', 'Jdjwjdiicie', 20000, 20, 16000, 1000, 100, 'produk_1625544528.jpeg', '2021-07-06 11:08:48', 'green-tea', 18, 0),
(14, 'Teh Tarik', 'Jdjwjucufkj', 18000, 5, 17100, 1000, 102, 'produk_1625544613.jpg', '2021-07-06 11:10:13', 'teh-tarik', 18, 0),
(15, 'Valina Milkshake', 'Jrj2ududud', 20000, 5, 19000, 1000, 100, 'produk_1625544733.jpeg', '2021-07-06 11:12:13', 'valina-milkshake', 19, 0),
(16, 'Chocolatte Milkshake', 'Krjeifjjieide', 23000, 0, 23000, 1000, 100, 'produk_1625544807.jpeg', '2021-07-06 11:13:27', 'chocolatte-milkshake', 19, 0),
(17, 'Banana Milkshake', 'Jdjwidijwfff', 20000, 0, 20000, 1000, 91, 'produk_1625544885.jpeg', '2021-07-06 11:14:45', 'banana-milkshake', 19, 0),
(18, 'Strawberry Milkshake', 'Jfj3jdjjwjsjdeds', 23000, 0, 23000, 1000, 102, 'produk_1625544981.jpeg', '2021-07-06 11:16:21', 'strawberry-milkshake', 19, 0),
(19, 'Bajigur', 'Jfjejfiidiff', 15000, 20, 12000, 1000, 84, 'produk_1625545046.jpeg', '2021-07-06 11:17:26', 'bajigur', 20, 0),
(20, 'Wedang Jahe', 'Jdj3jdjwiididir', 15000, 20, 12000, 1000, 100, 'produk_1625545110.jpg', '2021-07-06 11:18:30', 'wedang-jahe', 20, 0),
(21, 'Kopi Tradisional', 'Jfjejei3iwed', 15000, 0, 15000, 1000, 119, 'produk_1625545205.jpeg', '2021-07-06 11:20:05', 'kopi-tradisional', 20, 0);

-- --------------------------------------------------------

--
-- Struktur dari tabel `produk_poin`
--

CREATE TABLE `produk_poin` (
  `id` int(11) NOT NULL,
  `nama_produk` varchar(200) NOT NULL,
  `deskripsi_produk` text NOT NULL,
  `harga_produk` int(11) NOT NULL,
  `berat_produk` int(11) NOT NULL,
  `gambar_produk` varchar(200) NOT NULL,
  `kategori_produk` int(1) NOT NULL,
  `status` int(1) NOT NULL,
  `tgl_buat` datetime DEFAULT NULL
) ENGINE=MyISAM DEFAULT CHARSET=utf8;

--
-- Dumping data untuk tabel `produk_poin`
--

INSERT INTO `produk_poin` (`id`, `nama_produk`, `deskripsi_produk`, `harga_produk`, `berat_produk`, `gambar_produk`, `kategori_produk`, `status`, `tgl_buat`) VALUES
(2, 'Kopi Tradisional', 'wkwkkkww   fgdh', 100, 1000, 'produk_1625849613.jpeg', 0, 1, '2021-07-09 23:53:33'),
(3, 'Pulsa Rp.5.000', 'sadf dsgsg dsffg', 50, 0, 'produk_1625849651.jpeg', 0, 1, '2021-07-09 23:54:11'),
(4, 'Pulsa 100k', '  rtdffg sdffg sdfg sdfsg ', 1000, 0, 'produk_1625849697.jpeg', 0, 1, '2021-07-09 23:54:57');

-- --------------------------------------------------------

--
-- Struktur dari tabel `produk_rekomendasi`
--

CREATE TABLE `produk_rekomendasi` (
  `id` int(11) NOT NULL,
  `id_produk` int(11) NOT NULL,
  `urutan` int(11) NOT NULL
) ENGINE=MyISAM DEFAULT CHARSET=utf8;

--
-- Dumping data untuk tabel `produk_rekomendasi`
--

INSERT INTO `produk_rekomendasi` (`id`, `id_produk`, `urutan`) VALUES
(1, 21, 1),
(7, 1, 1),
(9, 7, 1);

-- --------------------------------------------------------

--
-- Struktur dari tabel `produk_terjual`
--

CREATE TABLE `produk_terjual` (
  `id` int(11) NOT NULL,
  `id_produk` int(11) NOT NULL,
  `terjual` int(11) NOT NULL,
  `tgl_buat` datetime DEFAULT NULL
) ENGINE=MyISAM DEFAULT CHARSET=utf8;

--
-- Dumping data untuk tabel `produk_terjual`
--

INSERT INTO `produk_terjual` (`id`, `id_produk`, `terjual`, `tgl_buat`) VALUES
(1, 21, 3, '2021-07-14 22:25:19'),
(2, 6, 4, '2021-07-14 22:38:29'),
(3, 4, 2, '2021-07-14 22:38:29'),
(4, 3, 2, '2021-07-14 22:52:33'),
(5, 8, 1, '2021-07-14 22:53:39'),
(6, 1, 3, '2021-07-14 23:42:46'),
(7, 21, 3, '2021-07-15 00:54:44'),
(8, 4, 2, '2021-07-15 08:09:29'),
(9, 1, 3, '2021-07-15 08:09:29'),
(10, 9, 2, '2021-07-15 08:09:29'),
(11, 2, 2, '2021-07-15 08:09:29'),
(12, 9, 1, '2021-07-21 09:42:39'),
(13, 10, 2, '2021-07-21 09:42:39'),
(14, 6, 1, '2021-07-21 09:42:39'),
(15, 12, 1, '2021-07-21 09:42:39'),
(16, 19, 6, '2021-07-21 09:42:39'),
(17, 4, 2, '2021-07-21 10:27:34'),
(18, 2, 2, '2021-07-21 10:27:34'),
(19, 3, 2, '2021-07-23 09:16:40'),
(20, 19, 6, '2021-07-23 09:16:40'),
(21, 2, 2, '2021-07-23 09:56:51'),
(22, 4, 1, '2021-07-23 09:56:51'),
(23, 15, 2, '2021-07-23 10:45:03'),
(24, 7, 3, '2021-07-23 17:13:57'),
(25, 1, 3, '2021-07-23 20:35:17'),
(26, 4, 1, '2021-07-23 20:47:39'),
(27, 2, 2, '2021-07-24 00:53:13'),
(28, 2, 2, '2021-07-25 10:09:14'),
(29, 19, 6, '2021-07-25 10:14:15'),
(30, 4, 1, '2021-07-25 10:14:15'),
(31, 1, 3, '2021-07-28 08:34:51'),
(32, 2, 2, '2021-07-28 08:34:51'),
(33, 10, 2, '2021-07-28 08:48:07'),
(34, 21, 1, '2021-07-28 08:48:07'),
(35, 3, 2, '2021-07-28 08:49:00'),
(36, 3, 2, '2021-07-28 22:46:30'),
(37, 6, 1, '2021-07-28 22:46:30'),
(38, 4, 1, '2021-07-28 23:26:31'),
(39, 3, 2, '2021-07-29 23:52:09'),
(40, 3, 2, '2021-07-30 00:06:32'),
(41, 19, 6, '2021-07-30 00:07:00'),
(42, 1, 3, '2021-07-30 00:55:00'),
(43, 4, 1, '2021-07-30 00:55:00'),
(44, 17, 2, '2021-07-30 01:03:16'),
(45, 2, 2, '2021-07-30 01:05:56'),
(46, 23, 2, '2021-07-30 13:18:02'),
(47, 3, 2, '2021-07-31 07:14:32'),
(48, 19, 3, '2021-07-31 07:14:32'),
(49, 17, 2, '2021-07-31 07:14:32'),
(50, 3, 2, '2021-08-14 09:03:23'),
(51, 4, 0, '2021-08-14 09:14:32'),
(52, 19, 0, '2021-08-14 09:14:32'),
(53, 19, 1, '2021-09-05 15:23:05'),
(54, 17, 1, '2021-09-05 15:23:05'),
(55, 3, 1, '2021-09-05 15:26:17'),
(56, 4, 1, '2021-09-05 15:26:17');

-- --------------------------------------------------------

--
-- Struktur dari tabel `provinsi`
--

CREATE TABLE `provinsi` (
  `id` int(11) NOT NULL,
  `nama` varchar(225) NOT NULL
) ENGINE=MyISAM DEFAULT CHARSET=utf8;

--
-- Dumping data untuk tabel `provinsi`
--

INSERT INTO `provinsi` (`id`, `nama`) VALUES
(1, 'Bali'),
(2, 'Bangka Belitung'),
(3, 'Banten'),
(4, 'Bengkulu'),
(5, 'DI Yogyakarta'),
(6, 'DKI Jakarta'),
(7, 'Gorontalo'),
(8, 'Jambi'),
(9, 'Jawa Barat'),
(10, 'Jawa Tengah'),
(11, 'Jawa Timur'),
(12, 'Kalimantan Barat'),
(13, 'Kalimantan Selatan'),
(14, 'Kalimantan Tengah'),
(15, 'Kalimantan Timur'),
(16, 'Kalimantan Utara'),
(17, 'Kepulauan Riau'),
(18, 'Lampung'),
(19, 'Maluku'),
(20, 'Maluku Utara'),
(21, 'Nanggroe Aceh Darussalam (NAD)'),
(22, 'Nusa Tenggara Barat (NTB)'),
(23, 'Nusa Tenggara Timur (NTT)'),
(24, 'Papua'),
(25, 'Papua Barat'),
(26, 'Riau'),
(27, 'Sulawesi Barat'),
(28, 'Sulawesi Selatan'),
(29, 'Sulawesi Tengah'),
(30, 'Sulawesi Tenggara'),
(31, 'Sulawesi Utara'),
(32, 'Sumatera Barat'),
(33, 'Sumatera Selatan'),
(34, 'Sumatera Utara');

-- --------------------------------------------------------

--
-- Struktur dari tabel `qrcode`
--

CREATE TABLE `qrcode` (
  `id` bigint(20) NOT NULL,
  `param` varchar(100) NOT NULL
) ENGINE=MyISAM DEFAULT CHARSET=utf8;

--
-- Dumping data untuk tabel `qrcode`
--

INSERT INTO `qrcode` (`id`, `param`) VALUES
(1, 'd-ai-ateamkaoihnnordln-');

-- --------------------------------------------------------

--
-- Struktur dari tabel `rekening_toko`
--

CREATE TABLE `rekening_toko` (
  `id` int(11) NOT NULL,
  `bank` varchar(50) NOT NULL,
  `norek` varchar(50) NOT NULL,
  `atas_nama` varchar(100) NOT NULL
) ENGINE=MyISAM DEFAULT CHARSET=utf8;

--
-- Dumping data untuk tabel `rekening_toko`
--

INSERT INTO `rekening_toko` (`id`, `bank`, `norek`, `atas_nama`) VALUES
(1, 'BCA', '63667746666454', 'Adam'),
(4, 'Mandiri', '12345678', 'Idris'),
(7, 'BRI', '07832452436', 'Aldo Bareto');

-- --------------------------------------------------------

--
-- Struktur dari tabel `role`
--

CREATE TABLE `role` (
  `id` int(11) NOT NULL,
  `role` varchar(20) NOT NULL,
  `redirect` varchar(128) NOT NULL
) ENGINE=MyISAM DEFAULT CHARSET=utf8;

--
-- Dumping data untuk tabel `role`
--

INSERT INTO `role` (`id`, `role`, `redirect`) VALUES
(1, 'Super Admin', 'dashboard'),
(2, 'Customer', 'base_url'),
(58, 'Admin', 'dashboard');

-- --------------------------------------------------------

--
-- Struktur dari tabel `role_menu`
--

CREATE TABLE `role_menu` (
  `id` int(11) NOT NULL,
  `menu_id` int(11) NOT NULL,
  `role_id` int(11) NOT NULL
) ENGINE=MyISAM DEFAULT CHARSET=utf8;

--
-- Dumping data untuk tabel `role_menu`
--

INSERT INTO `role_menu` (`id`, `menu_id`, `role_id`) VALUES
(109, 77, 1),
(111, 79, 1),
(119, 7, 60),
(88, 22, 1),
(87, 21, 1),
(116, 20, 1),
(85, 7, 1),
(100, 7, 58),
(114, 17, 1),
(103, 73, 58),
(115, 18, 1),
(120, 73, 1),
(124, 24, 1),
(130, 89, 1),
(128, 87, 1),
(131, 90, 1),
(140, 92, 1);

-- --------------------------------------------------------

--
-- Struktur dari tabel `role_submenu`
--

CREATE TABLE `role_submenu` (
  `id` int(11) NOT NULL,
  `submenu_id` int(11) NOT NULL,
  `role_id` int(11) NOT NULL
) ENGINE=MyISAM DEFAULT CHARSET=utf8;

--
-- Dumping data untuk tabel `role_submenu`
--

INSERT INTO `role_submenu` (`id`, `submenu_id`, `role_id`) VALUES
(49, 68, 1),
(30, 44, 1),
(5, 21, 1),
(46, 66, 1),
(7, 48, 1),
(8, 47, 1),
(26, 20, 1),
(11, 17, 1),
(47, 67, 1),
(13, 18, 1),
(43, 64, 1),
(42, 62, 1),
(40, 60, 1),
(39, 57, 1),
(38, 59, 1),
(37, 58, 1),
(36, 56, 1),
(35, 53, 1),
(34, 55, 1),
(33, 54, 1),
(44, 63, 1);

-- --------------------------------------------------------

--
-- Struktur dari tabel `slider`
--

CREATE TABLE `slider` (
  `id` int(11) NOT NULL,
  `judul` varchar(128) NOT NULL,
  `gambar` varchar(300) NOT NULL
) ENGINE=MyISAM DEFAULT CHARSET=utf8;

--
-- Dumping data untuk tabel `slider`
--

INSERT INTO `slider` (`id`, `judul`, `gambar`) VALUES
(1, 'Slider 1', '1.jpg'),
(2, 'slider 2', '2.jpg'),
(3, 'Slider 3', '3.jpg');

-- --------------------------------------------------------

--
-- Struktur dari tabel `sub_menu`
--

CREATE TABLE `sub_menu` (
  `id` int(11) NOT NULL,
  `menu_id` int(11) NOT NULL,
  `title` varchar(128) NOT NULL,
  `icon` varchar(100) NOT NULL,
  `url` varchar(128) NOT NULL,
  `is_active` int(1) NOT NULL
) ENGINE=MyISAM DEFAULT CHARSET=utf8;

--
-- Dumping data untuk tabel `sub_menu`
--

INSERT INTO `sub_menu` (`id`, `menu_id`, `title`, `icon`, `url`, `is_active`) VALUES
(17, 20, 'Menu', 'fas fa-bars', 'sistem/menu', 1),
(18, 20, 'submenu', 'fas fa-bars', 'sistem/submenu', 1),
(20, 20, 'Role', 'fas fa-user-tag', 'sistem/role', 1),
(21, 24, 'Data User', 'fas fa-users', 'master/user', 1),
(67, 87, 'Pesanan Online', 'fas fa-cart-arrow-down', 'transaksi/online', 1),
(68, 77, 'Pesanan', 'fas fa-shopping-cart', 'laporan/pesanan', 1),
(66, 24, 'Poin User', 'fa fa-coins', 'master/poin', 1),
(44, 77, 'Produk Terjual', 'fas fa-box', 'laporan/produk-terjual', 1),
(47, 79, 'Rekening Toko', 'fas fa-credit-card', 'setting/bank-account', 1),
(48, 79, 'Slider', 'fas fa-images', 'setting/slider', 1),
(62, 79, 'general', 'fas fa-cog', 'setting/general', 1),
(53, 87, 'Pesanan Offline', 'fas fa-shopping-basket', 'transaksi/offline', 1),
(54, 87, 'Riwayat Pesanan', 'fas fa-cart-plus', 'transaksi/pesanan', 0),
(55, 87, 'Booking Tempat', 'fas fa-calendar-check', 'transaksi/booking', 1),
(56, 87, 'Penukaran Poin', 'fas fa-database', 'transaksi/poin', 1),
(57, 73, 'Produk Utama', 'fas fa-box', 'produk/utama', 1),
(58, 73, 'Produk Poin', 'fas fa-database', 'produk/poin', 1),
(59, 73, 'Rekomendasi', 'fas fa-star', 'produk/rekomendasi', 1),
(60, 73, 'Kategori Produk', 'fas fa-tags', 'produk/kategori', 1),
(63, 79, 'Alamat Toko', 'fas fa-map-marked-alt', 'setting/address', 1),
(64, 79, 'Email Config', 'fas fa-envelope', 'setting/email', 1);

-- --------------------------------------------------------

--
-- Struktur dari tabel `tukar_poin`
--

CREATE TABLE `tukar_poin` (
  `id` int(11) NOT NULL,
  `id_user` int(11) NOT NULL,
  `id_produk_poin` int(11) NOT NULL,
  `status` varchar(20) NOT NULL,
  `tgl_buat` datetime NOT NULL,
  `dihapus_customer` tinyint(1) NOT NULL,
  `dihapus_penjual` tinyint(1) NOT NULL
) ENGINE=MyISAM DEFAULT CHARSET=utf8;

--
-- Dumping data untuk tabel `tukar_poin`
--

INSERT INTO `tukar_poin` (`id`, `id_user`, `id_produk_poin`, `status`, `tgl_buat`, `dihapus_customer`, `dihapus_penjual`) VALUES
(1, 97, 2, 'selesai', '2021-07-14 23:45:14', 0, 0),
(2, 52, 3, 'selesai', '2021-07-29 23:23:56', 1, 0),
(3, 52, 2, 'selesai', '2021-07-29 23:24:10', 0, 0),
(4, 52, 3, 'selesai', '2021-07-29 23:24:22', 1, 1),
(5, 52, 2, 'selesai', '2021-07-29 23:48:49', 0, 1);

-- --------------------------------------------------------

--
-- Struktur dari tabel `ulasan`
--

CREATE TABLE `ulasan` (
  `id` int(11) NOT NULL,
  `id_pesanan` varchar(100) NOT NULL,
  `tgl_buat` datetime DEFAULT NULL
) ENGINE=MyISAM DEFAULT CHARSET=utf8;

--
-- Dumping data untuk tabel `ulasan`
--

INSERT INTO `ulasan` (`id`, `id_pesanan`, `tgl_buat`) VALUES
(1, '971626279465', '2021-07-14 23:54:47');

-- --------------------------------------------------------

--
-- Struktur dari tabel `ulasan_produk`
--

CREATE TABLE `ulasan_produk` (
  `id` int(11) NOT NULL,
  `id_produk` int(11) NOT NULL,
  `id_user` int(11) NOT NULL,
  `id_ulasan` int(11) NOT NULL,
  `id_item_pesanan` int(11) NOT NULL,
  `komentar` text NOT NULL,
  `rating` tinyint(1) NOT NULL,
  `tgl_buat` datetime DEFAULT NULL
) ENGINE=InnoDB DEFAULT CHARSET=utf8;

--
-- Dumping data untuk tabel `ulasan_produk`
--

INSERT INTO `ulasan_produk` (`id`, `id_produk`, `id_user`, `id_ulasan`, `id_item_pesanan`, `komentar`, `rating`, `tgl_buat`) VALUES
(1, 1, 97, 1, 7, 'mantap', 5, '2021-07-14 23:54:47'),
(2, 21, 52, 0, 9, 'wkwk', 4, '2021-07-15 01:40:21'),
(3, 21, 52, 0, 9, 'mantap', 5, '2021-07-15 08:24:48'),
(4, 21, 52, 0, 9, '', 5, '2021-07-15 08:26:24'),
(5, 21, 52, 0, 15, '', 2, '2021-07-15 08:27:13'),
(6, 21, 52, 0, 9, '', 3, '2021-07-15 08:27:21'),
(7, 4, 52, 0, 11, '', 5, '2021-07-15 08:32:37'),
(8, 21, 95, 0, 1, '', 3, '2021-07-15 08:35:29'),
(9, 6, 95, 0, 2, '', 5, '2021-07-15 08:35:37'),
(10, 4, 95, 0, 16, '', 1, '2021-07-15 08:35:43'),
(11, 9, 95, 0, 17, '', 2, '2021-07-15 08:35:49'),
(12, 4, 95, 0, 3, '', 2, '2021-07-15 08:36:23'),
(13, 8, 95, 0, 5, '', 3, '2021-07-15 08:36:35'),
(14, 21, 52, 0, 87, 'mantap', 5, '2021-07-29 22:44:22'),
(15, 1, 52, 0, 86, '', 4, '2021-07-29 22:45:50'),
(16, 2, 52, 0, 53, '', 5, '2021-07-29 22:51:53'),
(17, 7, 52, 0, 54, '', 4, '2021-07-29 22:52:06'),
(18, 1, 52, 0, 57, 'fgsdf', 4, '2021-07-29 22:54:42'),
(19, 4, 52, 0, 58, '', 5, '2021-07-29 22:56:29'),
(20, 2, 52, 0, 60, 'mantap', 5, '2021-07-30 11:08:26'),
(21, 2, 52, 0, 61, 'kemren', 4, '2021-07-30 11:08:40'),
(22, 2, 52, 0, 65, 'kurang kemren', 4, '2021-07-30 11:08:59');

-- --------------------------------------------------------

--
-- Struktur dari tabel `user`
--

CREATE TABLE `user` (
  `id` int(11) NOT NULL,
  `username` varchar(125) NOT NULL,
  `email` varchar(125) NOT NULL,
  `phone` varchar(15) NOT NULL,
  `password` varchar(300) NOT NULL,
  `avatar` varchar(200) NOT NULL,
  `is_active` int(10) NOT NULL,
  `role_id` int(10) NOT NULL,
  `created_at` datetime DEFAULT NULL
) ENGINE=MyISAM DEFAULT CHARSET=utf8;

--
-- Dumping data untuk tabel `user`
--

INSERT INTO `user` (`id`, `username`, `email`, `phone`, `password`, `avatar`, `is_active`, `role_id`, `created_at`) VALUES
(52, 'user', 'user@example.com', '0895336368076', '$2y$10$Ha1ohaad3qbGXPJjz5zP.el.4tl1hAp02OXoCQiYZ89AxbMDtg8Dy', 'avatar.png', 1, 2, '0000-00-00 00:00:00'),
(65, 'user3', 'user3@example.com', '', '$2y$10$uBQhHuEPSppoauDimrlLMeJGZiUiSQWusijBxSWGUsCKr/UqLFzbO', 'avatar.png', 1, 2, '0000-00-00 00:00:00'),
(105, 'Fedd', 'ajs@jd.com', '0561755', '$2y$10$8IbBxL.pWptzXFaj/kK/bu51ecJ535ZiqCmS3reBfbNFaVDb4HdZy', 'avatar.png', 0, 2, '2021-08-01 08:12:15'),
(36, 'Admin', 'admin@example.com', '', '$2y$10$8/rT3lcOLqKQQ.V1AVpMX.EJzeojOxRutN.LSGHVETMHtB9mOq0Zu', 'avatar.png', 1, 1, '0000-00-00 00:00:00'),
(63, 'user1', 'user1@example.com', '', '$2y$10$pA2e.LTb63D54gnNnMDqu.1QNdiFoxnbElqVRtQgbfPsD3U0J2M9i', 'avatar.png', 1, 2, '0000-00-00 00:00:00'),
(66, 'user5', 'user5@example.com', '', '$2y$10$AZiZ42.oronZgYF8iRxhxO/1h.tFlcIFdtv7/lpVRX6pX3FEB33AC', 'avatar.png', 1, 2, '0000-00-00 00:00:00'),
(67, 'userblokir', 'userblokir@example.com', '', '$2y$10$VIL/XLAHqAAmDAWiBilN6ee..hQdC4i7Jqpu2W3K5GRsXtzUMqjru', 'avatar.png', 0, 2, '0000-00-00 00:00:00'),
(95, 'asep', 'asep@gmail.com', '', '$2y$10$K4uKQZaSQ/dFlW9rqQl0CuT.rP6nee8TrP/YAVqsoQOLxDDJBFYYi', 'avatar.png', 1, 2, '2021-07-14 21:00:22'),
(70, 'user4', 'user4@example.com', '', '$2y$10$wSGKuoIjla1uA8rlJpyv5.zv69CT2e4/WHXwDvG3DB.C5MD05SGoa', 'avatar.png', 1, 2, '0000-00-00 00:00:00'),
(98, 'userfake', 'fakeuser@gmail.com', '083212312', '$2y$10$XBaIaT/DXybLGkwfZTDyt.LIFyIDUa2UK1dqMYPTEXSgyT92Nq7TC', 'avatar.png', 0, 2, '2021-07-18 17:40:01'),
(104, 'userbarud', 'email@example.comd', '', '$2y$10$6j4fmGW103ulD22rvjsvfO7M4oecThew/trsXNEM5xjWkwDNxsMYq', 'avatar.png', 1, 2, '2021-07-30 17:43:25'),
(102, 'asep434', 'usepfesbuk@gmail.com', '56463456', '$2y$10$tttH1lmg9ta0eQ3pxObJeODdl9t.1R/0T8Ger309dd673WuP6Cwhu', 'avatar.png', 1, 2, '2021-07-28 00:04:02');

-- --------------------------------------------------------

--
-- Struktur dari tabel `user_token`
--

CREATE TABLE `user_token` (
  `id` int(11) NOT NULL,
  `email` varchar(128) NOT NULL,
  `token` varchar(128) NOT NULL,
  `created_at` datetime DEFAULT NULL
) ENGINE=InnoDB DEFAULT CHARSET=utf8mb4;

--
-- Indexes for dumped tables
--

--
-- Indeks untuk tabel `bank`
--
ALTER TABLE `bank`
  ADD PRIMARY KEY (`code`);

--
-- Indeks untuk tabel `booking_tempat`
--
ALTER TABLE `booking_tempat`
  ADD PRIMARY KEY (`id_booking`);

--
-- Indeks untuk tabel `bukti_pembayaran`
--
ALTER TABLE `bukti_pembayaran`
  ADD PRIMARY KEY (`id_bukti_pembayaran`);

--
-- Indeks untuk tabel `item_pesanan`
--
ALTER TABLE `item_pesanan`
  ADD PRIMARY KEY (`id_item_pesanan`);

--
-- Indeks untuk tabel `kabupaten`
--
ALTER TABLE `kabupaten`
  ADD PRIMARY KEY (`id`);

--
-- Indeks untuk tabel `kategori`
--
ALTER TABLE `kategori`
  ADD PRIMARY KEY (`id_kategori`);

--
-- Indeks untuk tabel `kecamatan`
--
ALTER TABLE `kecamatan`
  ADD PRIMARY KEY (`id`);

--
-- Indeks untuk tabel `keranjang`
--
ALTER TABLE `keranjang`
  ADD PRIMARY KEY (`id_keranjang`);

--
-- Indeks untuk tabel `menu`
--
ALTER TABLE `menu`
  ADD PRIMARY KEY (`id`);

--
-- Indeks untuk tabel `notifikasi`
--
ALTER TABLE `notifikasi`
  ADD PRIMARY KEY (`id`);

--
-- Indeks untuk tabel `pengaturan`
--
ALTER TABLE `pengaturan`
  ADD PRIMARY KEY (`id`),
  ADD UNIQUE KEY `key` (`key`);

--
-- Indeks untuk tabel `pesanan`
--
ALTER TABLE `pesanan`
  ADD PRIMARY KEY (`id_pesanan`);

--
-- Indeks untuk tabel `poin`
--
ALTER TABLE `poin`
  ADD PRIMARY KEY (`id_poin`);

--
-- Indeks untuk tabel `produk`
--
ALTER TABLE `produk`
  ADD PRIMARY KEY (`id_produk`);

--
-- Indeks untuk tabel `produk_poin`
--
ALTER TABLE `produk_poin`
  ADD PRIMARY KEY (`id`);

--
-- Indeks untuk tabel `produk_rekomendasi`
--
ALTER TABLE `produk_rekomendasi`
  ADD PRIMARY KEY (`id`);

--
-- Indeks untuk tabel `produk_terjual`
--
ALTER TABLE `produk_terjual`
  ADD PRIMARY KEY (`id`);

--
-- Indeks untuk tabel `provinsi`
--
ALTER TABLE `provinsi`
  ADD PRIMARY KEY (`id`);

--
-- Indeks untuk tabel `qrcode`
--
ALTER TABLE `qrcode`
  ADD PRIMARY KEY (`id`);

--
-- Indeks untuk tabel `rekening_toko`
--
ALTER TABLE `rekening_toko`
  ADD PRIMARY KEY (`id`);

--
-- Indeks untuk tabel `role`
--
ALTER TABLE `role`
  ADD PRIMARY KEY (`id`);

--
-- Indeks untuk tabel `role_menu`
--
ALTER TABLE `role_menu`
  ADD PRIMARY KEY (`id`);

--
-- Indeks untuk tabel `role_submenu`
--
ALTER TABLE `role_submenu`
  ADD PRIMARY KEY (`id`);

--
-- Indeks untuk tabel `slider`
--
ALTER TABLE `slider`
  ADD PRIMARY KEY (`id`);

--
-- Indeks untuk tabel `sub_menu`
--
ALTER TABLE `sub_menu`
  ADD PRIMARY KEY (`id`);

--
-- Indeks untuk tabel `tukar_poin`
--
ALTER TABLE `tukar_poin`
  ADD PRIMARY KEY (`id`);

--
-- Indeks untuk tabel `ulasan`
--
ALTER TABLE `ulasan`
  ADD PRIMARY KEY (`id`);

--
-- Indeks untuk tabel `ulasan_produk`
--
ALTER TABLE `ulasan_produk`
  ADD PRIMARY KEY (`id`);

--
-- Indeks untuk tabel `user`
--
ALTER TABLE `user`
  ADD PRIMARY KEY (`id`);

--
-- Indeks untuk tabel `user_token`
--
ALTER TABLE `user_token`
  ADD PRIMARY KEY (`id`);

--
-- AUTO_INCREMENT untuk tabel yang dibuang
--

--
-- AUTO_INCREMENT untuk tabel `bank`
--
ALTER TABLE `bank`
  MODIFY `code` int(3) UNSIGNED ZEROFILL NOT NULL AUTO_INCREMENT, AUTO_INCREMENT=951;

--
-- AUTO_INCREMENT untuk tabel `booking_tempat`
--
ALTER TABLE `booking_tempat`
  MODIFY `id_booking` int(11) NOT NULL AUTO_INCREMENT, AUTO_INCREMENT=35;

--
-- AUTO_INCREMENT untuk tabel `bukti_pembayaran`
--
ALTER TABLE `bukti_pembayaran`
  MODIFY `id_bukti_pembayaran` int(11) NOT NULL AUTO_INCREMENT, AUTO_INCREMENT=36;

--
-- AUTO_INCREMENT untuk tabel `item_pesanan`
--
ALTER TABLE `item_pesanan`
  MODIFY `id_item_pesanan` int(11) NOT NULL AUTO_INCREMENT, AUTO_INCREMENT=124;

--
-- AUTO_INCREMENT untuk tabel `kabupaten`
--
ALTER TABLE `kabupaten`
  MODIFY `id` int(11) NOT NULL AUTO_INCREMENT, AUTO_INCREMENT=502;

--
-- AUTO_INCREMENT untuk tabel `kategori`
--
ALTER TABLE `kategori`
  MODIFY `id_kategori` int(11) NOT NULL AUTO_INCREMENT, AUTO_INCREMENT=29;

--
-- AUTO_INCREMENT untuk tabel `kecamatan`
--
ALTER TABLE `kecamatan`
  MODIFY `id` int(11) NOT NULL AUTO_INCREMENT, AUTO_INCREMENT=6871;

--
-- AUTO_INCREMENT untuk tabel `keranjang`
--
ALTER TABLE `keranjang`
  MODIFY `id_keranjang` int(11) NOT NULL AUTO_INCREMENT;

--
-- AUTO_INCREMENT untuk tabel `menu`
--
ALTER TABLE `menu`
  MODIFY `id` int(11) NOT NULL AUTO_INCREMENT, AUTO_INCREMENT=93;

--
-- AUTO_INCREMENT untuk tabel `notifikasi`
--
ALTER TABLE `notifikasi`
  MODIFY `id` int(11) NOT NULL AUTO_INCREMENT, AUTO_INCREMENT=90;

--
-- AUTO_INCREMENT untuk tabel `pengaturan`
--
ALTER TABLE `pengaturan`
  MODIFY `id` int(11) NOT NULL AUTO_INCREMENT, AUTO_INCREMENT=8;

--
-- AUTO_INCREMENT untuk tabel `poin`
--
ALTER TABLE `poin`
  MODIFY `id_poin` int(11) NOT NULL AUTO_INCREMENT, AUTO_INCREMENT=36;

--
-- AUTO_INCREMENT untuk tabel `produk`
--
ALTER TABLE `produk`
  MODIFY `id_produk` int(11) NOT NULL AUTO_INCREMENT, AUTO_INCREMENT=24;

--
-- AUTO_INCREMENT untuk tabel `produk_poin`
--
ALTER TABLE `produk_poin`
  MODIFY `id` int(11) NOT NULL AUTO_INCREMENT, AUTO_INCREMENT=6;

--
-- AUTO_INCREMENT untuk tabel `produk_rekomendasi`
--
ALTER TABLE `produk_rekomendasi`
  MODIFY `id` int(11) NOT NULL AUTO_INCREMENT, AUTO_INCREMENT=15;

--
-- AUTO_INCREMENT untuk tabel `produk_terjual`
--
ALTER TABLE `produk_terjual`
  MODIFY `id` int(11) NOT NULL AUTO_INCREMENT, AUTO_INCREMENT=57;

--
-- AUTO_INCREMENT untuk tabel `provinsi`
--
ALTER TABLE `provinsi`
  MODIFY `id` int(11) NOT NULL AUTO_INCREMENT, AUTO_INCREMENT=35;

--
-- AUTO_INCREMENT untuk tabel `qrcode`
--
ALTER TABLE `qrcode`
  MODIFY `id` bigint(20) NOT NULL AUTO_INCREMENT, AUTO_INCREMENT=2;

--
-- AUTO_INCREMENT untuk tabel `rekening_toko`
--
ALTER TABLE `rekening_toko`
  MODIFY `id` int(11) NOT NULL AUTO_INCREMENT, AUTO_INCREMENT=14;

--
-- AUTO_INCREMENT untuk tabel `role`
--
ALTER TABLE `role`
  MODIFY `id` int(11) NOT NULL AUTO_INCREMENT, AUTO_INCREMENT=65;

--
-- AUTO_INCREMENT untuk tabel `role_menu`
--
ALTER TABLE `role_menu`
  MODIFY `id` int(11) NOT NULL AUTO_INCREMENT, AUTO_INCREMENT=141;

--
-- AUTO_INCREMENT untuk tabel `role_submenu`
--
ALTER TABLE `role_submenu`
  MODIFY `id` int(11) NOT NULL AUTO_INCREMENT, AUTO_INCREMENT=54;

--
-- AUTO_INCREMENT untuk tabel `slider`
--
ALTER TABLE `slider`
  MODIFY `id` int(11) NOT NULL AUTO_INCREMENT, AUTO_INCREMENT=14;

--
-- AUTO_INCREMENT untuk tabel `sub_menu`
--
ALTER TABLE `sub_menu`
  MODIFY `id` int(11) NOT NULL AUTO_INCREMENT, AUTO_INCREMENT=70;

--
-- AUTO_INCREMENT untuk tabel `tukar_poin`
--
ALTER TABLE `tukar_poin`
  MODIFY `id` int(11) NOT NULL AUTO_INCREMENT, AUTO_INCREMENT=6;

--
-- AUTO_INCREMENT untuk tabel `ulasan`
--
ALTER TABLE `ulasan`
  MODIFY `id` int(11) NOT NULL AUTO_INCREMENT, AUTO_INCREMENT=2;

--
-- AUTO_INCREMENT untuk tabel `ulasan_produk`
--
ALTER TABLE `ulasan_produk`
  MODIFY `id` int(11) NOT NULL AUTO_INCREMENT, AUTO_INCREMENT=23;

--
-- AUTO_INCREMENT untuk tabel `user`
--
ALTER TABLE `user`
  MODIFY `id` int(11) NOT NULL AUTO_INCREMENT, AUTO_INCREMENT=106;

--
-- AUTO_INCREMENT untuk tabel `user_token`
--
ALTER TABLE `user_token`
  MODIFY `id` int(11) NOT NULL AUTO_INCREMENT;
COMMIT;

/*!40101 SET CHARACTER_SET_CLIENT=@OLD_CHARACTER_SET_CLIENT */;
/*!40101 SET CHARACTER_SET_RESULTS=@OLD_CHARACTER_SET_RESULTS */;
/*!40101 SET COLLATION_CONNECTION=@OLD_COLLATION_CONNECTION */;
